STN Code,Name of Monitoring Location,Type Water Body,State Name,Min Temperature,Max Temperature,Min Dissolved Oxygen,Max Dissolved Oxygen,Min pH,Max pH,Min Conductivity,Max Conductivity,Min BOD,Max BOD,Min Nitrate N + Nitrite N,Max Nitrate N + Nitrite N,Min Fecal Coliform,Max Fecal Coliform,Min Total Coliform,Max Total Coliform,year,station_id
1790.0,"PULICATE LAKE , NELLORE DIST.",LAKE,ANDHRA PRADESH,27.0,28.0,5.1,6.9,7.1,8.5,3270.0,156600.0,1.0,2.3,0.65,6.9,2.0,2.0,800.0,1600.0,2017,"PULICATE LAKE , NELLORE DIST."
2353.0,"KONDACHARLA-AAVA LAKE, PARAWADA PHARMA CITY, VISHAKHAPATNAM, A.P",LAKE,ANDHRA PRADESH,24.0,28.0,5.9,6.8,6.9,8.4,597.0,1034.0,1.3,2.3,1.16,3.36,11.0,29.0,350.0,2400.0,2017,"KONDACHARLA-AAVA LAKE, PARAWADA PHARMA CITY, VISHAKHAPATNAM, A.P"
2205.0,"MER BEEL AT MADHABPUR, ASSAM",LAKE,ASSAM,20.0,27.0,2.2,7.2,5.7,7.0,50.0,128.0,1.0,16.2,0.1,1.7,300.0,2000.0,360.0,6400.0,2017,"MER BEEL AT MADHABPUR, ASSAM"
2206.0,"DALONI BEEL NEAR JOGIGHOPA, ASSAM",LAKE,ASSAM,22.0,36.0,5.1,6.0,6.6,7.8,54.0,153.0,0.9,2.8,0.1,1.4,300.0,1200.0,300.0,5300.0,2017,"DALONI BEEL NEAR JOGIGHOPA, ASSAM"
1263.0,"ELANGABEEL SYSTEM POND (CONNECTED TO R. KOLANG), ASSAM",POND,ASSAM,22.0,34.0,0.7,4.6,6.8,8.4,263.0,972.0,4.5,14.7,0.8,5.7,1100.0,3500.0,730.0,21000.0,2017,"ELANGABEEL SYSTEM POND (CONNECTED TO R. KOLANG), ASSAM"
2207.0,"BOR BEEL AT JAKAI., ASSAM",POND,ASSAM,20.0,35.0,3.5,6.8,6.1,7.3,26.0,235.0,2.2,18.1,0.5,1.9,300.0,2100.0,360.0,29000.0,2017,"BOR BEEL AT JAKAI., ASSAM"
2208.0,"BORPUKHURI, NAZIRA, ASSAM",POND,ASSAM,18.0,31.0,5.0,7.3,5.8,7.6,25.0,38.0,2.0,3.2,0.1,2.5,360.0,1500.0,300.0,15000.0,2017,"BORPUKHURI, NAZIRA, ASSAM"
2209.0,"GAURISAGAR TANK, GAURISAGAR, ASSAM",POND,ASSAM,20.0,32.0,5.2,8.1,5.6,7.8,23.0,38.0,1.9,4.1,0.1,1.7,360.0,2800.0,360.0,21000.0,2017,"GAURISAGAR TANK, GAURISAGAR, ASSAM"
2210.0,"RAJMAW PUKHURI, JORHAT, ASSAM",POND,ASSAM,21.0,32.0,5.1,6.5,6.7,7.4,45.0,81.0,1.1,4.8,0.1,1.9,300.0,1500.0,300.0,4400.0,2017,"RAJMAW PUKHURI, JORHAT, ASSAM"
2211.0,"PADUMPUKHURI, TEZPUR, ASSAM",POND,ASSAM,22.0,30.0,7.2,8.3,7.1,9.1,195.0,264.0,3.8,12.7,0.9,3.4,300.0,720.0,300.0,4400.0,2017,"PADUMPUKHURI, TEZPUR, ASSAM"
2212.0,"GOPHUR TANK, GOPHUR, ASSAM",POND,ASSAM,20.0,30.0,7.4,9.2,6.8,7.8,64.0,92.0,2.8,6.2,0.2,1.2,360.0,2000.0,360.0,3600.0,2017,"GOPHUR TANK, GOPHUR, ASSAM"
2213.0,"JAIPAL PUKHURI, SIPAJHAR, ASSAM",POND,ASSAM,20.0,31.0,7.0,8.3,7.2,8.8,26.0,246.0,4.5,18.8,0.7,2.1,300.0,910.0,360.0,1500.0,2017,"JAIPAL PUKHURI, SIPAJHAR, ASSAM"
2214.0,"BOTODRIVA SATRA POND, NAGAON, ASSAM",POND,ASSAM,23.0,38.0,2.6,8.0,6.1,7.2,26.0,44.0,3.3,18.9,0.2,1.3,300.0,2000.0,910.0,4400.0,2017,"BOTODRIVA SATRA POND, NAGAON, ASSAM"
2215.0,"SARAN BEEL, ASSAM",POND,ASSAM,23.0,34.0,1.2,5.9,5.9,7.8,8.0,79.0,1.2,4.8,0.5,1.7,300.0,2100.0,910.0,29000.0,2017,"SARAN BEEL, ASSAM"
2216.0,"DIGHALI PUKHURI, GUWAHATI, ASSAM",POND,ASSAM,23.0,32.0,6.4,10.5,7.7,9.2,153.0,220.0,3.0,15.5,0.8,2.9,300.0,1500.0,360.0,4400.0,2017,"DIGHALI PUKHURI, GUWAHATI, ASSAM"
2217.0,"SUBHAGYA KUNDA POND KAMAKHYA TEMPLE, GUWAHATI, ASSAM",POND,ASSAM,19.0,31.0,3.7,9.9,6.7,7.9,282.0,417.0,2.8,6.2,1.6,3.0,700.0,21000.0,360.0,240000.0,2017,"SUBHAGYA KUNDA POND KAMAKHYA TEMPLE, GUWAHATI, ASSAM"
2218.0,"DEEPAR BEEL AT BORAGAON NEAR IASST, GUWAHATI, ASSAM",POND,ASSAM,21.0,31.0,4.5,12.4,6.2,9.6,122.0,313.0,2.4,7.2,0.7,18.72,300.0,2000.0,730.0,3600.0,2017,"DEEPAR BEEL AT BORAGAON NEAR IASST, GUWAHATI, ASSAM"
2219.0,"BISHNU PUSKAR PUKHURI OF HAYAGRIB MADHAB TEMPLE, HAJO, ASSAM",POND,ASSAM,22.0,34.0,1.9,15.1,6.6,8.5,190.0,237.0,4.2,14.2,0.7,1.8,300.0,1500.0,910.0,21000.0,2017,"BISHNU PUSKAR PUKHURI OF HAYAGRIB MADHAB TEMPLE, HAJO, ASSAM"
2220.0,"CHAND DUBI BEEL, CHAND DUBI, ASSAM",POND,ASSAM,22.0,34.0,5.2,8.5,5.5,7.3,26.0,48.0,1.6,2.9,0.7,4.5,300.0,730.0,360.0,2700.0,2017,"CHAND DUBI BEEL, CHAND DUBI, ASSAM"
2221.0,"GANGA PUKHURI, NALBARI (GORDON SCHOOL), ASSAM",POND,ASSAM,23.0,35.0,3.9,10.8,6.7,7.8,50.0,176.0,2.2,4.8,0.3,1.4,300.0,2700.0,300.0,12000.0,2017,"GANGA PUKHURI, NALBARI (GORDON SCHOOL), ASSAM"
2222.0,"RAJADINIA PUKHURI AT ABHAYAPURI, ASSAM",POND,ASSAM,23.0,36.0,4.5,5.7,6.1,7.9,24.0,28.0,1.0,7.6,0.1,1.4,300.0,730.0,360.0,2400.0,2017,"RAJADINIA PUKHURI AT ABHAYAPURI, ASSAM"
2223.0,"MAHAMAYA MANDIR PUKHURI, ASSAM",POND,ASSAM,22.0,35.0,4.7,5.9,6.4,7.6,27.0,58.0,1.4,6.1,1.0,4.1,300.0,3500.0,360.0,4400.0,2017,"MAHAMAYA MANDIR PUKHURI, ASSAM"
2224.0,"RAJAPUKHURI AT GAURIPUR, ASSAM",POND,ASSAM,23.0,36.0,4.6,5.7,6.7,7.4,31.0,94.0,1.1,7.9,0.8,5.1,300.0,2000.0,360.0,15000.0,2017,"RAJAPUKHURI AT GAURIPUR, ASSAM"
2225.0,"BASKANDI POND INSIDE THE BASKANDI MADRASA, BASKANDI, ASSAM",POND,ASSAM,22.0,27.0,4.7,5.8,6.7,7.6,63.0,136.0,2.8,8.1,0.2,1.4,300.0,1500.0,300.0,110000.0,2017,"BASKANDI POND INSIDE THE BASKANDI MADRASA, BASKANDI, ASSAM"
2226.0,"SIVASAGAR TANK (BORPUKHURI) NEAR SIVADOL, ASSAM",POND,ASSAM,17.0,32.0,5.3,6.7,6.1,8.1,24.0,42.0,1.7,4.2,0.1,1.1,300.0,2000.0,360.0,24000.0,2017,"SIVASAGAR TANK (BORPUKHURI) NEAR SIVADOL, ASSAM"
2227.0,"HORDAI PUKHURI, CHARAIDEW, ASSAM",POND,ASSAM,17.0,32.0,4.7,7.3,6.6,7.6,17.0,206.0,1.5,4.8,0.3,2.1,360.0,1100.0,360.0,7500.0,2017,"HORDAI PUKHURI, CHARAIDEW, ASSAM"
2228.0,"GALA BEEL AT DERGAON, ASSAM",POND,ASSAM,20.0,29.0,5.3,9.0,6.2,7.3,32.0,395.0,1.6,3.0,0.1,2.3,360.0,1100.0,360.0,21000.0,2017,"GALA BEEL AT DERGAON, ASSAM"
3772.0,BORPUKHURI AT SONARI,POND,ASSAM,21.0,31.0,4.5,7.0,6.4,7.5,26.0,77.0,2.2,3.0,1.1,1.8,300.0,360.0,360.0,1500.0,2017,BORPUKHURI AT SONARI
3809.0,JORPUKHURI AT UZANBAZAR (UGRATALA TEMPLE),POND,ASSAM,24.0,31.5,4.0,7.3,6.8,7.6,280.0,321.0,3.4,6.6,0.8,3.1,300.0,3600.0,910.0,29000.0,2017,JORPUKHURI AT UZANBAZAR (UGRATALA TEMPLE)
3806.0,POND WATER FROM RAMKRISHNA MISSION AT HAILAKANDI,POND,ASSAM,20.0,27.0,4.0,4.8,7.1,7.2,136.0,165.0,3.0,4.1,0.3,1.6,360.0,1400.0,360.0,2800.0,2017,POND WATER FROM RAMKRISHNA MISSION AT HAILAKANDI
1532.0,"*GOYSAGAR TANK, SIBSAGAR, ASSAM",TANK,ASSAM,18.0,31.0,5.2,7.2,5.9,7.8,21.0,36.0,1.4,3.0,0.1,1.8,300.0,620.0,360.0,2000.0,2017,"*GOYSAGAR TANK, SIBSAGAR, ASSAM"
2557.0,"KAWAR LAKE, BEGUSARAI, BIHAR",LAKE,BIHAR,19.0,32.0,5.4,8.0,7.2,7.9,222.0,325.0,2.1,2.8,0.0,0.0,7000.0,26000.0,15000.0,38000.0,2017,"KAWAR LAKE, BEGUSARAI, BIHAR"
2571.0,"MOTI JHEEL AT MOTIHARII, BIHAR",LAKE,BIHAR,18.0,34.0,6.2,7.9,7.0,8.0,275.0,1190.0,2.1,2.8,0.0,0.0,2100.0,14000.0,3100.0,24000.0,2017,"MOTI JHEEL AT MOTIHARII, BIHAR"
2573.0,"TIGHI TALAB AT GAYA, BIHAR",POND,BIHAR,18.0,34.0,6.2,9.5,7.1,8.1,340.0,748.0,2.6,3.2,0.0,0.0,1700.0,27000.0,3900.0,40000.0,2017,"TIGHI TALAB AT GAYA, BIHAR"
2574.0,"SURAJ KUND AT GAYA, BIHAR",POND,BIHAR,18.0,33.0,6.4,9.8,7.4,8.2,308.0,600.0,2.3,3.0,0.0,0.0,1700.0,21000.0,2700.0,32000.0,2017,"SURAJ KUND AT GAYA, BIHAR"
2046.0,"SUKHNA LAKE, CHANDIGARH",LAKE,CHANDIGARH,14.0,32.0,5.1,9.7,6.7,9.1,137.0,244.0,3.0,203.0,0.28,5.2,2.0,210000.0,2.0,540000.0,2017,"SUKHNA LAKE, CHANDIGARH"
3163.0,"HITKASA TAILING DAM, RAJHARA, CHHATISGARH.",LAKE,CHHATTISGARH,,,5.8,12.0,7.0,7.9,,,,,0.0,0.47,,,260.0,260.0,2017,"HITKASA TAILING DAM, RAJHARA, CHHATISGARH."
3164.0,"NEHRU NAGAR TALAB, BHILAI, CHHATISGARH.",POND,CHHATTISGARH,,,6.4,7.2,7.2,7.8,,,,,0.0,0.37,,,460.0,460.0,2017,"NEHRU NAGAR TALAB, BHILAI, CHHATISGARH."
1549.0,"SALAULIM LAKE AT SALAULIM - SANGUEM, GOA",LAKE,GOA,26.0,35.0,6.1,8.3,6.3,7.6,42.0,337.0,0.0,1.5,0.0,0.16,8.0,7900.0,2.0,13000.0,2017,"SALAULIM LAKE AT SALAULIM - SANGUEM, GOA"
2269.0,"MAYEM LAKE, BICHOLIM",LAKE,GOA,26.5,33.0,4.4,8.8,5.2,7.4,38.0,77.0,0.5,2.2,0.0,0.83,220.0,4900.0,260.0,9200.0,2017,"MAYEM LAKE, BICHOLIM"
3175.0,ANJUNEM LAKE,LAKE,GOA,27.0,32.5,6.1,9.1,6.2,7.9,43.0,100.0,0.4,2.0,0.01,0.42,8.0,130.0,2.0,540.0,2017,ANJUNEM LAKE
3176.0,RUMDER LAKE,LAKE,GOA,25.3,35.0,1.9,7.5,6.3,8.0,98.0,324.0,0.6,6.0,0.03,2.43,780.0,7900.0,1100.0,11000.0,2017,RUMDER LAKE
3177.0,CARAMBOLIM LAKE,LAKE,GOA,23.3,33.0,2.8,8.5,6.4,7.7,63.0,235.0,1.0,5.1,0.0,1.24,110.0,7900.0,140.0,22000.0,2017,CARAMBOLIM LAKE
3178.0,RAIA LAKE,LAKE,GOA,26.5,38.0,4.7,9.2,6.0,7.6,72.0,417.0,1.0,9.9,0.0,0.19,200.0,24000.0,450.0,35000.0,2017,RAIA LAKE
3179.0,SAIPEM LAKE,LAKE,GOA,26.0,31.5,0.0,7.8,6.4,7.8,289.0,380.0,1.1,12.0,0.0,11.57,35000.0,54000.0,54000.0,92000.0,2017,SAIPEM LAKE
3180.0,CURTORIM LAKE,LAKE,GOA,26.0,38.0,1.5,11.0,5.0,7.3,78.0,594.0,0.9,10.4,0.0,1.48,130.0,7900.0,230.0,13000.0,2017,CURTORIM LAKE
1343.0,"KANKORIA LAKE AT AHMEDABAD, NR. BALVATIKA, GUJARAT",LAKE,GUJARAT,25.0,39.0,4.2,11.6,8.4,9.1,2308.0,3479.0,30.0,87.0,0.19,0.41,9.0,48.0,48.0,540.0,2017,"KANKORIA LAKE AT AHMEDABAD, NR. BALVATIKA, GUJARAT"
1344.0,"CHANDOLA LAKE AT AHMEDABAD, GUJARAT",LAKE,GUJARAT,25.0,30.0,2.6,8.1,7.5,8.8,349.0,543.0,5.0,31.0,0.09,0.51,5.0,94.0,58.0,540.0,2017,"CHANDOLA LAKE AT AHMEDABAD, GUJARAT"
1345.0,"AJWAH LAKE AT SRI SAYAJI SABVAR, BARODA, GUJARAT",LAKE,GUJARAT,22.0,30.0,7.6,8.9,7.2,8.5,223.0,350.0,0.2,0.9,0.04,0.9,2.0,4.0,4.0,21.0,2017,"AJWAH LAKE AT SRI SAYAJI SABVAR, BARODA, GUJARAT"
1346.0,"SURSAGAR LAKE AT BARODA, GUJARAT",LAKE,GUJARAT,25.0,32.0,1.6,5.5,6.7,8.0,2630.0,3720.0,0.8,2.5,0.08,1.1,4.0,26.0,11.0,63.0,2017,"SURSAGAR LAKE AT BARODA, GUJARAT"
1972.0,"NALSAROVAR LAKE (SANAND), DIST.AHMEDABAD",LAKE,GUJARAT,26.0,30.0,5.0,9.3,7.7,9.4,298.0,26580.0,5.0,105.0,0.1,0.39,5.0,40.0,21.0,110.0,2017,"NALSAROVAR LAKE (SANAND), DIST.AHMEDABAD"
1973.0,"BINDUSAROVAR, SIDDHPUR (DIST.PATAN)",LAKE,GUJARAT,21.0,38.0,3.4,9.0,7.3,8.3,146.0,2991.0,4.1,540.0,0.03,6.48,4.0,49.0,9.0,84.0,2017,"BINDUSAROVAR, SIDDHPUR (DIST.PATAN)"
1975.0,"LAKHOTA TALAV, JAMNAGAR",LAKE,GUJARAT,22.0,29.0,4.1,7.2,6.6,8.8,420.0,860.0,4.1,10.8,0.01,0.38,2.0,9.0,2.0,24.0,2017,"LAKHOTA TALAV, JAMNAGAR"
1976.0,NARSIMEHTA TALAV- JUNAGADH,LAKE,GUJARAT,22.0,26.0,3.8,36.0,6.7,8.0,360.0,1980.0,3.1,108.0,0.0,0.36,7.0,8.0,14.0,22.0,2017,NARSIMEHTA TALAV- JUNAGADH
1977.0,CITY LAKE OF NADIAD,LAKE,GUJARAT,23.0,35.0,2.5,8.7,8.5,9.8,619.0,15521.0,1.9,87.0,0.24,8.2,4.0,26.0,21.0,63.0,2017,CITY LAKE OF NADIAD
1978.0,"RANJITNAGAR TALAV (HALOL), PANCHMAHALS",LAKE,GUJARAT,29.0,30.0,4.1,7.2,7.7,8.5,122.0,124.0,0.4,1.1,0.0,0.56,4.0,4.0,11.0,21.0,2017,"RANJITNAGAR TALAV (HALOL), PANCHMAHALS"
2075.0,"DHAROI DAM, DIST. MEHSANA.",LAKE,GUJARAT,26.0,31.0,5.2,9.2,7.5,8.3,226.0,450.0,1.5,2.7,0.04,0.08,2.0,7.0,2.0,33.0,2017,"DHAROI DAM, DIST. MEHSANA."
2076.0,ANKLESHWAR RESERVOIR AT GIDC ANKLESHWAR AT VALIA ROAD.,LAKE,GUJARAT,26.0,31.0,7.0,7.9,7.7,8.9,229.0,1770.0,1.0,1.2,0.06,0.27,8.0,23.0,26.0,49.0,2017,ANKLESHWAR RESERVOIR AT GIDC ANKLESHWAR AT VALIA ROAD.
2077.0,"MOTICHER LAKE NEAR KAKARPAR ATOMIC POWER STATION, DIST. SURAT.",LAKE,GUJARAT,27.0,33.0,6.1,7.4,7.3,8.2,300.0,476.0,1.0,1.9,0.0,0.92,12.0,79.0,38.0,120.0,2017,"MOTICHER LAKE NEAR KAKARPAR ATOMIC POWER STATION, DIST. SURAT."
2078.0,"KUWADAVA LAKE, VILL. KUWADAVA, DIST. RAJKOT.",LAKE,GUJARAT,24.0,28.0,5.7,7.7,7.0,8.0,209.0,1190.0,1.1,4.8,0.0,0.17,7.0,7.0,14.0,14.0,2017,"KUWADAVA LAKE, VILL. KUWADAVA, DIST. RAJKOT."
3197.0,"MACHHU-II DAM, RAFLESHWAR, MORBI, RAJKOT",LAKE,GUJARAT,24.0,36.0,5.3,7.8,7.4,8.2,344.0,2370.0,0.7,3.7,0.07,0.62,2.0,2.0,2.0,2.0,2017,"MACHHU-II DAM, RAFLESHWAR, MORBI, RAJKOT"
3198.0,"GOMTI LAKE, OPP, RANCHODAJI TEMPLE, DAKOR, KHEDA",LAKE,GUJARAT,24.0,37.0,2.0,20.0,7.3,8.2,325.0,621.0,0.7,2.7,0.04,0.86,4.0,26.0,11.0,70.0,2017,"GOMTI LAKE, OPP, RANCHODAJI TEMPLE, DAKOR, KHEDA"
3199.0,"HAMISAR TALAV, BHUJ",LAKE,GUJARAT,24.0,33.0,1.2,6.4,7.0,8.2,457.0,3200.0,0.7,11.0,0.71,11.8,4.0,9.0,7.0,24.0,2017,"HAMISAR TALAV, BHUJ"
3200.0,MOONSAR LAKE OF VIRAMGAM,LAKE,GUJARAT,27.0,30.0,0.5,9.7,8.4,9.1,1884.0,12150.0,21.0,124.0,0.18,0.53,11.0,43.0,43.0,220.0,2017,MOONSAR LAKE OF VIRAMGAM
3201.0,"MALAV TALAV, DHOLKA",LAKE,GUJARAT,26.0,30.0,1.6,9.5,8.6,9.1,2354.0,3102.0,17.0,57.0,0.18,0.35,7.0,25.0,26.0,170.0,2017,"MALAV TALAV, DHOLKA"
3202.0,VHERAIMATA TALAV AT ANAND,LAKE,GUJARAT,26.0,30.0,2.1,5.2,7.4,8.7,190.0,1268.0,1.2,8.0,0.0,0.58,2.0,17.0,11.0,50.0,2017,VHERAIMATA TALAV AT ANAND
1979.0,"OLPAD, VILLAGE POND:OLPAD, SURAT",POND,GUJARAT,25.0,34.0,5.1,7.0,7.1,8.1,360.0,1073.0,1.1,2.0,0.01,0.11,26.0,48.0,94.0,177.0,2017,"OLPAD, VILLAGE POND:OLPAD, SURAT"
2079.0,"DHUDHIA TALAV AT NAVSARI, DIST. NAVSARI.",POND,GUJARAT,24.0,32.0,6.0,7.4,4.6,8.2,326.0,552.0,0.9,2.3,0.03,0.09,17.0,542.0,41.0,542.0,2017,"DHUDHIA TALAV AT NAVSARI, DIST. NAVSARI."
1971.0,THOL TANK (KALOL) (DIST. MEHASANA),TANK,GUJARAT,26.0,30.0,4.2,10.0,7.4,8.3,221.0,422.0,6.0,29.0,0.05,80.0,2.0,70.0,11.0,170.0,2017,THOL TANK (KALOL) (DIST. MEHASANA)
1349.0,"BRAHMSAROVAR LAKE AT KURUKSHETRA, HARYANA",LAKE,HARYANA,,,5.7,8.8,6.9,8.8,165.0,557.0,0.8,2.8,0.0,0.04,170.0,1750.0,840.0,8400.0,2017,"BRAHMSAROVAR LAKE AT KURUKSHETRA, HARYANA"
1392.0,"SUKHNA LAKE, CHANDIGARH",LAKE,HARYANA,,,5.8,8.8,7.1,8.2,281.0,566.0,2.4,5.0,0.0,0.0,200.0,1200.0,1480.0,5800.0,2017,"SUKHNA LAKE, CHANDIGARH"
1291.0,"GOBINDSAGAR LAKE AT BILASPUR, H.P.",LAKE,HIMACHAL PRADESH,10.0,24.0,7.5,10.1,7.7,8.3,176.0,572.0,0.2,0.4,0.1,0.96,27.0,120.0,220.0,920.0,2017,"GOBINDSAGAR LAKE AT BILASPUR, H.P."
1292.0,"PONGDAM LAKE AT PONG VILLAGE, H.P.",LAKE,HIMACHAL PRADESH,13.5,20.0,6.3,8.5,7.4,8.4,172.0,352.0,0.1,0.8,0.04,1.45,5.0,13.0,170.0,280.0,2017,"PONGDAM LAKE AT PONG VILLAGE, H.P."
1429.0,"RENUKA LAKE , 35 KM FROM PATNA SAHIB NORTH , H.P",LAKE,HIMACHAL PRADESH,13.0,24.0,5.3,7.7,6.4,8.0,719.0,886.0,1.2,2.6,0.24,0.75,21.0,91.0,33.0,63.0,2017,"RENUKA LAKE , 35 KM FROM PATNA SAHIB NORTH , H.P"
2649.0,RIWALSAR LAKE,LAKE,HIMACHAL PRADESH,12.0,30.0,4.5,9.8,7.2,8.2,190.0,288.0,2.0,22.0,0.0,1.79,94.0,210.0,540.0,1600.0,2017,RIWALSAR LAKE
2650.0,KHAZIAR LAKE,LAKE,HIMACHAL PRADESH,7.9,15.1,5.9,6.3,6.8,7.7,69.0,133.0,2.8,8.0,0.0,1.53,17.0,38.0,540.0,950.0,2017,KHAZIAR LAKE
1309.0,"DAL LAKE AT SRINAGAR, J&K",LAKE,JAMMU & KASHMIR,3.6,27.0,5.2,10.0,7.2,8.5,112.0,231.0,1.0,2.1,,,,,,,2017,"DAL LAKE AT SRINAGAR, J&K"
2738.0,"MID POINT(MANSAR LAKE), J&K",LAKE,JAMMU & KASHMIR,10.0,26.0,6.9,8.6,7.3,8.0,154.0,264.0,2.3,6.0,0.01,0.54,,,,,2017,"MID POINT(MANSAR LAKE), J&K"
2739.0,"POINT OF DISCHARGE OF WASTE WATER FROM DIFFERENT ESTABLISHMENTS NEAR NAG TEMPLE, J&K",LAKE,JAMMU & KASHMIR,10.0,26.0,6.1,8.0,7.6,8.1,156.0,270.0,2.4,8.0,0.11,0.79,,,,,2017,"POINT OF DISCHARGE OF WASTE WATER FROM DIFFERENT ESTABLISHMENTS NEAR NAG TEMPLE, J&K"
2740.0,"MID POINT(SURINSAR LAKE), J&K",LAKE,JAMMU & KASHMIR,9.0,27.0,6.4,9.5,7.4,8.2,156.0,258.0,9.0,13.0,0.02,1.0,,,,,2017,"MID POINT(SURINSAR LAKE), J&K"
2741.0,"POINT OF DISCHARGE OF WASTE WATER FROM DIFFERENT ESTABLISHMENTS , J&K",LAKE,JAMMU & KASHMIR,9.0,27.0,6.2,9.1,7.7,8.3,145.0,262.0,6.0,21.0,0.02,1.2,,,,,2017,"POINT OF DISCHARGE OF WASTE WATER FROM DIFFERENT ESTABLISHMENTS , J&K"
3251.0,DAL LAKE AT DALGATE,LAKE,JAMMU & KASHMIR,3.2,27.8,2.0,8.4,7.1,8.1,110.0,368.0,1.1,4.8,,,,,,,2017,DAL LAKE AT DALGATE
3252.0,DAL LAKE AT CHAIRCHINARI,LAKE,JAMMU & KASHMIR,3.5,27.0,5.7,10.2,7.4,8.4,114.0,250.0,1.0,2.5,,,,,,,2017,DAL LAKE AT CHAIRCHINARI
3253.0,DAL LAKE NEAR NISHAT LAM,LAKE,JAMMU & KASHMIR,2.5,29.0,2.2,10.0,7.2,8.7,119.0,496.0,3.8,6.3,,,,,,,2017,DAL LAKE NEAR NISHAT LAM
3254.0,DAL LAKE AT ABIKARPORA,LAKE,JAMMU & KASHMIR,3.5,28.0,6.5,10.9,7.3,8.7,120.0,236.0,1.0,2.8,,,,,,,2017,DAL LAKE AT ABIKARPORA
3256.0,DAL LAKE AT ENTRY POINT OF TALIBAL NALLAH,LAKE,JAMMU & KASHMIR,7.5,28.0,5.0,11.0,7.2,8.2,119.0,407.0,1.3,5.3,,,,,,,2017,DAL LAKE AT ENTRY POINT OF TALIBAL NALLAH
3257.0,DAL LAKE AT HABAK,LAKE,JAMMU & KASHMIR,5.2,28.0,4.8,10.8,7.2,7.9,239.0,440.0,3.5,10.4,,,,,,,2017,DAL LAKE AT HABAK
3258.0,DAL LAKE AT HAZRATBAL,LAKE,JAMMU & KASHMIR,6.0,28.0,5.0,13.2,7.2,8.6,188.0,464.0,3.0,6.6,,,,,,,2017,DAL LAKE AT HAZRATBAL
3259.0,DAL LAKE AT DHOBIGHAT,LAKE,JAMMU & KASHMIR,5.4,28.0,4.5,11.7,7.2,8.7,168.0,352.0,2.0,6.5,,,,,,,2017,DAL LAKE AT DHOBIGHAT
3260.0,DAL LAKE AT SONALANK,LAKE,JAMMU & KASHMIR,3.3,28.0,6.2,10.5,7.4,8.3,130.0,342.0,1.0,3.0,,,,,,,2017,DAL LAKE AT SONALANK
3261.0,"DAL LAKE AT NISHAT, WATER INTAKE POINT OF NISHAT WATER TREATMENT PLANT",LAKE,JAMMU & KASHMIR,4.4,28.0,5.1,11.0,7.3,8.6,103.0,235.0,1.0,3.5,,,,,,,2017,"DAL LAKE AT NISHAT, WATER INTAKE POINT OF NISHAT WATER TREATMENT PLANT"
3262.0,"DAL LAKE AT NIGEEN, WATER INTAKE PT OF POKHRIBAL WATER TREATMENT PLANT",LAKE,JAMMU & KASHMIR,4.8,29.0,5.6,11.2,7.3,8.9,117.0,303.0,1.4,3.3,,,,,,,2017,"DAL LAKE AT NIGEEN, WATER INTAKE PT OF POKHRIBAL WATER TREATMENT PLANT"
3263.0,WULAR LAKE AT NINGLI NALLAH,LAKE,JAMMU & KASHMIR,6.5,23.3,3.6,9.5,7.6,8.0,110.0,282.0,1.3,2.6,,,,,,,2017,WULAR LAKE AT NINGLI NALLAH
3264.0,WULAR LAKE AT WATLAB,LAKE,JAMMU & KASHMIR,6.0,24.6,2.0,10.4,7.5,7.8,120.0,300.0,2.0,4.1,,,,,,,2017,WULAR LAKE AT WATLAB
3265.0,WULAR LAKE ATKANIBATH,LAKE,JAMMU & KASHMIR,6.0,23.0,3.0,9.6,7.4,8.0,115.0,230.0,1.6,6.1,,,,,,,2017,WULAR LAKE ATKANIBATH
3266.0,WULAR LAKE AT ENTRY PT OF ERIN NALLAH,LAKE,JAMMU & KASHMIR,5.8,27.6,4.3,8.6,7.4,8.0,120.0,240.0,1.8,4.7,,,,,,,2017,WULAR LAKE AT ENTRY PT OF ERIN NALLAH
2394.0,TOP CHACHI LAKE,LAKE,JHARKHAND,17.0,37.5,6.9,7.6,7.2,7.5,,,1.0,2.0,,,,,,,2017,TOP CHACHI LAKE
2398.0,"DIMNA LAKE, DIMNA",LAKE,JHARKHAND,11.5,32.0,7.5,8.2,6.7,7.8,210.0,292.0,0.2,6.4,0.6,1.2,,,,,2017,"DIMNA LAKE, DIMNA"
2393.0,"SHIV GANGA POND, DEOGHAR",POND,JHARKHAND,23.0,36.0,3.0,8.4,7.7,8.0,340.0,340.0,2.7,2.7,,,,,,,2017,"SHIV GANGA POND, DEOGHAR"
1388.0,"ULSOOR LAKE TRAINING CENTRE OF FISH BREEDING, KARNATAKA",LAKE,KARNATAKA,28.0,36.0,4.2,9.8,7.4,9.3,410.0,666.0,3.0,8.0,0.55,2.0,330.0,79000.0,1090.0,542000.0,2017,"ULSOOR LAKE TRAINING CENTRE OF FISH BREEDING, KARNATAKA"
1446.0,"HEBALLA VALLEY LAKE AT D-S ROAD BRIDGE NR. MANDYA, KARNATAKA",LAKE,KARNATAKA,23.0,27.0,4.0,6.4,7.6,8.4,496.0,1596.0,2.0,5.7,0.24,5.8,330.0,1700.0,2100.0,6300.0,2017,"HEBALLA VALLEY LAKE AT D-S ROAD BRIDGE NR. MANDYA, KARNATAKA"
3582.0,HEBBAL LAKE,LAKE,KARNATAKA,21.0,32.0,2.8,5.0,6.4,9.2,1203.0,2540.0,6.5,24.8,0.1,1.38,1100.0,2600.0,4700.0,7000.0,2017,HEBBAL LAKE
3583.0,KUKKARAHALLI LAKE,LAKE,KARNATAKA,24.0,32.0,5.2,7.5,7.4,9.5,526.0,950.0,4.0,9.0,0.2,0.68,920.0,1700.0,4600.0,6300.0,2017,KUKKARAHALLI LAKE
3584.0,DALAVAI LAKE,LAKE,KARNATAKA,24.0,30.0,1.1,3.2,7.0,8.6,754.0,1174.0,10.4,24.0,0.13,4.2,1700.0,4300.0,6300.0,8400.0,2017,DALAVAI LAKE
3585.0,YENNEHOLE LAKE,LAKE,KARNATAKA,25.0,34.0,1.2,3.4,7.2,8.6,733.0,1241.0,10.6,24.6,0.3,3.54,1700.0,2700.0,6300.0,8400.0,2017,YENNEHOLE LAKE
3586.0,LIMBHABUDI LAKE,LAKE,KARNATAKA,24.0,32.0,3.3,5.8,7.5,9.5,310.0,1334.0,4.2,15.6,0.15,0.63,930.0,2300.0,4700.0,6300.0,2017,LIMBHABUDI LAKE
3587.0,SHETTYKERE LAKE,LAKE,KARNATAKA,24.0,32.0,4.0,6.2,7.9,9.2,469.0,1109.0,4.0,10.8,0.24,0.6,920.0,2100.0,4600.0,6300.0,2017,SHETTYKERE LAKE
3591.0,KEMPAMBUDHI LAKE,LAKE,KARNATAKA,21.0,26.0,4.2,7.7,6.8,7.3,282.0,600.0,4.0,5.0,0.7,7.49,210.0,4900.0,1720.0,22100.0,2017,KEMPAMBUDHI LAKE
3592.0,YEDIYUR LAKE,LAKE,KARNATAKA,21.0,35.0,0.7,8.0,6.5,8.0,250.0,664.0,2.0,25.0,0.31,4.57,790.0,490000.0,3480.0,1090000.0,2017,YEDIYUR LAKE
3593.0,"ULSOOR LAKE TRAINING CENTRE OF FISH BREEDING, KARNATAKA",LAKE,KARNATAKA,27.0,36.0,4.2,9.8,6.9,9.3,330.0,666.0,3.0,8.0,0.41,2.0,270.0,79000.0,1090.0,542000.0,2017,"ULSOOR LAKE TRAINING CENTRE OF FISH BREEDING, KARNATAKA"
3601.0,KARIHOBANAHALLI LAKE,LAKE,KARNATAKA,25.0,34.0,1.0,7.0,6.6,7.5,1417.0,4960.0,6.6,62.0,2.7,11.0,11000.0,330000.0,109000.0,3480000.0,2017,KARIHOBANAHALLI LAKE
3602.0,BELLANDUR LAKE,LAKE,KARNATAKA,27.0,29.0,0.6,6.9,6.7,7.2,552.0,1406.0,4.0,45.0,1.0,4.9,70000.0,17200000.0,141000.0,54200000.0,2017,BELLANDUR LAKE
3608.0,VARTHUR LAKE,LAKE,KARNATAKA,28.0,33.0,1.8,4.9,6.8,10.9,644.0,1894.0,4.0,45.0,1.1,10.0,79000.0,3480000.0,348000.0,17200000.0,2017,VARTHUR LAKE
3610.0,TUBRAHALLI LAKE,LAKE,KARNATAKA,26.0,32.0,3.1,4.9,7.0,8.2,889.0,2210.0,8.0,42.0,0.85,4.4,2200.0,1300000.0,14100.0,3480000.0,2017,TUBRAHALLI LAKE
3611.0,KAIKONDANAHALLI LAKE,LAKE,KARNATAKA,27.0,29.0,4.1,6.8,7.2,9.0,582.0,1025.0,2.0,12.0,0.76,2.2,330.0,490000.0,3480.0,1410000.0,2017,KAIKONDANAHALLI LAKE
3612.0,AGARAM LAKE,LAKE,KARNATAKA,27.0,29.0,4.9,6.6,7.2,8.8,576.0,1528.0,2.0,11.0,0.6,2.4,490.0,210000.0,3480.0,1750000.0,2017,AGARAM LAKE
3613.0,GOTTEGRE LAKE,LAKE,KARNATAKA,29.0,29.0,,,7.1,7.1,1081.0,1081.0,45.0,45.0,2.0,2.0,2700.0,2700.0,14100.0,14100.0,2017,GOTTEGRE LAKE
3614.0,PUTTENAHALLI LAKE (S),LAKE,KARNATAKA,27.0,30.0,1.0,6.9,7.0,7.8,598.0,1719.0,4.5,12.0,1.0,15.0,2700.0,790000.0,34800.0,5420000.0,2017,PUTTENAHALLI LAKE (S)
3615.0,ARAKERE LAKE,LAKE,KARNATAKA,27.0,29.0,1.1,6.9,7.0,8.4,643.0,1727.0,5.0,11.6,1.0,2.3,1400.0,1720000.0,17200.0,5420000.0,2017,ARAKERE LAKE
3616.0,KALENA AGRAHARA LAKE,LAKE,KARNATAKA,28.0,30.0,2.7,6.5,6.8,8.4,251.0,1313.0,3.9,21.0,0.84,9.9,3300.0,330000.0,10900.0,1090000.0,2017,KALENA AGRAHARA LAKE
3617.0,HULIMAVU LAKE,LAKE,KARNATAKA,27.0,30.0,1.5,6.9,6.9,7.8,607.0,1726.0,4.0,16.0,0.8,14.6,1100.0,2600000.0,17200.0,22100000.0,2017,HULIMAVU LAKE
3618.0,SINGASANDRA LAKE,LAKE,KARNATAKA,25.3,29.0,1.5,6.2,6.8,8.7,544.0,1206.0,2.0,19.0,0.7,3.0,1400.0,120000.0,5420.0,1720000.0,2017,SINGASANDRA LAKE
3620.0,PARAPPANA AGRAHARA LAKE,LAKE,KARNATAKA,25.1,29.0,3.7,6.5,6.2,8.6,425.0,1179.0,3.0,12.0,1.0,3.3,700.0,790000.0,2210.0,1720000.0,2017,PARAPPANA AGRAHARA LAKE
3621.0,HARALAKUNTE LAKE,LAKE,KARNATAKA,25.0,29.0,5.0,6.9,6.4,8.7,588.0,1540.0,2.0,10.5,1.0,14.3,270.0,490000.0,2210.0,1720000.0,2017,HARALAKUNTE LAKE
3622.0,SOMASUNDRA PALYA LAKE,LAKE,KARNATAKA,25.2,29.0,3.3,5.8,6.7,8.5,547.0,1307.0,3.0,145.0,1.0,8.0,3300.0,790000.0,10900.0,5420000.0,2017,SOMASUNDRA PALYA LAKE
3624.0,PUTTENAHALLI LAKE,LAKE,KARNATAKA,27.0,30.0,0.3,5.9,6.5,7.3,218.0,2610.0,6.0,300.0,1.2,10.88,21000.0,3300000.0,120000.0,7900000.0,2017,PUTTENAHALLI LAKE
3625.0,HEBBAL LAKE,LAKE,KARNATAKA,27.0,30.0,3.5,10.2,6.8,7.8,552.0,1400.0,3.0,11.0,0.85,8.81,1700.0,700000.0,10900.0,1410000.0,2017,HEBBAL LAKE
3627.0,JAKKUR LAKE,LAKE,KARNATAKA,28.0,32.0,2.2,11.3,7.0,9.4,539.0,1832.0,4.0,24.0,0.32,11.6,1700.0,490000.0,7900.0,5420000.0,2017,JAKKUR LAKE
3644.0,MULBHAGAL LAKE,LAKE,KARNATAKA,23.0,35.0,2.5,6.4,7.0,8.9,224.0,3020.0,3.0,37.5,0.38,6.8,110.0,79000.0,1200.0,130000.0,2017,MULBHAGAL LAKE
3645.0,DEVARAYASAMUDRA LAKE,LAKE,KARNATAKA,23.0,35.0,1.1,6.3,6.6,9.4,185.0,1832.0,2.0,26.0,0.8,4.55,220.0,14000.0,3480.0,542000.0,2017,DEVARAYASAMUDRA LAKE
3646.0,NARASAPURA LAKE,LAKE,KARNATAKA,24.0,25.0,6.0,7.5,6.6,8.1,206.0,922.0,2.0,5.0,0.45,1.5,790.0,3300.0,3480.0,17200.0,2017,NARASAPURA LAKE
3647.0,HULEDANAHALLI LAKE,LAKE,KARNATAKA,24.0,25.0,6.4,6.6,6.8,7.0,155.0,155.0,2.0,4.0,2.0,4.1,490.0,4900.0,3480.0,54200.0,2017,HULEDANAHALLI LAKE
3649.0,BUGUDANAHALLI LAKE,LAKE,KARNATAKA,24.0,31.0,5.4,7.7,6.8,8.0,121.0,276.0,3.0,3.0,0.18,1.99,170.0,7900.0,1090.0,34800.0,2017,BUGUDANAHALLI LAKE
3559.0,HULLIGE TANK,TANK,KARNATAKA,23.0,31.0,6.4,8.0,7.1,8.1,255.0,760.0,,,0.0,0.19,240.0,1800.0,900.0,3200.0,2017,HULLIGE TANK
3560.0,MAVENAKERE,TANK,KARNATAKA,26.0,32.0,5.8,8.6,8.4,9.5,1257.0,3020.0,,,0.0,0.39,1000.0,9000.0,3200.0,16000.0,2017,MAVENAKERE
3561.0,HUNDIKERE (KOPPAL),TANK,KARNATAKA,23.0,31.0,6.0,8.2,7.1,8.4,298.0,891.0,,,0.0,0.19,240.0,2000.0,900.0,6400.0,2017,HUNDIKERE (KOPPAL)
3565.0,PILIKULA TANK,TANK,KARNATAKA,28.0,32.0,6.0,7.0,6.7,7.6,133.0,290.0,1.0,3.0,0.18,2.3,2.0,350.0,5.0,1600.0,2017,PILIKULA TANK
3588.0,KARANJIKERE,TANK,KARNATAKA,22.0,31.0,5.2,7.0,7.1,8.6,417.0,959.0,3.6,8.4,0.08,3.8,700.0,1700.0,4000.0,6300.0,2017,KARANJIKERE
3589.0,MADIWALA TANK,TANK,KARNATAKA,27.0,30.0,3.4,7.3,7.0,8.4,446.0,1236.0,2.5,15.0,0.8,10.2,1400.0,490000.0,13000.0,1300000.0,2017,MADIWALA TANK
3590.0,LALBAGH TANK,TANK,KARNATAKA,21.0,34.0,4.0,13.5,6.5,8.2,380.0,701.0,3.0,10.0,0.45,4.79,490.0,940000.0,2400.0,2210000.0,2017,LALBAGH TANK
3594.0,SANKEY TANK,TANK,KARNATAKA,25.0,28.0,5.0,7.5,6.6,8.2,411.0,684.0,3.0,10.0,0.5,3.0,2600.0,17000.0,10900.0,542000.0,2017,SANKEY TANK
3595.0,BYRASANDRA TANK,TANK,KARNATAKA,28.0,36.0,4.6,9.3,6.7,7.5,430.0,687.0,3.0,15.0,0.8,16.0,330.0,49000.0,700.0,348000.0,2017,BYRASANDRA TANK
3597.0,HESARAGHATTA TANK,TANK,KARNATAKA,24.0,28.0,4.5,7.1,6.9,8.0,109.0,1791.0,3.0,6.0,0.2,4.14,3300.0,27000.0,27800.0,172000.0,2017,HESARAGHATTA TANK
3598.0,HEROHALLI TANK,TANK,KARNATAKA,25.0,28.0,2.2,7.3,6.7,8.0,390.0,1267.0,3.0,4.0,1.0,3.99,2200.0,46000.0,10900.0,542000.0,2017,HEROHALLI TANK
3599.0,MADAVARA TANK,TANK,KARNATAKA,25.0,29.0,0.7,12.5,6.8,8.7,448.0,1610.0,3.0,150.0,1.0,9.0,230.0,220000.0,5420.0,1720000.0,2017,MADAVARA TANK
3600.0,SHIVAPURA TANK,TANK,KARNATAKA,25.0,34.0,0.4,7.0,6.7,7.7,1442.0,4950.0,5.0,125.0,2.02,13.0,330.0,490000.0,1410.0,2210000.0,2017,SHIVAPURA TANK
3603.0,VENGAIHNAKERE,TANK,KARNATAKA,27.0,33.0,3.7,6.4,7.0,7.6,648.0,1795.0,4.0,32.0,1.2,11.4,17000.0,46000000.0,12000.0,70000000.0,2017,VENGAIHNAKERE
3604.0,DODDANAKUNDI TANK,TANK,KARNATAKA,25.0,29.0,3.5,5.8,6.5,8.2,648.0,3340.0,3.0,29.0,0.9,4.15,11000.0,390000.0,79000.0,5420000.0,2017,DODDANAKUNDI TANK
3605.0,YELLAMALLAPPA TANK,TANK,KARNATAKA,26.0,32.0,3.9,4.6,6.8,7.6,641.0,2180.0,4.0,18.0,1.3,12.0,10900.0,3900000.0,13000.0,34500000.0,2017,YELLAMALLAPPA TANK
3606.0,DASARAHALLI TANK,TANK,KARNATAKA,25.0,29.0,3.5,14.6,6.7,9.0,304.0,1427.0,3.0,18.0,0.0,2.13,330.0,170000.0,790.0,1090000.0,2017,DASARAHALLI TANK
3619.0,BEGUR TANK,TANK,KARNATAKA,25.2,29.0,4.5,9.0,6.8,7.7,575.0,1550.0,2.0,45.0,0.68,2.5,2100.0,1300000.0,9400.0,3480000.0,2017,BEGUR TANK
3626.0,NAGAVARA TANK,TANK,KARNATAKA,28.0,35.0,4.6,9.5,6.8,7.5,546.0,1481.0,3.0,8.0,0.2,8.29,790.0,49000.0,3480.0,141000.0,2017,NAGAVARA TANK
3629.0,ALLASANDRA TANK,TANK,KARNATAKA,20.0,30.0,3.2,10.4,5.9,9.0,538.0,1557.0,3.0,30.0,0.1,11.42,260.0,490000.0,22000.0,3480000.0,2017,ALLASANDRA TANK
3630.0,YELAHANKA TANK,TANK,KARNATAKA,28.0,32.0,2.4,9.8,5.9,9.7,724.0,1299.0,4.0,23.0,0.76,7.0,490.0,172000.0,790.0,542000.0,2017,YELAHANKA TANK
3632.0,VEERAPURA TANK,TANK,KARNATAKA,22.0,28.0,5.0,8.0,6.6,8.0,369.0,1965.0,3.0,11.0,0.0,2.01,1700.0,220000.0,7900.0,1090000.0,2017,VEERAPURA TANK
3634.0,DEVARAKERE TANK,TANK,KARNATAKA,25.2,34.8,4.0,9.2,6.6,8.0,339.0,778.0,3.0,80.0,0.46,5.24,170.0,330000.0,5420.0,790000.0,2017,DEVARAKERE TANK
3635.0,MALATHAHALLI TANK,TANK,KARNATAKA,24.8,33.0,0.2,7.2,6.9,8.2,1147.0,2340.0,3.0,32.0,2.2,10.78,49000.0,7900000.0,79000.0,22100000.0,2017,MALATHAHALLI TANK
3637.0,BYRAMANGALA TANK,TANK,KARNATAKA,23.8,31.0,0.5,7.4,6.7,8.3,562.0,1747.0,3.6,20.0,0.0,19.4,17000.0,1700000.0,109000.0,7900000.0,2017,BYRAMANGALA TANK
3638.0,ANNAYAPPA TANK,TANK,KARNATAKA,23.0,26.0,4.1,8.2,7.1,7.6,252.0,317.0,3.0,4.0,0.59,1.58,26000.0,330000.0,172000.0,1090000.0,2017,ANNAYAPPA TANK
3639.0,KENGERI TANK,TANK,KARNATAKA,34.7,34.7,0.6,0.6,6.8,6.8,3030.0,3030.0,120.0,120.0,6.0,6.0,40000.0,40000.0,278000.0,278000.0,2017,KENGERI TANK
3640.0,UTTARAHALLI DORAIKERE,TANK,KARNATAKA,23.8,34.7,2.6,9.2,6.5,8.8,286.0,1318.0,3.0,138.0,0.6,5.7,220.0,940000.0,1300.0,3450000.0,2017,UTTARAHALLI DORAIKERE
3641.0,DHOREKERE,TANK,KARNATAKA,24.6,34.5,2.2,12.6,6.5,9.3,461.0,886.0,4.0,54.0,1.05,6.3,140.0,330000.0,1090.0,700000.0,2017,DHOREKERE
3643.0,BEENNIGANAHALLI TANK,TANK,KARNATAKA,24.0,29.0,3.1,5.1,6.6,7.7,771.0,3200.0,3.0,54.0,1.0,7.0,1100.0,49000000.0,7900.0,109000000.0,2017,BEENNIGANAHALLI TANK
3648.0,MYDALA,TANK,KARNATAKA,22.0,32.0,4.6,7.8,7.2,8.1,255.0,524.0,3.0,5.0,0.28,4.5,270.0,14000.0,5420.0,34800.0,2017,MYDALA
3650.0,MELEKOTE,TANK,KARNATAKA,24.0,31.0,0.8,6.4,7.0,8.2,804.0,2380.0,3.0,54.0,0.33,19.6,1100.0,109000.0,7900.0,542000.0,2017,MELEKOTE
3651.0,BHEEMSANDRA TANK,TANK,KARNATAKA,24.0,31.0,1.8,5.6,6.8,7.7,728.0,2290.0,3.0,93.0,2.1,19.78,1400.0,330000.0,10900.0,700000.0,2017,BHEEMSANDRA TANK
3653.0,DODDAKERE TANK,TANK,KARNATAKA,24.0,33.0,4.7,7.5,6.6,7.7,195.0,690.0,3.0,5.0,0.0,4.0,490.0,10900.0,790.0,34800.0,2017,DODDAKERE TANK
3654.0,GOTTIGERE LAKE,TANK,KARNATAKA,24.0,34.0,2.1,7.4,6.6,7.7,365.0,5510.0,3.0,58.0,0.27,8.0,210.0,79000.0,2400.0,542000.0,2017,GOTTIGERE LAKE
3659.0,MATHANA KERE,TANK,KARNATAKA,24.0,30.0,6.7,10.2,7.9,9.2,10.0,1300.0,3.0,6.0,0.2,0.6,390.0,7000.0,2100.0,24000.0,2017,MATHANA KERE
3660.0,HUNASINA KERE,TANK,KARNATAKA,24.0,31.0,6.8,8.9,7.9,9.1,10.0,1240.0,4.2,6.0,0.23,0.46,940.0,11000.0,2800.0,35000.0,2017,HUNASINA KERE
3661.0,KOKKANAGHATTADODDAKERE,TANK,KARNATAKA,24.0,29.0,6.2,8.4,7.6,8.9,620.0,1430.0,3.0,5.0,0.14,0.36,270.0,1100.0,2800.0,5400.0,2017,KOKKANAGHATTADODDAKERE
3668.0,SODHARAHALLIKERE,TANK,KARNATAKA,25.0,25.0,5.1,5.5,7.6,8.0,440.0,490.0,3.0,3.0,0.13,0.17,270.0,390.0,2200.0,2800.0,2017,SODHARAHALLIKERE
3669.0,SHELERAMANAHALLIKERE,TANK,KARNATAKA,25.0,26.0,5.4,52.0,7.7,8.0,400.0,440.0,2.0,2.0,0.12,0.13,210.0,380.0,2200.0,2800.0,2017,SHELERAMANAHALLIKERE
3677.0,SHARANABAWESHWARA KERE,TANK,KARNATAKA,26.0,30.0,6.0,7.2,7.2,8.8,992.0,2010.0,11.0,23.0,0.0,0.0,240.0,1000.0,900.0,3200.0,2017,SHARANABAWESHWARA KERE
3679.0,BHUTANALA LAKE,TANK,KARNATAKA,25.0,34.0,6.7,9.7,7.4,8.4,460.0,1380.0,0.5,39.0,0.8,2.62,110.0,1800.0,170.0,3200.0,2017,BHUTANALA LAKE
3680.0,KILLA LAKE,TANK,KARNATAKA,24.0,36.0,5.3,8.8,7.5,8.0,340.0,580.0,1.0,3.4,0.16,1.61,900.0,5000.0,1600.0,9000.0,2017,KILLA LAKE
3681.0,ANGOL MI TANL,TANK,KARNATAKA,24.0,32.0,1.4,8.4,6.5,9.1,480.0,5700.0,16.5,41.3,0.48,2.4,1800.0,9000.0,3200.0,16000.0,2017,ANGOL MI TANL
3682.0,KAKATI POND,TANK,KARNATAKA,24.0,33.0,5.8,10.4,8.1,9.1,400.0,5800.0,2.2,16.2,0.58,5.6,560.0,5000.0,1600.0,9000.0,2017,KAKATI POND
3683.0,HEREKERE,TANK,KARNATAKA,25.0,27.0,3.1,4.2,6.9,8.2,530.0,2210.0,23.1,165.5,0.51,6.01,275.0,900.0,1800.0,1800.0,2017,HEREKERE
3684.0,KELEGERE,TANK,KARNATAKA,26.0,28.0,7.1,7.4,7.7,9.6,972.0,1453.0,3.2,6.5,0.48,3.53,70.0,550.0,175.0,1800.0,2017,KELEGERE
3685.0,NAVALOORU LAKE,TANK,KARNATAKA,26.0,28.0,6.1,6.6,7.6,8.6,830.0,2460.0,4.4,14.1,0.86,2.58,20.0,550.0,110.0,1800.0,2017,NAVALOORU LAKE
3686.0,NIRASAGARAKERE,TANK,KARNATAKA,26.0,29.0,7.0,7.6,7.2,8.5,560.0,790.0,3.0,6.8,0.33,1.85,17.0,130.0,80.0,350.0,2017,NIRASAGARAKERE
3687.0,NUGGIKERE,TANK,KARNATAKA,25.0,28.0,6.1,6.9,7.6,9.0,696.0,1534.0,3.4,8.6,0.31,2.43,50.0,350.0,140.0,1800.0,2017,NUGGIKERE
3688.0,SUDANAKERE,TANK,KARNATAKA,27.0,28.0,6.3,7.6,7.3,9.4,566.0,1358.0,3.9,8.6,0.25,2.6,25.0,550.0,140.0,1800.0,2017,SUDANAKERE
3689.0,SOMESHWARAKERE,TANK,KARNATAKA,25.0,28.0,5.9,6.5,7.3,8.6,778.0,1230.0,4.7,13.7,0.12,3.63,130.0,900.0,550.0,1800.0,2017,SOMESHWARAKERE
3690.0,UNAKALKERE,TANK,KARNATAKA,26.0,29.0,6.6,7.3,7.6,8.5,1213.0,2050.0,3.6,8.0,0.69,4.42,110.0,1600.0,350.0,1800.0,2017,UNAKALKERE
3691.0,VIMANABHUTHIKERE,TANK,KARNATAKA,25.0,30.0,5.9,7.5,7.2,8.3,90.0,160.0,2.0,3.0,0.0,1.2,50.0,1300.0,140.0,3000.0,2017,VIMANABHUTHIKERE
3692.0,KUNDUVADAKERE,TANK,KARNATAKA,25.0,30.0,5.6,7.4,7.1,8.4,120.0,290.0,2.3,3.0,0.0,1.4,60.0,500.0,170.0,1600.0,2017,KUNDUVADAKERE
3693.0,BHATHIKERE,TANK,KARNATAKA,25.0,30.0,4.2,7.3,7.4,8.4,280.0,1520.0,5.0,112.0,0.0,6.3,1200.0,100000.0,3400.0,180000.0,2017,BHATHIKERE
3694.0,SHANTHISAGARKERE,TANK,KARNATAKA,26.0,34.0,5.5,7.6,7.6,8.3,130.0,204.0,2.5,4.0,0.0,0.35,460.0,2200.0,1400.0,5000.0,2017,SHANTHISAGARKERE
3695.0,KONDAGGIKERE,TANK,KARNATAKA,25.0,27.0,5.3,7.1,7.1,7.7,140.0,290.0,3.0,5.3,0.0,0.19,800.0,9000.0,2400.0,16000.0,2017,KONDAGGIKERE
3696.0,AIANAKERE,TANK,KARNATAKA,25.0,30.0,4.0,7.0,7.3,9.0,520.0,1940.0,16.0,360.0,0.0,4.8,44000.0,900000.0,90000.0,1600000.0,2017,AIANAKERE
3697.0,MATTADAKERE,TANK,KARNATAKA,24.5,27.0,2.0,5.4,7.7,8.3,350.0,490.0,5.0,9.0,0.0,1.93,1100.0,5000.0,3000.0,9000.0,2017,MATTADAKERE
1383.0,"ORUVATHILKOTTA LAKE, KERALA",LAKE,KERALA,30.0,33.0,4.0,6.6,6.6,6.9,387.0,733.0,3.0,14.0,0.0,1.2,650.0,1200.0,1640.0,3100.0,2017,"ORUVATHILKOTTA LAKE, KERALA"
1385.0,"SASTHAMCOTTA LAKE, KERALA",LAKE,KERALA,24.0,28.0,4.3,7.1,6.5,6.9,110.0,164.0,1.0,2.6,0.28,1.2,100.0,140.0,220.0,380.0,2017,"SASTHAMCOTTA LAKE, KERALA"
1441.0,"ASHTHAMUDI LAKE AT QUILON, KERALA",LAKE,KERALA,20.0,28.0,5.7,6.8,6.8,7.6,18796.0,30000.0,1.4,2.4,0.43,1.8,160.0,340.0,480.0,680.0,2017,"ASHTHAMUDI LAKE AT QUILON, KERALA"
1574.0,"PARAVUR, KERALA",LAKE,KERALA,23.0,30.0,5.3,7.2,6.9,7.6,20100.0,27000.0,1.2,2.8,0.41,1.8,120.0,320.0,400.0,580.0,2017,"PARAVUR, KERALA"
1575.0,"KOCHI (OIL TANKER JETTY), KERALA",LAKE,KERALA,27.0,33.0,3.2,7.9,6.7,8.0,1229.0,54170.0,0.6,3.9,0.24,1.23,310.0,17000.0,760.0,70000.0,2017,"KOCHI (OIL TANKER JETTY), KERALA"
1576.0,"THEKKADY, KERALA",LAKE,KERALA,26.0,28.0,1.5,7.4,6.7,7.5,34.0,81.0,0.1,0.4,0.0,2.35,2.0,800.0,2.0,2800.0,2017,"THEKKADY, KERALA"
1577.0,"KODUNGALLOOR, KERALA",LAKE,KERALA,27.0,30.0,4.5,7.0,6.8,7.9,1655.0,55450.0,0.7,3.7,0.23,0.78,400.0,94000.0,470.0,120000.0,2017,"KODUNGALLOOR, KERALA"
1578.0,"KAYAMKULAM, KERALA",LAKE,KERALA,28.0,29.5,3.2,7.8,7.2,7.8,1126.0,51200.0,0.9,4.1,0.0,0.58,100.0,400.0,240.0,630.0,2017,"KAYAMKULAM, KERALA"
1579.0,"ALAPPUZHA, KERALA",LAKE,KERALA,26.0,30.0,3.8,7.8,6.8,7.5,168.0,18500.0,1.0,6.0,0.05,0.5,140.0,340.0,240.0,640.0,2017,"ALAPPUZHA, KERALA"
1580.0,"POOKOTE, KERALA",LAKE,KERALA,27.1,28.4,5.1,6.9,6.3,8.0,25.0,33.0,0.5,2.1,0.05,0.18,4.0,32.0,8.0,108.0,2017,"POOKOTE, KERALA"
2312.0,LAKE VEMBANADU AT PATHIRAMANAL (ALAPPUZHA),LAKE,KERALA,26.0,29.5,4.8,8.8,6.9,7.7,182.0,22810.0,0.7,3.0,0.05,0.3,100.0,220.0,200.0,360.0,2017,LAKE VEMBANADU AT PATHIRAMANAL (ALAPPUZHA)
2318.0,PAZHASSI RESERVOIR (KANNUR),LAKE,KERALA,24.0,32.0,5.5,8.7,6.5,7.6,35.0,6052.0,0.2,2.7,0.06,0.57,4.0,560.0,40.0,1340.0,2017,PAZHASSI RESERVOIR (KANNUR)
2328.0,RSVR AT MALAMPUZHA,LAKE,KERALA,27.0,30.0,1.2,10.1,7.0,8.1,89.0,186.0,0.5,8.4,0.03,0.96,2.0,294.0,2.0,360.0,2017,RSVR AT MALAMPUZHA
2329.0,RSVR AT BHOOTHATHANKETU,LAKE,KERALA,26.0,29.7,6.6,7.8,6.5,7.1,22.0,40.0,0.7,1.8,0.02,600.73,150.0,6300.0,4.0,7900.0,2017,RSVR AT BHOOTHATHANKETU
2330.0,RSVR AT EDAMALAYAR,LAKE,KERALA,27.0,29.8,6.7,8.0,6.5,7.4,20.0,35.0,0.4,1.9,0.01,0.25,2.0,49000.0,17.0,79000.0,2017,RSVR AT EDAMALAYAR
3470.0,"VELLAYANI LAKE AT VANDITHADOM, THIRUVANANTHAPURAM",LAKE,KERALA,30.0,33.0,5.9,7.1,6.2,6.8,98.0,217.0,0.5,2.2,0.0,0.05,220.0,460.0,620.0,940.0,2017,"VELLAYANI LAKE AT VANDITHADOM, THIRUVANANTHAPURAM"
2325.0,POND AT (PADMANABHA) SREE PADMANABHA SWAMY TEMPLE (TVPM),POND,KERALA,30.0,33.0,5.9,6.8,6.6,8.3,79.0,210.0,1.3,2.0,0.0,0.5,110.0,270.0,320.0,510.0,2017,POND AT (PADMANABHA) SREE PADMANABHA SWAMY TEMPLE (TVPM)
3462.0,MANANCHIRA POND AT KOZHEKODE,POND,KERALA,21.0,32.0,5.5,8.2,7.0,8.2,77.0,110.0,0.0,1.8,0.0,0.31,2.0,500.0,2.0,900.0,2017,MANANCHIRA POND AT KOZHEKODE
1401.0,"POND NEAR JUMA MASJID, LAKSHAWDEEP",POND,LAKSHADWEEP,"28.7 
34.1",,"7.2 
9.7","382 
918",,,,,,,,,,,,,2017,"POND NEAR JUMA MASJID, LAKSHAWDEEP"
1373.0,"UPPER LAKE AT BHOPAL (INTAKE POINT), M.P.",LAKE,MADHYA PRADESH,18.0,29.0,7.5,8.3,7.6,8.4,223.0,292.0,1.5,19.9,0.0,3.82,2.0,2.0,90.0,1600.0,2017,"UPPER LAKE AT BHOPAL (INTAKE POINT), M.P."
1374.0,LOWER LAKE AT BHOPAL OUTLET M.P.,LAKE,MADHYA PRADESH,18.0,29.0,6.2,8.7,7.4,8.3,336.0,492.0,3.1,3.7,0.0,11.6,20.0,240.0,190.0,1600.0,2017,LOWER LAKE AT BHOPAL OUTLET M.P.
1466.0,MULTAI TANK LAKE AT VILLA. KHARI ON BETUL-AMRAVATI ROAD M.P.,LAKE,MADHYA PRADESH,2.9,29.0,7.2,8.1,7.4,8.1,176.0,432.0,1.2,2.8,0.0,2.72,2.0,2.0,90.0,910.0,2017,MULTAI TANK LAKE AT VILLA. KHARI ON BETUL-AMRAVATI ROAD M.P.
2128.0,KHANDARI RESERVOIR WATER OFF TAKE POINT,LAKE,MADHYA PRADESH,18.8,21.5,7.2,7.8,7.1,8.4,142.0,414.0,0.7,3.1,0.3,0.92,2.0,15.0,17.0,46.0,2017,KHANDARI RESERVOIR WATER OFF TAKE POINT
2129.0,PERIAT TANK JABALPUR,LAKE,MADHYA PRADESH,18.0,21.0,6.3,7.8,7.2,8.4,173.0,466.0,0.8,2.0,0.3,0.97,2.0,10.0,21.0,48.0,2017,PERIAT TANK JABALPUR
2130.0,"MADHAV LAKE, SHIVPURI",LAKE,MADHYA PRADESH,23.0,31.0,6.1,7.3,7.5,8.0,410.0,740.0,1.8,2.9,0.0,0.0,,,,,2017,"MADHAV LAKE, SHIVPURI"
2131.0,YASHWANT SAGAR AT INDORE,LAKE,MADHYA PRADESH,19.0,32.0,4.8,7.9,7.5,8.7,499.0,1012.0,1.1,2.4,0.73,2.5,2.0,2.0,33.0,110.0,2017,YASHWANT SAGAR AT INDORE
2132.0,BILAWALI TALAB AT INDORE,LAKE,MADHYA PRADESH,19.0,32.0,4.6,7.2,7.3,8.4,371.0,840.0,1.2,2.8,0.43,5.24,2.0,40.0,40.0,140.0,2017,BILAWALI TALAB AT INDORE
2133.0,SIRPUR TALAB AT INDORE,LAKE,MADHYA PRADESH,19.0,32.0,3.9,7.8,7.7,8.9,330.0,644.0,1.2,4.4,0.89,1.9,2.0,2.0,23.0,90.0,2017,SIRPUR TALAB AT INDORE
2134.0,NAGCHUN TALAB AT KHANDWA,LAKE,MADHYA PRADESH,21.0,32.0,6.4,7.7,7.2,8.8,294.0,557.0,1.4,2.0,0.78,1.61,2.0,2.0,40.0,90.0,2017,NAGCHUN TALAB AT KHANDWA
2135.0,GOVINDGARH TANK,LAKE,MADHYA PRADESH,24.0,32.0,6.5,7.4,7.2,7.7,0.0,522.0,1.2,1.8,1.55,5.86,2.0,17.0,21.0,70.0,2017,GOVINDGARH TANK
2136.0,"SHAHPURA LAKE AT WEIR NEAR AYUSHMAN HOSPITAL, BHOPAL",LAKE,MADHYA PRADESH,19.0,34.0,5.5,7.6,7.3,8.8,526.0,677.0,3.1,3.8,0.0,15.85,12.0,230.0,920.0,1600.0,2017,"SHAHPURA LAKE AT WEIR NEAR AYUSHMAN HOSPITAL, BHOPAL"
2137.0,UPPER LAKE AT YATCH CLUB,LAKE,MADHYA PRADESH,19.0,29.0,7.5,8.4,7.5,8.6,218.0,322.0,1.5,2.2,0.0,2.21,2.0,2.0,94.0,1600.0,2017,UPPER LAKE AT YATCH CLUB
2138.0,UPPER LAKE AT KARBALA CLUB,LAKE,MADHYA PRADESH,21.0,29.0,7.5,8.2,7.5,8.5,211.0,296.0,1.7,2.6,0.0,1.91,2.0,2.0,90.0,230.0,2017,UPPER LAKE AT KARBALA CLUB
2139.0,UPPER LAKE AT BAIRAGARH CLUB,LAKE,MADHYA PRADESH,17.0,29.0,7.3,8.8,7.8,8.6,228.0,293.0,1.5,2.7,0.0,2.06,2.0,2.0,90.0,1600.0,2017,UPPER LAKE AT BAIRAGARH CLUB
2140.0,"KERWA DAM NEAR REST HOUSE, BPL",LAKE,MADHYA PRADESH,6.0,30.0,6.9,8.1,7.6,8.5,193.0,278.0,1.2,2.5,0.0,0.4,2.0,2.0,34.0,210.0,2017,"KERWA DAM NEAR REST HOUSE, BPL"
2141.0,JANUNIA TALAB NEAR W-S,LAKE,MADHYA PRADESH,18.0,29.0,7.1,7.8,7.5,8.3,160.0,396.0,2.1,2.5,0.0,2.03,2.0,8.0,90.0,350.0,2017,JANUNIA TALAB NEAR W-S
2142.0,"KALISINDH RESERVOIR AT SARANGPUR, RAJGARH",LAKE,MADHYA PRADESH,20.0,30.2,6.1,6.8,5.6,7.8,390.0,872.0,2.0,2.9,0.0,0.0,,,,,2017,"KALISINDH RESERVOIR AT SARANGPUR, RAJGARH"
3296.0,CHORAL DAM NEAR INDORE,LAKE,MADHYA PRADESH,20.0,30.0,6.4,7.8,7.8,8.6,308.0,609.0,1.0,1.9,0.0,1.87,2.0,2.0,40.0,60.0,2017,CHORAL DAM NEAR INDORE
3297.0,"MITHA TALAB, DEWAS",POND,MADHYA PRADESH,22.0,26.0,4.6,7.0,7.1,8.0,552.0,814.0,2.4,4.8,0.84,2.03,9.0,500.0,7.0,1600.0,2017,"MITHA TALAB, DEWAS"
3298.0,POND WATER AT LAKODA,POND,MADHYA PRADESH,24.0,24.0,7.0,8.2,7.5,7.9,280.0,522.0,2.0,3.0,0.0,2.34,4.0,12.0,34.0,80.0,2017,POND WATER AT LAKODA
3299.0,HANUMANTAL JABALPUR,POND,MADHYA PRADESH,18.0,23.0,6.9,7.9,7.1,8.7,360.0,634.0,3.1,5.4,0.3,1.8,2.0,110.0,46.0,920.0,2017,HANUMANTAL JABALPUR
3300.0,"RANITAL TALAB, JABALPUR",POND,MADHYA PRADESH,19.0,24.0,3.7,7.8,6.5,8.2,320.0,765.0,3.2,5.0,0.3,11.0,10.0,220.0,63.0,1600.0,2017,"RANITAL TALAB, JABALPUR"
3301.0,MOTI TALAB AT BALAGHAT,POND,MADHYA PRADESH,16.0,24.0,4.1,7.7,7.4,8.9,350.0,1384.0,1.9,5.8,0.3,3.4,2.0,150.0,46.0,1600.0,2017,MOTI TALAB AT BALAGHAT
3302.0,"PIPLIYA PALA TALAB, INDORE",POND,MADHYA PRADESH,19.0,31.5,2.6,7.7,7.6,8.5,8.0,1108.0,1.4,8.0,0.95,6.37,2.0,2.0,50.0,500.0,2017,"PIPLIYA PALA TALAB, INDORE"
3303.0,"RANI TALAB, REWA",POND,MADHYA PRADESH,22.6,33.0,6.1,7.3,7.2,7.7,10.0,508.0,1.3,2.2,1.41,6.21,2.0,11.0,21.0,50.0,2017,"RANI TALAB, REWA"
3304.0,"RIHAND RESRVOIR, SINGRAULI",POND,MADHYA PRADESH,19.0,28.0,6.4,8.3,7.4,7.7,270.0,516.0,1.2,1.6,0.08,2.02,2.0,2.0,8.0,26.0,2017,"RIHAND RESRVOIR, SINGRAULI"
3830.0,"GOKALPUR TALAB, DIST JABALPUR",POND,MADHYA PRADESH,18.0,22.1,6.2,7.6,7.1,7.8,382.0,1340.0,2.8,10.0,0.34,4.8,2.0,150.0,41.0,710.0,2017,"GOKALPUR TALAB, DIST JABALPUR"
3831.0,"DAL SAGAR TALAB, DIST SEONI",POND,MADHYA PRADESH,19.0,22.6,6.3,7.5,7.2,8.2,270.0,834.0,2.0,3.9,0.34,1.8,2.0,120.0,40.0,430.0,2017,"DAL SAGAR TALAB, DIST SEONI"
3849.0,SITAPAT TALAB DHAR,POND,MADHYA PRADESH,20.0,31.0,6.3,7.6,7.7,8.7,270.0,580.0,0.8,210.0,0.0,1.67,2.0,2.0,33.0,110.0,2017,SITAPAT TALAB DHAR
3850.0,BAGDOON TALAB PITHAMPUR,POND,MADHYA PRADESH,22.0,31.5,4.7,7.5,7.5,8.7,373.0,660.0,1.2,2.8,0.63,1.66,2.0,2.0,50.0,90.0,2017,BAGDOON TALAB PITHAMPUR
1425.0,"LOKTAK LAKE AT THANA, MANIPUR",LAKE,MANIPUR,20.1,22.6,6.3,6.9,7.5,7.6,265.0,309.0,2.0,3.4,0.0,0.0,,,250.0,420.0,2017,"LOKTAK LAKE AT THANA, MANIPUR"
1426.0,"LOKTAK LAKE AT BISHNUPUR, MANIPUR",LAKE,MANIPUR,20.2,24.3,6.4,6.6,7.0,7.1,310.0,370.0,2.1,3.1,0.0,0.0,,,100.0,200.0,2017,"LOKTAK LAKE AT BISHNUPUR, MANIPUR"
1629.0,"SENDRA (LOKTAK LAKE), MANIPUR",LAKE,MANIPUR,20.3,22.3,6.2,6.7,6.9,7.2,260.0,294.0,1.1,1.3,0.0,0.0,,,130.0,300.0,2017,"SENDRA (LOKTAK LAKE), MANIPUR"
1630.0,"KARANG ISLAND(LOKTAK LAKE), MANIPUR",LAKE,MANIPUR,21.0,23.5,6.0,6.5,6.8,7.1,270.0,352.0,1.3,1.7,0.0,0.0,,,140.0,260.0,2017,"KARANG ISLAND(LOKTAK LAKE), MANIPUR"
2837.0,"PUMLEN LAKE AT TOKPACHING, DISTT. THOUBAL, MANIPUR",LAKE,MANIPUR,21.0,23.0,5.0,7.9,3.1,9.0,2.0,246.0,1.0,2.6,0.0,0.0,,,240.0,520.0,2017,"PUMLEN LAKE AT TOKPACHING, DISTT. THOUBAL, MANIPUR"
2839.0,"PUKHRI AT LANGMEIDONG, DISTT. THOUBAL, MANIPUR",POND,MANIPUR,21.2,23.6,7.3,8.4,2.2,7.0,200.0,296.0,1.4,1.8,0.0,0.0,,,119.0,170.0,2017,"PUKHRI AT LANGMEIDONG, DISTT. THOUBAL, MANIPUR"
2840.0,"LAMJAO PUKHURI AT ACHOUBA, DISTT. THOUBAL, MANIPUR",POND,MANIPUR,21.2,23.9,6.9,8.2,7.0,7.4,196.0,290.0,1.0,1.7,0.0,0.0,,,116.0,130.0,2017,"LAMJAO PUKHURI AT ACHOUBA, DISTT. THOUBAL, MANIPUR"
2841.0,"HIRANMEI PUKHURI AT THOUBAL, MANIPUR",POND,MANIPUR,22.0,24.0,6.3,7.1,7.1,7.2,201.0,425.0,1.8,3.0,0.0,0.0,,,135.0,300.0,2017,"HIRANMEI PUKHURI AT THOUBAL, MANIPUR"
2842.0,"LANGMEIDONG PUKHURI AT THOUBAL, MANIPUR",POND,MANIPUR,21.3,24.1,6.4,6.9,6.9,7.1,320.0,480.0,1.6,2.6,0.0,0.0,,,125.0,145.0,2017,"LANGMEIDONG PUKHURI AT THOUBAL, MANIPUR"
2843.0,"POND AT LALAMBUNG, IMPHAL WEST, MANIPUR",POND,MANIPUR,21.4,22.6,6.1,7.5,6.8,7.1,350.0,521.0,1.6,2.1,0.0,0.0,,,45.0,129.0,2017,"POND AT LALAMBUNG, IMPHAL WEST, MANIPUR"
2844.0,"LILONG PUKHURI AT IMPHAL WEST, MANIPUR",POND,MANIPUR,20.4,22.6,6.0,6.4,6.7,7.1,50.0,430.0,1.9,130.0,0.0,0.0,,,69.0,98.0,2017,"LILONG PUKHURI AT IMPHAL WEST, MANIPUR"
2845.0,"POND AT NGAIRANGBAM, IMPHAL WEST, MANIPUR",POND,MANIPUR,20.3,22.5,5.7,6.0,6.7,7.1,200.0,230.0,1.0,1.0,0.0,0.0,,,30.0,35.0,2017,"POND AT NGAIRANGBAM, IMPHAL WEST, MANIPUR"
2846.0,"POND AT MOIDANGPOK, IMPHAL WEST, MANIPUR",POND,MANIPUR,21.0,23.2,5.7,5.9,6.9,7.2,290.0,380.0,1.2,2.1,0.0,0.0,,,35.0,140.0,2017,"POND AT MOIDANGPOK, IMPHAL WEST, MANIPUR"
2847.0,"POND AT MAIBAM LOKPACHING, IMPHAL WEST, MANIPUR",POND,MANIPUR,21.0,23.1,6.0,6.9,7.0,7.3,120.0,130.0,1.1,1.3,0.0,0.0,,,40.0,120.0,2017,"POND AT MAIBAM LOKPACHING, IMPHAL WEST, MANIPUR"
2848.0,"POND AT KAKWA BAZAR, IMPHAL WEST, MANIPUR",POND,MANIPUR,21.1,24.0,6.0,6.3,7.0,7.3,110.0,820.0,1.2,2.1,0.0,0.0,,,35.0,157.0,2017,"POND AT KAKWA BAZAR, IMPHAL WEST, MANIPUR"
2849.0,"CHANAM PUKHURI, IMPHAL WEST, MANIPUR",POND,MANIPUR,21.5,24.0,5.8,6.4,6.3,7.2,7.0,726.0,1.2,1.7,0.0,0.0,,,40.0,125.0,2017,"CHANAM PUKHURI, IMPHAL WEST, MANIPUR"
2850.0,"NINGTHEM PUKHURI, IMPHAL EAST, MANIPUR",POND,MANIPUR,20.9,23.7,5.0,5.6,6.9,7.3,430.0,575.0,1.2,1.6,0.0,76.0,,,45.0,76.0,2017,"NINGTHEM PUKHURI, IMPHAL EAST, MANIPUR"
2851.0,"POND AT KONGBA BAZAR, IMPHAL EAST, MANIPUR",POND,MANIPUR,20.9,22.4,6.1,6.4,6.1,7.0,450.0,732.0,1.0,2.6,0.0,0.0,,,40.0,120.0,2017,"POND AT KONGBA BAZAR, IMPHAL EAST, MANIPUR"
1347.0,"UMIAM LAKE AT BARAPANI, MEGHALAYA",LAKE,MEGHALAYA,16.0,25.0,5.0,6.8,6.9,7.7,8.0,177.0,3.8,6.5,0.35,1.31,1200.0,3200.0,2600.0,5000.0,2017,"UMIAM LAKE AT BARAPANI, MEGHALAYA"
1348.0,"WARD LAKE AT SHILONG EAST, KHASI HILL DT., MEGHALAYA",LAKE,MEGHALAYA,13.0,27.0,6.0,8.6,6.9,7.6,132.0,198.0,2.5,8.0,0.22,1.08,610.0,2200.0,2200.0,3500.0,2017,"WARD LAKE AT SHILONG EAST, KHASI HILL DT., MEGHALAYA"
1459.0,"THADLASKEIN LAKE, MEGHALAYA",LAKE,MEGHALAYA,15.0,23.0,6.4,7.3,6.9,7.5,38.0,59.0,1.5,2.5,0.02,0.44,8.0,31.0,24.0,70.0,2017,"THADLASKEIN LAKE, MEGHALAYA"
3346.0,"UMIAM LAKE AT OUTFALL OF UMIAM RIVER INTO LAKE, RI- BHOI",LAKE,MEGHALAYA,16.0,24.0,3.5,6.6,6.8,8.4,83.0,247.0,4.2,11.0,0.25,3.5,1400.0,3600.0,3300.0,5800.0,2017,"UMIAM LAKE AT OUTFALL OF UMIAM RIVER INTO LAKE, RI- BHOI"
3347.0,"UMIAM LAKE AT MIDDLE POINT, RI- BHOI",LAKE,MEGHALAYA,12.0,25.0,4.4,6.8,7.1,8.3,75.0,174.0,3.5,6.2,0.3,1.47,1100.0,3000.0,2400.0,4800.0,2017,"UMIAM LAKE AT MIDDLE POINT, RI- BHOI"
3348.0,"UMIAM LAKE ATNEAR UNITED CHRISTIAN COLLEGE, RI- BHOI",LAKE,MEGHALAYA,16.0,25.0,5.6,6.8,6.9,8.0,74.0,180.0,3.2,6.6,0.11,1.47,1100.0,2900.0,2300.0,4900.0,2017,"UMIAM LAKE ATNEAR UNITED CHRISTIAN COLLEGE, RI- BHOI"
3349.0,"TASEK LAKE AT SONGSAK (NAPHAK), EAST GARO HILLS",LAKE,MEGHALAYA,15.0,28.0,0.3,7.6,6.7,7.5,48.0,94.0,1.5,2.4,0.28,0.42,6.0,38.0,14.0,79.0,2017,"TASEK LAKE AT SONGSAK (NAPHAK), EAST GARO HILLS"
3723.0,"TAMDIL LAKE, SAITUAL",LAKE,MIZORAM,22.0,23.0,7.7,8.1,7.2,7.5,114.0,151.0,0.9,1.6,0.04,0.04,,,,,2017,"TAMDIL LAKE, SAITUAL"
3722.0,LAWBUAI FISHPOND,POND,MIZORAM,18.0,26.5,4.4,6.2,7.2,7.4,200.0,271.0,0.9,1.8,0.06,0.08,,,,,2017,LAWBUAI FISHPOND
3755.0,"POND NEAR THERMAL POWER PLANT, BAIRABI",POND,MIZORAM,20.0,25.0,3.5,4.3,7.1,7.3,117.0,118.0,1.8,1.9,0.04,0.04,,,,,2017,"POND NEAR THERMAL POWER PLANT, BAIRABI"
3743.0,"PHE RESERVOIR, HELIPAD, NEW SAIHA",TANK,MIZORAM,18.0,21.0,6.4,6.9,7.2,7.4,146.0,191.0,0.5,1.3,0.02,0.03,,,,,2017,"PHE RESERVOIR, HELIPAD, NEW SAIHA"
2886.0,"PUDUMPUKHURI, DIMAPUR, NAGALAND",LAKE,NAGALAND,22.4,34.2,4.1,5.4,6.5,8.8,111.0,263.0,2.8,5.0,0.0,0.63,,,,,2017,"PUDUMPUKHURI, DIMAPUR, NAGALAND"
2887.0,"BANGLA FISHERY, DIMAPUR, NAGALAND",LAKE,NAGALAND,21.2,33.9,3.5,5.5,6.4,8.2,80.0,166.0,2.2,4.0,0.0,1.0,,,,,2017,"BANGLA FISHERY, DIMAPUR, NAGALAND"
2437.0,CHILKA LAKE (RAMSAR SITE),LAKE,ODISHA,22.0,33.0,5.3,8.3,7.2,8.5,7086.0,59110.0,0.9,2.6,0.13,1.95,2.0,5400.0,2.0,9200.0,2017,CHILKA LAKE (RAMSAR SITE)
2438.0,ANSHUPA,LAKE,ODISHA,22.0,33.0,5.8,12.9,7.3,8.4,112.0,364.0,0.6,3.9,0.21,4.03,490.0,24000.0,1100.0,35000.0,2017,ANSHUPA
3953.0,CHILKA AT RAMBHA,LAKE,ODISHA,10.0,32.0,6.0,9.0,7.6,8.4,12770.0,38030.0,0.9,2.0,0.13,1.63,2.0,5400.0,2.0,5400.0,2017,CHILKA AT RAMBHA
3954.0,TAMPADA LAKE AT CHHATRAPUR,LAKE,ODISHA,11.0,35.0,3.0,9.0,7.5,8.5,479.0,730.0,4.3,10.2,0.69,3.92,2.0,9200.0,78.0,16000.0,2017,TAMPADA LAKE AT CHHATRAPUR
3955.0,ANSHUPA AT SUBARANAPUR,LAKE,ODISHA,22.0,34.0,4.8,9.1,7.2,8.5,94.0,323.0,1.0,3.7,0.2,4.26,78.0,11000.0,1100.0,17000.0,2017,ANSHUPA AT SUBARANAPUR
3956.0,ANSHUPA AT BISHNUPUR,LAKE,ODISHA,22.0,34.0,5.1,8.8,7.2,8.4,113.0,206.0,0.8,3.5,0.0,3.04,390.0,5400.0,1300.0,13000.0,2017,ANSHUPA AT BISHNUPUR
3957.0,ANSHUPA AT SARAANDAGARH,LAKE,ODISHA,23.0,32.0,5.1,8.4,7.2,8.5,125.0,250.0,1.1,3.2,0.18,2.47,490.0,14000.0,2400.0,22000.0,2017,ANSHUPA AT SARAANDAGARH
2431.0,BINDUSAGAR ( RELIGIOUS POND OF BHUBANESWAR CITY),POND,ODISHA,23.0,37.0,1.7,10.1,7.5,8.6,395.0,500.0,1.5,6.3,0.27,6.39,1700.0,160000.0,2800.0,160000.0,2017,BINDUSAGAR ( RELIGIOUS POND OF BHUBANESWAR CITY)
2434.0,INDRADYUMNA TANK ( RILIGIOUS POND OF PURI CITY),POND,ODISHA,22.0,32.0,5.9,16.2,7.7,8.5,520.0,745.0,3.3,13.5,0.7,5.44,20.0,24000.0,110.0,54000.0,2017,INDRADYUMNA TANK ( RILIGIOUS POND OF PURI CITY)
2435.0,SWETAGANGA ( RILIGIOUS POND OF PURI CITY),POND,ODISHA,21.0,30.0,1.7,17.9,7.2,8.6,412.0,1301.0,2.7,11.0,1.45,6.8,8.0,11000.0,23.0,35000.0,2017,SWETAGANGA ( RILIGIOUS POND OF PURI CITY)
2436.0,PARVATI SAGAR ( RILIGIOUS POND OF PURI CITY),POND,ODISHA,20.0,34.0,5.8,15.8,7.2,8.5,369.0,640.0,3.2,13.4,0.16,4.73,45.0,9400.0,130.0,17000.0,2017,PARVATI SAGAR ( RILIGIOUS POND OF PURI CITY)
3962.0,JAGANNATH SAGAR POND OF JEYPORE,POND,ODISHA,20.0,34.0,5.7,7.3,6.7,8.5,104.0,547.0,1.3,6.8,0.4,6.38,2.0,13000.0,230.0,35000.0,2017,JAGANNATH SAGAR POND OF JEYPORE
3963.0,RANIGUDA POND,POND,ODISHA,19.0,31.0,2.7,18.0,7.3,8.5,391.0,1144.0,2.9,35.8,0.86,5.73,2.0,16000.0,20.0,16000.0,2017,RANIGUDA POND
1396.0,"OSTERI LAKE, PONDICHERRY",LAKE,PUDUCHERRY,29.0,34.0,6.4,8.1,8.0,8.5,307.0,608.0,0.0,23.0,0.01,0.1,2.0,2.0,21.0,21.0,2017,"OSTERI LAKE, PONDICHERRY"
1686.0,"BAHOUR LAKE, PONDICHERRY",LAKE,PUDUCHERRY,29.0,34.0,5.6,8.6,8.0,8.9,568.0,1012.0,0.0,1.8,0.01,0.97,2.0,110.0,26.0,140.0,2017,"BAHOUR LAKE, PONDICHERRY"
1297.0,"HARIKE LAKE AT HARIKE VILLAGE, PUNJAB",LAKE,PUNJAB,12.0,33.0,6.2,7.2,7.2,7.6,244.0,374.0,1.3,2.3,0.13,1.2,170.0,2100.0,210.0,580.0,2017,"HARIKE LAKE AT HARIKE VILLAGE, PUNJAB"
1382.0,"HARIKE LAKE D-S FROM CANAL, PUNJAB",LAKE,PUNJAB,11.0,29.0,6.0,7.3,7.0,7.4,232.0,370.0,1.3,2.4,0.16,2.2,110.0,630.0,220.0,790.0,2017,"HARIKE LAKE D-S FROM CANAL, PUNJAB"
2912.0,"RANJIT SAGAR RESERVOIR, PUNJAB",LAKE,PUNJAB,11.0,28.0,5.2,8.4,7.0,7.5,148.0,486.0,0.0,2.6,0.2,1.9,43.0,330.0,70.0,790.0,2017,"RANJIT SAGAR RESERVOIR, PUNJAB"
1285.0,"PICHOLA LAKE AT UDAIPUR (WATER INTAKE POINT), RAJASTHAN",LAKE,RAJASTHAN,8.0,30.0,5.4,8.1,7.6,8.6,350.0,1190.0,0.4,2.2,1.6,3.0,4.0,14.0,20.0,150.0,2017,"PICHOLA LAKE AT UDAIPUR (WATER INTAKE POINT), RAJASTHAN"
1286.0,UDAISAGAR LAKE AT UDAIPUR (INTAKE PT.) RAJASTHAN,LAKE,RAJASTHAN,9.0,32.0,5.1,7.0,7.8,8.5,450.0,1330.0,1.5,2.5,1.34,2.28,9.0,75.0,20.0,150.0,2017,UDAISAGAR LAKE AT UDAIPUR (INTAKE PT.) RAJASTHAN
1414.0,"PUSHKAR LAKE, RAJASTHAN",LAKE,RAJASTHAN,19.0,35.0,4.4,5.4,7.2,8.4,320.0,440.0,1.0,2.5,1.2,1.66,4.0,14.0,11.0,120.0,2017,"PUSHKAR LAKE, RAJASTHAN"
1481.0,"FATEH SAGAR LAKE AT UDAIPUR INTAKE POINT OF PHED, RAJASTHAN",LAKE,RAJASTHAN,8.0,30.0,6.4,8.0,7.8,8.6,490.0,640.0,1.2,1.8,1.5,2.68,7.0,21.0,11.0,150.0,2017,"FATEH SAGAR LAKE AT UDAIPUR INTAKE POINT OF PHED, RAJASTHAN"
1714.0,"KAYALANA JHEEL JODHPUR, RAJASTHAN",LAKE,RAJASTHAN,15.0,34.6,4.0,7.2,7.0,9.1,270.0,360.0,0.9,1.6,0.84,2.28,4.0,9.0,7.0,23.0,2017,"KAYALANA JHEEL JODHPUR, RAJASTHAN"
1716.0,"NAKKI LAKE, MT. ABU, RAJASTHAN",LAKE,RAJASTHAN,9.0,27.0,4.5,6.0,7.0,8.1,160.0,410.0,1.0,1.8,0.0,7.64,3.0,14.0,7.0,20.0,2017,"NAKKI LAKE, MT. ABU, RAJASTHAN"
2935.0,"LAKE JET SAGAR, BUNDI, RAJASTHAN",LAKE,RAJASTHAN,18.0,31.0,4.5,6.2,6.9,8.4,310.0,440.0,1.2,1.7,1.14,1.66,4.0,14.0,11.0,28.0,2017,"LAKE JET SAGAR, BUNDI, RAJASTHAN"
2936.0,"JAISAMAND LAKE, ALWAR, RAJASTHAN",LAKE,RAJASTHAN,18.0,18.0,6.9,6.9,8.5,8.5,320.0,320.0,1.0,1.0,1.84,1.84,4.0,4.0,20.0,20.0,2017,"JAISAMAND LAKE, ALWAR, RAJASTHAN"
2937.0,"LAKE SILISERH, ALWAR, RAJASTHAN",LAKE,RAJASTHAN,16.0,33.0,5.8,7.6,7.2,8.5,190.0,290.0,0.9,1.6,0.0,1.7,3.0,14.0,4.0,28.0,2017,"LAKE SILISERH, ALWAR, RAJASTHAN"
2938.0,"LAKE RAJSAMAND, RAJSAMAND- POINT NO. 1, RAJSAMAND, RAJASTHAN",LAKE,RAJASTHAN,20.2,35.7,4.7,6.0,7.8,8.4,420.0,650.0,1.0,2.1,0.54,2.1,4.0,14.0,11.0,75.0,2017,"LAKE RAJSAMAND, RAJSAMAND- POINT NO. 1, RAJSAMAND, RAJASTHAN"
2939.0,"LAKE RAJSAMAND, RAJSAMAND- POINT NO. 2, RAJSAMAND, RAJASTHAN",LAKE,RAJASTHAN,20.2,35.6,4.6,6.1,7.9,8.4,410.0,680.0,0.9,1.9,0.42,2.46,7.0,20.0,11.0,150.0,2017,"LAKE RAJSAMAND, RAJSAMAND- POINT NO. 2, RAJSAMAND, RAJASTHAN"
2940.0,"GAPE- SAGAR LAKE, DUNGARPUR, RAJASTHAN",LAKE,RAJASTHAN,7.0,28.0,4.6,7.2,7.4,8.5,580.0,820.0,1.7,2.4,0.98,2.36,4.0,39.0,23.0,150.0,2017,"GAPE- SAGAR LAKE, DUNGARPUR, RAJASTHAN"
2941.0,"LAKE JAISAMAND, SALUMBER, UDAIPUR, POINT NO. 1, RAJASTHAN",LAKE,RAJASTHAN,7.0,28.0,7.5,8.2,7.7,8.3,440.0,570.0,1.2,2.2,1.1,2.28,7.0,20.0,20.0,150.0,2017,"LAKE JAISAMAND, SALUMBER, UDAIPUR, POINT NO. 1, RAJASTHAN"
2942.0,"LAKE JAISAMAND, SALUMBER, UDAIPUR, POINT NO. 2, RAJASTHAN",LAKE,RAJASTHAN,7.0,28.0,7.1,8.0,7.8,8.6,430.0,560.0,1.5,2.6,1.14,2.74,7.0,39.0,11.0,150.0,2017,"LAKE JAISAMAND, SALUMBER, UDAIPUR, POINT NO. 2, RAJASTHAN"
2943.0,"LODHA TALAB, BANSWARA- DUNGARPUR ROAD, BANSWARA, RAJASTHAN",LAKE,RAJASTHAN,20.0,33.0,4.1,5.2,6.7,8.4,560.0,1110.0,1.0,2.3,1.2,3.07,4.0,39.0,7.0,93.0,2017,"LODHA TALAB, BANSWARA- DUNGARPUR ROAD, BANSWARA, RAJASTHAN"
2944.0,"JALMAHAL, JAIPUR, RAJASTHAN",LAKE,RAJASTHAN,15.0,31.0,2.3,4.3,8.6,9.0,3000.0,5400.0,5.0,12.5,1.84,3.32,11.0,150.0,150.0,460.0,2017,"JALMAHAL, JAIPUR, RAJASTHAN"
1420.0,"KODAI KANAL LAKE, TAMILNADU",LAKE,TAMIL NADU,17.0,25.0,4.3,7.3,6.3,8.0,97.0,131.0,2.4,6.0,0.18,1.36,21.0,63.0,26.0,84.0,2017,"KODAI KANAL LAKE, TAMILNADU"
1421.0,"UDHAGAMADALEM LAKE (OOTY), TAMILNADU",LAKE,TAMIL NADU,12.0,20.0,2.2,8.2,6.8,8.0,396.0,650.0,3.6,24.0,1.0,1.0,460.0,1100.0,1300.0,2200.0,2017,"UDHAGAMADALEM LAKE (OOTY), TAMILNADU"
1452.0,"YERCAUD LAKE, SALEM, TAMILNADU",LAKE,TAMIL NADU,18.0,26.0,5.5,7.9,6.7,8.4,298.0,437.0,0.9,8.7,1.0,1.0,68.0,1400.0,390.0,2800.0,2017,"YERCAUD LAKE, SALEM, TAMILNADU"
3007.0,"VEERANAM LAKE AT CUDDALORE, TAMILNADU",LAKE,TAMIL NADU,28.0,31.0,5.4,8.2,7.5,9.1,446.0,1250.0,1.4,5.2,1.0,1.0,110.0,1100.0,430.0,1700.0,2017,"VEERANAM LAKE AT CUDDALORE, TAMILNADU"
3008.0,"POONDI LAKE AT THIRUVALLUR, TAMILNADU",LAKE,TAMIL NADU,30.0,30.0,3.0,7.2,6.9,8.2,342.0,1729.0,2.0,45.0,0.01,1.37,2.0,460.0,460.0,1700.0,2017,"POONDI LAKE AT THIRUVALLUR, TAMILNADU"
3009.0,"REDD HILLS AT THIRUVALLUR, TAMILNADU",LAKE,TAMIL NADU,27.0,31.0,3.3,7.9,6.1,8.7,268.0,824.0,3.0,45.0,0.01,1.0,2.0,330.0,230.0,940.0,2017,"REDD HILLS AT THIRUVALLUR, TAMILNADU"
3010.0,"PORUR LAKE AT THIRUVALLUR, TAMILNADU",LAKE,TAMIL NADU,31.0,31.0,5.3,7.9,6.5,9.4,485.0,683.0,2.0,13.0,0.03,1.0,78.0,330.0,330.0,1700.0,2017,"PORUR LAKE AT THIRUVALLUR, TAMILNADU"
3011.0,"PULICATE LAKE AT THIRUVALLUR, TAMILNADU",LAKE,TAMIL NADU,30.0,31.0,1.7,7.8,6.4,8.4,1059.0,59900.0,1.3,14.0,0.0,1.0,2.0,1200.0,45.0,2100.0,2017,"PULICATE LAKE AT THIRUVALLUR, TAMILNADU"
1391.0,"HUSSAIN SAGAR LAKE, BUDAMERU",LAKE,TELANGANA,22.0,31.0,0.1,2.5,7.4,8.0,952.0,1415.0,9.0,26.0,0.0,9.9,58.0,150.0,300.0,520.0,2017,"HUSSAIN SAGAR LAKE, BUDAMERU"
1788.0,"SAROONAGAR , RANGA REDDY DIST.",LAKE,TELANGANA,25.0,30.0,0.1,1.2,7.4,8.1,940.0,1688.0,18.0,40.0,0.0,9.3,60.0,90.0,250.0,850.0,2017,"SAROONAGAR , RANGA REDDY DIST."
1789.0,"HIMAYAT SAGAR LAKE , R.R.DIST.",LAKE,TELANGANA,20.0,30.0,3.8,6.2,7.9,8.6,277.0,444.0,1.0,3.0,0.0,1.9,10.0,35.0,186.0,380.0,2017,"HIMAYAT SAGAR LAKE , R.R.DIST."
2340.0,"LAXMINARAYANA CHEVURU AT EDULABAD, RANGAREDDY,",LAKE,TELANGANA,22.0,27.0,1.9,6.0,7.6,8.5,902.0,1420.0,10.0,18.0,0.0,5.7,54.0,100.0,250.0,450.0,2017,"LAXMINARAYANA CHEVURU AT EDULABAD, RANGAREDDY,"
2341.0,"MIRALAM LAKE NEAR ZOO PARK, RANGAREDDY",LAKE,TELANGANA,25.0,30.0,0.1,2.4,7.4,8.5,1343.0,1663.0,8.0,29.0,0.0,10.9,30.0,45.0,280.0,846.0,2017,"MIRALAM LAKE NEAR ZOO PARK, RANGAREDDY"
2342.0,"NOOR MD. KUNTA, KATTEDAN, RANGAREDDY,",LAKE,TELANGANA,25.0,30.0,0.1,0.1,7.1,8.1,1068.0,2702.0,20.0,55.0,0.0,6.86,30.0,55.0,180.0,1000.0,2017,"NOOR MD. KUNTA, KATTEDAN, RANGAREDDY,"
3068.0,"RAMAPPA LAKE, WARANGAL",LAKE,TELANGANA,7.0,29.0,5.2,60.0,7.6,8.5,220.0,320.0,1.0,3.0,0.0,2.3,15.0,40.0,150.0,300.0,2017,"RAMAPPA LAKE, WARANGAL"
3069.0,"SHAMEERPET LAKE, SHAMEERPET, RANGA REDDY",LAKE,TELANGANA,22.0,30.0,2.9,5.2,7.6,8.5,251.0,510.0,1.0,6.0,0.0,6.1,15.0,45.0,14.0,798.0,2017,"SHAMEERPET LAKE, SHAMEERPET, RANGA REDDY"
3070.0,"FOX SAGAR, JEEDIMETLA, RANGA REDDY",LAKE,TELANGANA,24.0,30.0,1.5,3.8,7.1,8.7,576.0,1064.0,3.0,13.0,0.0,7.6,35.0,80.0,270.0,740.0,2017,"FOX SAGAR, JEEDIMETLA, RANGA REDDY"
3071.0,"LANGARHOUSE LAKE, HYDERABAD",LAKE,TELANGANA,24.0,34.0,0.1,2.2,7.1,7.9,939.0,1398.0,10.0,28.0,0.0,4.8,48.0,80.0,321.0,520.0,2017,"LANGARHOUSE LAKE, HYDERABAD"
3072.0,"SAFILGUDA LAKE, RANGA REDDY",LAKE,TELANGANA,24.0,30.0,0.1,1.8,7.3,8.1,1043.0,1737.0,10.0,18.0,0.0,6.4,45.0,75.0,100.0,400.0,2017,"SAFILGUDA LAKE, RANGA REDDY"
3073.0,"HASMATHPET LAKE, HASMATHPET, RANGA REDDY,",LAKE,TELANGANA,20.0,32.0,0.1,2.0,7.4,8.5,813.0,1790.0,12.0,30.0,0.0,5.42,20.0,50.0,200.0,920.0,2017,"HASMATHPET LAKE, HASMATHPET, RANGA REDDY,"
3074.0,"BANJARA LAKE, BANJARA HILLS, RANGA REDDY,",LAKE,TELANGANA,22.0,34.0,0.1,1.0,7.1,8.3,880.0,1289.0,10.0,30.0,0.0,4.6,38.0,80.0,310.0,820.0,2017,"BANJARA LAKE, BANJARA HILLS, RANGA REDDY,"
2344.0,"NALLA CHEVURU, RANGAREDDY",POND,TELANGANA,22.0,27.0,0.1,0.9,7.3,8.3,928.0,1978.0,13.0,26.0,0.0,10.3,72.0,120.0,200.0,500.0,2017,"NALLA CHEVURU, RANGAREDDY"
2345.0,"SAI CHEVURU, NEAR TANNERY INDUSTRIES, DESAIPET, WARANGAL",POND,TELANGANA,25.0,31.0,0.1,1.7,7.2,8.5,8950.0,32600.0,107.0,220.0,0.0,28.3,30.0,50.0,200.0,261.0,2017,"SAI CHEVURU, NEAR TANNERY INDUSTRIES, DESAIPET, WARANGAL"
2346.0,"BHADRAKALI CHEVURU, BHADRAKALI TEMPLE, WARANGAL",POND,TELANGANA,25.0,30.0,5.1,5.9,7.8,8.8,358.0,480.0,2.0,5.0,0.0,4.6,62.0,120.0,352.0,1000.0,2017,"BHADRAKALI CHEVURU, BHADRAKALI TEMPLE, WARANGAL"
2347.0,"ASANI KUNTA, KAJIPALLY, MEDAK",POND,TELANGANA,20.0,38.0,0.1,0.1,4.9,7.6,6080.0,20680.0,86.0,204.0,27.16,102.0,8.0,45.0,125.0,200.0,2017,"ASANI KUNTA, KAJIPALLY, MEDAK"
2357.0,DURGAM CHEVURU,POND,TELANGANA,20.0,27.0,1.0,2.0,7.1,8.6,822.0,1473.0,5.0,12.0,0.0,10.3,32.0,65.0,250.0,520.0,2017,DURGAM CHEVURU
2359.0,PEDDA CHEVURU,POND,TELANGANA,22.0,28.0,0.1,4.0,7.4,8.3,1078.0,2425.0,15.0,28.0,0.0,3.3,60.0,90.0,270.0,420.0,2017,PEDDA CHEVURU
3075.0,"RANGADHAMUNI CHERUVU, RANGA REDDY",POND,TELANGANA,20.0,33.0,0.1,3.1,7.4,8.1,662.0,1482.0,12.0,22.0,0.0,8.6,36.0,60.0,280.0,402.0,2017,"RANGADHAMUNI CHERUVU, RANGA REDDY"
3076.0,"AMBER CHERUVU, KUKATPALLY, RANGA REDDY",POND,TELANGANA,22.0,33.0,0.1,2.6,7.4,8.6,830.0,1736.0,9.0,20.0,0.0,20.1,40.0,130.0,396.0,1760.0,2017,"AMBER CHERUVU, KUKATPALLY, RANGA REDDY"
3077.0,"KAPRA CHERUVU, KAPRA, RANGA REDDY",POND,TELANGANA,25.0,30.0,0.1,3.0,6.9,8.3,812.0,1350.0,7.0,18.0,0.0,3.0,80.0,150.0,400.0,1100.0,2017,"KAPRA CHERUVU, KAPRA, RANGA REDDY"
3078.0,"PRAGATHINAGAR CHERUVU, KUKATPALLY, RANGA REDDY",POND,TELANGANA,25.0,33.0,0.1,3.8,7.3,7.9,827.0,1653.0,8.0,20.0,0.0,7.4,88.0,150.0,250.0,360.0,2017,"PRAGATHINAGAR CHERUVU, KUKATPALLY, RANGA REDDY"
1447.0,DHARMASAGAR TANK NEAR WARANGAL,TANK,TELANGANA,23.0,33.0,5.4,6.3,7.6,8.6,224.0,465.0,2.0,4.0,0.0,2.1,76.0,140.0,426.0,1000.0,2017,DHARMASAGAR TANK NEAR WARANGAL
1464.0,"BIBINAGAR TANK,",TANK,TELANGANA,20.0,29.0,6.1,8.2,7.4,8.5,365.0,628.0,3.0,6.0,4.6,15.0,4.0,20.0,50.0,165.0,2017,"BIBINAGAR TANK,"
1780.0,"GANDIGUDEM , MEDAK DISTRICT",TANK,TELANGANA,21.0,38.0,4.9,8.0,7.2,8.3,1163.0,1825.0,8.0,15.0,13.5,39.0,8.0,26.0,10.0,164.0,2017,"GANDIGUDEM , MEDAK DISTRICT"
1783.0,"KISTAREDDYPET TANK , MEDAK DIST",TANK,TELANGANA,20.0,36.0,5.6,7.8,6.7,7.9,1437.0,6710.0,6.0,10.0,9.0,33.0,5.0,33.0,69.0,342.0,2017,"KISTAREDDYPET TANK , MEDAK DIST"
2343.0,"PREMAJIPET TANK, KATTEDAN, RANGAREDDY",TANK,TELANGANA,20.0,30.0,0.1,1.0,5.7,7.9,2223.0,7570.0,17.0,35.0,0.0,5.2,41.0,80.0,112.0,250.0,2017,"PREMAJIPET TANK, KATTEDAN, RANGAREDDY"
2348.0,"KAJIPALLY TANK, KAJIPALLY, MEDAK",TANK,TELANGANA,21.0,28.0,6.2,7.1,7.1,7.8,3650.0,5586.0,8.0,10.0,0.0,30.0,4.0,6.0,75.0,180.0,2017,"KAJIPALLY TANK, KAJIPALLY, MEDAK"
2358.0,MALLAPUR TANK,TANK,TELANGANA,23.0,29.0,0.1,0.8,7.3,8.3,1175.0,2059.0,18.0,40.0,0.0,18.1,62.0,90.0,300.0,800.0,2017,MALLAPUR TANK
3084.0,"WADDEPALLY TANK, KAZIPET, WARANGAL",TANK,TELANGANA,22.0,30.0,4.0,5.9,7.5,8.9,310.0,468.0,3.0,5.0,0.0,4.5,70.0,120.0,195.0,320.0,2017,"WADDEPALLY TANK, KAZIPET, WARANGAL"
3085.0,"CHINNA WADDEPALLY TANK, WARANGAL",TANK,TELANGANA,25.0,30.0,3.7,4.8,7.5,8.7,870.0,1169.0,12.0,28.0,0.0,15.6,39.0,60.0,360.0,800.0,2017,"CHINNA WADDEPALLY TANK, WARANGAL"
3086.0,"SAKI TANK, PATANCHERU, RANGA REDDY",TANK,TELANGANA,19.0,36.0,0.1,7.8,7.2,8.3,728.0,1491.0,4.0,12.0,10.0,38.0,5.0,30.0,56.0,250.0,2017,"SAKI TANK, PATANCHERU, RANGA REDDY"
1727.0,"LAXMI NARAYAN BARI PALACE COMPOUND, TRIPURA",LAKE,TRIPURA,25.0,27.0,7.2,8.6,7.4,8.5,103.0,195.0,1.0,2.5,0.52,1.24,170.0,220.0,280.0,350.0,2017,"LAXMI NARAYAN BARI PALACE COMPOUND, TRIPURA"
1728.0,"RUDRASAGAR, SONUMURA, TRIPURA",LAKE,TRIPURA,25.0,27.0,6.9,7.9,6.7,8.1,123.0,235.0,1.1,2.6,0.29,0.85,170.0,220.0,280.0,350.0,2017,"RUDRASAGAR, SONUMURA, TRIPURA"
3391.0,"DHAMBUR LAKE, DHALAI",LAKE,TRIPURA,25.0,27.0,6.8,8.1,7.1,7.8,72.0,128.0,0.5,2.0,0.45,1.77,120.0,220.0,210.0,350.0,2017,"DHAMBUR LAKE, DHALAI"
3392.0,"SHIPAHIJALA POND, WEST TRIPURA",POND,TRIPURA,24.0,27.0,4.1,5.7,8.1,9.0,89.0,141.0,0.2,0.9,0.19,0.67,170.0,220.0,280.0,400.0,2017,"SHIPAHIJALA POND, WEST TRIPURA"
3393.0,"BRAMAKUNDA POND, WEST TRIPURA",POND,TRIPURA,25.0,27.0,5.1,6.8,7.6,8.6,94.0,179.0,0.4,1.5,0.3,1.13,170.0,210.0,280.0,350.0,2017,"BRAMAKUNDA POND, WEST TRIPURA"
3394.0,"KALYANSAGAR AT MATARBARI, SOUTH TRIPURA",POND,TRIPURA,24.5,27.0,7.7,9.0,8.4,9.5,94.0,173.0,0.6,3.0,0.31,1.12,170.0,220.0,280.0,350.0,2017,"KALYANSAGAR AT MATARBARI, SOUTH TRIPURA"
3395.0,"MAHADEB DIGHI, SOUTH TRIPURA",POND,TRIPURA,24.5,27.0,7.1,8.2,8.1,9.0,92.0,169.0,0.5,2.1,0.11,0.37,170.0,220.0,350.0,350.0,2017,"MAHADEB DIGHI, SOUTH TRIPURA"
3396.0,"JAGANNATH DIGHI, SOUTH TRIPURA",POND,TRIPURA,24.5,27.0,7.3,9.0,7.0,8.5,97.0,167.0,0.5,1.9,0.1,0.33,170.0,220.0,280.0,350.0,2017,"JAGANNATH DIGHI, SOUTH TRIPURA"
1364.0,"RAMGARH LAKE, U.P.",LAKE,UTTAR PRADESH,15.0,30.0,7.1,8.6,7.5,8.3,258.0,685.0,3.9,5.1,0.0,1.66,2100.0,22000.0,4900.0,35000.0,2017,"RAMGARH LAKE, U.P."
2499.0,"SAMARPUR JHEEL, RAEBARELI",LAKE,UTTAR PRADESH,20.0,32.0,5.0,6.3,8.1,8.2,352.0,618.0,4.5,4.9,0.09,1.12,4700.0,6800.0,8000.0,8900.0,2017,"SAMARPUR JHEEL, RAEBARELI"
2500.0,"MAAHIL POND, URAI TEHSIL, JALAUN",POND,UTTAR PRADESH,17.0,35.3,0.0,2.9,8.1,9.7,293.0,3370.0,70.0,92.0,0.0,0.0,4900.0,9400.0,24000.0,43000.0,2017,"MAAHIL POND, URAI TEHSIL, JALAUN"
2501.0,"LAXMI POND, JHANSI",POND,UTTAR PRADESH,16.0,34.0,0.0,2.1,7.1,8.0,877.0,1715.0,85.0,95.0,0.0,0.0,1200.0,9400.0,28000.0,54000.0,2017,"LAXMI POND, JHANSI"
1362.0,NAINI LAKE AT NAINITAL (WATER INTAKE POINT),LAKE,UTTARAKHAND,8.0,19.0,6.8,8.2,7.4,8.2,450.0,510.0,1.0,1.8,,,,,,,2017,NAINI LAKE AT NAINITAL (WATER INTAKE POINT)
3437.0,BHEEMTAL LAKE,LAKE,UTTARAKHAND,9.0,19.0,7.2,8.1,7.4,8.1,180.0,310.0,1.2,1.8,,,,,,,2017,BHEEMTAL LAKE
1765.0,"RABINDRASAROVAR NATIONAL LAKE, CALCUTTA, WEST BENGAL",LAKE,WEST BENGAL,23.0,34.0,5.0,14.7,5.8,9.3,240.0,578.0,2.4,13.2,0.43,0.69,400.0,13000.0,800.0,17000.0,2017,"RABINDRASAROVAR NATIONAL LAKE, CALCUTTA, WEST BENGAL"
2503.0,HATISHALA GHAT ON DUDHPUKUR AT TARAKESHWAR,LAKE,WEST BENGAL,21.0,35.0,4.1,25.5,7.6,9.2,618.0,764.0,5.3,22.2,0.0,2.31,70000.0,300000.0,90000.0,500000.0,2017,HATISHALA GHAT ON DUDHPUKUR AT TARAKESHWAR
2504.0,MAINH GHAT ON DUDHPUKUR AT TARAKESHWAR,LAKE,WEST BENGAL,21.0,35.0,3.9,17.0,7.5,8.9,629.0,794.0,4.0,18.0,0.0,2.75,80000.0,240000.0,110000.0,300000.0,2017,MAINH GHAT ON DUDHPUKUR AT TARAKESHWAR
2505.0,HANUMAN GHAT ON DUDHPUKUR AT TARAKESHWAR,LAKE,WEST BENGAL,21.0,35.0,5.3,22.0,7.8,9.0,615.0,768.0,1.9,23.3,0.0,2.48,80000.0,280000.0,110000.0,350000.0,2017,HANUMAN GHAT ON DUDHPUKUR AT TARAKESHWAR
2519.0,KOCHBIHAR LAKE (SAGAR DIGHI),LAKE,WEST BENGAL,21.0,30.0,5.5,78.0,6.8,8.8,36.0,79.0,2.4,4.5,0.33,0.48,1300.0,6000.0,3300.0,22000.0,2017,KOCHBIHAR LAKE (SAGAR DIGHI)
2520.0,MIRIKH LAKE,LAKE,WEST BENGAL,10.0,20.0,6.4,7.3,6.7,7.6,64.0,139.0,2.3,3.6,0.3,0.63,2700.0,8000.0,9000.0,70000.0,2017,MIRIKH LAKE
2521.0,WATER RESERVIOR AT DELO,LAKE,WEST BENGAL,10.0,24.0,7.1,8.6,7.0,8.0,15.0,44.0,0.8,2.5,0.31,0.6,110.0,230.0,400.0,1400.0,2017,WATER RESERVIOR AT DELO
2522.0,SINCHAL LAKE FOR DARJEELING,LAKE,WEST BENGAL,4.0,13.0,7.6,8.8,6.1,7.8,10.0,34.0,0.5,2.4,0.37,0.53,90.0,140.0,170.0,1400.0,2017,SINCHAL LAKE FOR DARJEELING
2539.0,BELBONI LAKE NEAR BARJORA,LAKE,WEST BENGAL,20.0,34.0,6.4,9.8,7.4,8.1,161.0,299.0,1.1,5.4,0.06,0.5,700.0,2600.0,1400.0,3400.0,2017,BELBONI LAKE NEAR BARJORA
2544.0,SAHEBBANDH AT PURULIA,LAKE,WEST BENGAL,18.0,32.0,2.4,8.1,7.1,8.3,384.0,554.0,0.6,5.4,0.07,0.63,1700.0,17000.0,3300.0,28000.0,2017,SAHEBBANDH AT PURULIA
1790.0,"PULICATE LAKE , NELLORE DIST., A.P",LAKE,ANDHRA PRADESH,28.0,28.0,5.2,7.4,7.1,8.0,8670.0,47200.0,1.6,7.1,1.3,2.9,2.0,4.0,1100,1600.0,2018,"PULICATE LAKE , NELLORE DIST., A.P"
2353.0,"KONDACHARLAAAVA LAKE, PARAWADA PHARMA CITY, VISHA",LAKE,ANDHRA PRADESH,26.0,30.0,5.5,7.0,7.1,8.3,817.0,1108.0,1.2,1.5,1.2,2.8,15.0,39.0,350,2400.0,2018,"KONDACHARLAAAVA LAKE, PARAWADA PHARMA CITY, VISHA"
2205.0,"MER BEEL AT MADHABPUR, ASSAM",LAKE,ASSAM,15.0,24.0,0.5,8.9,5.6,7.2,30.0,116.0,3.2,62.0,0.2,8.0,2.0,2700.0,2,21000.0,2018,"MER BEEL AT MADHABPUR, ASSAM"
2206.0,"DALONI BEEL NEAR JOGIGHOPA, ASSAM",LAKE,ASSAM,20.0,36.0,5.1,7.9,6.8,9.5,52.0,197.0,0.8,2.1,0.1,1.1,2.0,360.0,2,910.0,2018,"DALONI BEEL NEAR JOGIGHOPA, ASSAM"
1263.0,ELANGABEEL SYSTEM POND (CONNECTED TO R. KOLANG),POND,ASSAM,20.0,36.0,1.6,6.0,6.7,7.8,461.0,958.0,3.8,18.0,0.7,2.3,300.0,2800.0,360,110000.0,2018,ELANGABEEL SYSTEM POND (CONNECTED TO R. KOLANG)
2207.0,"BOR BEEL AT JAKAI., ASSAM",POND,ASSAM,15.0,25.0,3.0,7.4,5.7,7.1,105.0,212.0,2.1,10.0,0.1,2.1,2.0,3500.0,360,24000.0,2018,"BOR BEEL AT JAKAI., ASSAM"
2208.0,"BORPUKHURI, NAZIRA, ASSAM",POND,ASSAM,18.0,32.0,4.3,7.2,6.3,8.4,20.0,38.0,1.3,3.1,0.1,3.0,2.0,360.0,300,730.0,2018,"BORPUKHURI, NAZIRA, ASSAM"
2209.0,"GAURISAGAR TANK, GAURISAGAR, ASSAM",POND,ASSAM,22.0,32.0,4.8,8.2,6.3,7.9,21.0,41.0,0.9,3.6,0.1,1.1,2.0,730.0,300,1500.0,2018,"GAURISAGAR TANK, GAURISAGAR, ASSAM"
2210.0,"RAJMAW PUKHURI, JORHAT, ASSAM",POND,ASSAM,19.0,33.0,5.3,7.8,6.5,7.6,44.0,96.0,1.4,5.9,0.3,1.6,2.0,910.0,360,2800.0,2018,"RAJMAW PUKHURI, JORHAT, ASSAM"
2211.0,"PADUMPUKHURI, TEZPUR, ASSAM",POND,ASSAM,20.0,33.0,6.8,8.4,7.1,8.9,218.0,279.0,3.4,17.5,0.1,1.7,2.0,910.0,2,910.0,2018,"PADUMPUKHURI, TEZPUR, ASSAM"
2212.0,"GOPHUR TANK, GOPHUR, ASSAM",POND,ASSAM,20.0,32.0,7.0,9.0,6.3,9.2,64.0,83.0,3.0,12.4,0.2,3.0,2.0,2800.0,2,21000.0,2018,"GOPHUR TANK, GOPHUR, ASSAM"
2213.0,"JAIPAL PUKHURI, SIPAJHAR, ASSAM",POND,ASSAM,20.0,32.0,6.5,8.6,6.7,8.5,17.0,244.0,3.2,8.0,0.1,1.5,2.0,730.0,2,1400.0,2018,"JAIPAL PUKHURI, SIPAJHAR, ASSAM"
2214.0,"BOTODRIVA SATRA POND, NAGAON, ASSAM",POND,ASSAM,22.0,34.0,3.8,9.0,6.3,7.9,18.0,152.0,4.6,9.0,0.1,1.9,2.0,910.0,2,1400.0,2018,"BOTODRIVA SATRA POND, NAGAON, ASSAM"
2215.0,"SARAN BEEL, ASSAM",POND,ASSAM,22.0,36.0,1.8,10.0,6.0,7.4,51.0,88.0,1.8,6.0,0.2,1.2,2.0,2000.0,2,12000.0,2018,"SARAN BEEL, ASSAM"
2216.0,"DIGHALI PUKHURI, GUWAHATI, ASSAM",POND,ASSAM,23.0,30.0,4.6,14.5,7.7,9.3,145.0,185.0,3.2,28.2,0.3,1.9,2.0,3500.0,2,240000.0,2018,"DIGHALI PUKHURI, GUWAHATI, ASSAM"
2217.0,"SUBHAGYA KUNDA POND KAMAKHYA TEMPLE, GUWAHATI, ASS",POND,ASSAM,22.0,30.0,4.5,11.0,6.3,8.1,282.0,441.0,2.8,16.0,0.2,2.4,2.0,21000.0,2,21000.0,2018,"SUBHAGYA KUNDA POND KAMAKHYA TEMPLE, GUWAHATI, ASS"
2218.0,"DEEPAR BEEL AT BORAGAON NEAR IASST, GUWAHATI, ASSA",POND,ASSAM,24.0,33.0,3.8,13.1,6.1,9.7,125.0,325.0,2.6,14.8,0.1,1.7,2.0,910.0,2,4200.0,2018,"DEEPAR BEEL AT BORAGAON NEAR IASST, GUWAHATI, ASSA"
2219.0,BISHNU PUSKAR PUKHURI OF HAYAGRIB MADHAB TEMPLE,POND,ASSAM,20.0,34.0,4.7,11.0,6.8,8.7,195.0,225.0,3.9,14.0,0.1,2.1,2.0,1500.0,2,4300.0,2018,BISHNU PUSKAR PUKHURI OF HAYAGRIB MADHAB TEMPLE
2220.0,"CHAND DUBI BEEL, CHAND DUBI, ASSAM",POND,ASSAM,20.0,36.0,4.6,10.6,5.8,7.6,18.0,42.0,1.4,4.5,0.2,1.4,2.0,910.0,2,2300.0,2018,"CHAND DUBI BEEL, CHAND DUBI, ASSAM"
2221.0,"GANGA PUKHURI, NALBARI (GORDON SCHOOL), ASSAM",POND,ASSAM,22.0,36.0,0.0,10.0,6.9,8.3,50.0,58.0,1.5,7.0,0.2,1.3,2.0,1500.0,300,7500.0,2018,"GANGA PUKHURI, NALBARI (GORDON SCHOOL), ASSAM"
2222.0,"RAJADINIA PUKHURI AT ABHAYAPURI, ASSAM",POND,ASSAM,22.0,38.0,4.8,5.6,6.5,7.9,10.0,112.0,1.1,2.8,0.1,1.1,2.0,2100.0,2,3900.0,2018,"RAJADINIA PUKHURI AT ABHAYAPURI, ASSAM"
2223.0,"MAHAMAYA MANDIR PUKHURI, ASSAM",POND,ASSAM,23.0,35.0,2.0,6.2,6.6,7.8,43.0,51.0,1.3,2.4,0.1,1.1,2.0,1500.0,730,29000.0,2018,"MAHAMAYA MANDIR PUKHURI, ASSAM"
2224.0,"RAJAPUKHURI AT GAURIPUR, ASSAM",POND,ASSAM,22.0,36.0,4.8,7.0,6.8,7.7,53.0,76.0,1.2,4.0,0.1,1.2,2.0,1500.0,360,3900.0,2018,"RAJAPUKHURI AT GAURIPUR, ASSAM"
2225.0,"BASKANDI POND INSIDE THE BASKANDI MADRASA, BASKAND",POND,ASSAM,20.0,25.0,3.1,5.6,6.8,7.2,94.0,136.0,2.3,5.0,0.4,4.3,2.0,730.0,2,2000.0,2018,"BASKANDI POND INSIDE THE BASKANDI MADRASA, BASKAND"
2226.0,"SIVASAGAR TANK (BORPUKHURI) NEAR SIVADOL, ASSAM",POND,ASSAM,18.0,33.0,4.0,7.8,6.2,7.9,18.0,33.0,1.2,4.2,0.1,1.1,2.0,360.0,360,1100.0,2018,"SIVASAGAR TANK (BORPUKHURI) NEAR SIVADOL, ASSAM"
2227.0,"HORDAI PUKHURI, CHARAIDEW, ASSAM",POND,ASSAM,21.0,33.0,5.5,8.1,6.5,7.8,23.0,34.0,1.8,3.4,0.3,1.9,2.0,910.0,360,1400.0,2018,"HORDAI PUKHURI, CHARAIDEW, ASSAM"
2228.0,"GALA BEEL AT DERGAON, ASSAM",POND,ASSAM,21.0,31.0,5.5,9.5,6.0,7.7,29.0,37.0,1.0,2.6,0.1,1.4,2.0,2000.0,2,21000.0,2018,"GALA BEEL AT DERGAON, ASSAM"
3772.0,BORPUKHURI AT SONARI,POND,ASSAM,19.0,33.0,4.9,8.5,6.3,7.5,50.0,95.0,1.6,4.0,0.6,1.6,2.0,720.0,360,1500.0,2018,BORPUKHURI AT SONARI
3806.0,POND WATER FROM RAMKRISHNA MISSION AT HAILAKANDI,POND,ASSAM,21.0,25.0,4.0,4.2,6.7,7.3,104.0,166.0,2.6,4.1,0.7,1.3,2.0,1500.0,2,2000.0,2018,POND WATER FROM RAMKRISHNA MISSION AT HAILAKANDI
3809.0,JORPUKHURI AT UZANBAZAR (UGRATALA TEMPLE),POND,ASSAM,23.0,32.0,3.2,8.4,6.8,8.9,302.0,364.0,2.8,23.5,0.2,3.8,360.0,240000.0,730,240000.0,2018,JORPUKHURI AT UZANBAZAR (UGRATALA TEMPLE)
4006.0,NETAI PUKHURI AT NETAI PUKHURI,POND,ASSAM,20.0,32.0,2.5,6.5,6.2,7.9,20.0,49.0,1.3,2.8,0.1,1.3,600.0,910.0,910,2100.0,2018,NETAI PUKHURI AT NETAI PUKHURI
1532.0,"*GOYSAGAR TANK, SIBSAGAR, ASSAM",TANK,ASSAM,21.0,32.0,5.0,8.3,6.1,7.7,10.0,27.0,0.9,3.2,0.1,1.6,2.0,730.0,300,1100.0,2018,"*GOYSAGAR TANK, SIBSAGAR, ASSAM"
2557.0,KAWAR LAKE BEGUSARAI,LAKE,BIHAR,17.0,33.0,8.2,14.8,7.2,8.5,149.0,465.0,2.4,2.8,0.0,35.0,4000.0,11000.0,11000,22000.0,2018,KAWAR LAKE BEGUSARAI
2571.0,"MOTI JHEEL AT MOTIHARII, BIHAR",LAKE,BIHAR,14.0,32.0,7.9,12.7,6.9,9.4,328.0,781.0,2.1,2.9,0.0,3.8,4000.0,7900.0,11000,15000.0,2018,"MOTI JHEEL AT MOTIHARII, BIHAR"
4296.0,"SIKANDARPUR, MUZAFFARPUR",LAKE,BIHAR,23.0,35.0,5.7,10.5,6.7,8.0,347.0,1220.0,1.8,2.8,0.1,0.9,3100.0,7900.0,7000,14000.0,2018,"SIKANDARPUR, MUZAFFARPUR"
2573.0,"TIGHI TALAB AT GAYA, BIHAR",POND,BIHAR,18.0,38.0,5.6,10.4,7.2,8.4,437.0,1121.0,2.5,2.9,0.0,2.4,2100.0,21000.0,4600,29000.0,2018,"TIGHI TALAB AT GAYA, BIHAR"
2574.0,"SURAJ KUND AT GAYA, BIHAR",POND,BIHAR,18.0,37.0,6.4,10.2,7.1,8.1,202.0,1131.0,2.2,2.9,0.0,2.2,1700.0,11000.0,3300,22000.0,2018,"SURAJ KUND AT GAYA, BIHAR"
2046.0,"SUKHNA LAKE, CHANDIGARH",LAKE,CHANDIGARH,16.0,30.5,4.8,9.9,7.3,8.2,198.0,287.0,1.0,4.0,0.0,4.9,2.0,18000.0,2,30000.0,2018,"SUKHNA LAKE, CHANDIGARH"
3163.0,"HITKASA TAILING DAM, RAJHARA, CHHATISGARH.",LAKE,CHHATTISGARH,18.0,30.0,6.0,6.8,7.0,7.5,,,,,0.0,0.0,,,,,2018,"HITKASA TAILING DAM, RAJHARA, CHHATISGARH."
3164.0,"NEHRU NAGAR TALAB, BHILAI, CHHATISGARH.",POND,CHHATTISGARH,12.0,28.0,0.7,7.2,7.2,7.8,,,,,0.0,0.0,,,,,2018,"NEHRU NAGAR TALAB, BHILAI, CHHATISGARH."
3030.0,"SANJAY LAKE, DELHI",LAKE,DELHI,31.0,31.0,16.4,16.4,8.7,8.7,1162.0,1162.0,17.0,17.0,0.0,0.0,170.0,170.0,280,280.0,2018,"SANJAY LAKE, DELHI"
3031.0,"BHALSWA LAKE, DELHI",LAKE,DELHI,,,,,8.1,8.1,7110.0,7110.0,36.0,36.0,3.3,3.3,49.0,49.0,13000,13000.0,2018,"BHALSWA LAKE, DELHI"
3032.0,"SULTANPUR LAKE, DELHI",LAKE,DELHI,,,3.9,3.9,,,417.0,417.0,BDL,BDL,1.4,1.4,2400.0,2400.0,3500,3500.0,2018,"SULTANPUR LAKE, DELHI"
3476.0,"LAKE NEAR IIT FLYOVER, DELHI",LAKE,DELHI,,,7.4,20.0,7.4,8.0,801.0,824.0,11.0,11.0,1.1,40.8,400.0,4900.0,1100,92000.0,2018,"LAKE NEAR IIT FLYOVER, DELHI"
1549.0,"SALAULIM LAKE AT SALAULIM SANGUEM, GOA",LAKE,GOA,27.0,31.0,6.0,8.6,6.8,7.8,35.0,61.0,0.6,2.3,BDL,0.4,2.0,23.0,BDL,49.0,2018,"SALAULIM LAKE AT SALAULIM SANGUEM, GOA"
2269.0,"MAYEM LAKE, BICHOLIM",LAKE,GOA,27.0,32.0,5.7,9.8,6.1,8.2,29.0,262.0,0.0,4.8,BDL,0.7,450.0,17000.0,780,28000.0,2018,"MAYEM LAKE, BICHOLIM"
3175.0,ANJUNEM LAKE,LAKE,GOA,25.0,32.0,4.9,8.2,7.0,8.1,46.0,187.0,0.3,1.7,0.0,0.1,7.0,540.0,13,920.0,2018,ANJUNEM LAKE
3176.0,RUMDER LAKE,LAKE,GOA,24.6,32.0,1.9,10.5,6.6,8.5,84.0,331.0,0.3,9.7,BDL,15.9,200.0,13000.0,450,24000.0,2018,RUMDER LAKE
3177.0,CARAMBOLIM LAKE,LAKE,GOA,26.0,34.0,3.2,7.3,6.7,8.5,144.0,362.0,0.0,3.9,0.0,1.1,200.0,2300.0,400,4900.0,2018,CARAMBOLIM LAKE
3178.0,RAIA LAKE,LAKE,GOA,27.6,31.2,4.8,11.2,6.0,8.7,80.0,209.0,0.8,4.8,0.0,1.4,200.0,7900.0,450,17000.0,2018,RAIA LAKE
3179.0,SAIPEM LAKE,LAKE,GOA,27.0,31.4,0.9,8.0,6.4,7.9,223.0,839.0,1.1,6.0,0.0,6.4,24000.0,54000.0,54000,92000.0,2018,SAIPEM LAKE
3180.0,CURTORIM LAKE,LAKE,GOA,27.0,31.4,4.0,6.8,6.0,7.6,80.0,218.0,0.8,4.9,0.0,12.0,450.0,7900.0,780,17000.0,2018,CURTORIM LAKE
1343.0,"KANKORIA LAKE AT AHMEDABAD, NR. BALVATIKA, GUJARAT",LAKE,GUJARAT,22.0,32.0,3.7,9.6,8.3,9.2,292.0,3218.0,13.0,43.0,0.2,0.4,21.0,45.0,210,430.0,2018,"KANKORIA LAKE AT AHMEDABAD, NR. BALVATIKA, GUJARAT"
1344.0,"CHANDOLA LAKE AT AHMEDABAD, GUJARAT",LAKE,GUJARAT,18.0,30.0,3.3,9.1,7.9,9.2,442.0,1335.0,8.0,39.0,0.0,0.3,21.0,68.0,210,430.0,2018,"CHANDOLA LAKE AT AHMEDABAD, GUJARAT"
1345.0,"AJWAH LAKE AT SRI SAYAJI SABVAR, BARODA, GUJARAT",LAKE,GUJARAT,25.0,31.0,7.0,9.1,7.4,8.5,276.0,371.0,0.3,0.8,0.4,0.9,2.0,11.0,4,33.0,2018,"AJWAH LAKE AT SRI SAYAJI SABVAR, BARODA, GUJARAT"
1346.0,"SURSAGAR LAKE AT BARODA, GUJARAT",LAKE,GUJARAT,27.0,32.0,2.7,5.8,7.3,8.4,1401.0,4280.0,0.2,11.2,0.6,1.0,12.0,540.0,47,920.0,2018,"SURSAGAR LAKE AT BARODA, GUJARAT"
1972.0,"NALSAROVAR LAKE (SANAND), DIST.AHMEDABAD",LAKE,GUJARAT,26.0,31.0,BDL,9.2,7.5,10.0,2305.0,29310.0,5.0,93.0,0.0,0.3,5.0,14.0,31,58.0,2018,"NALSAROVAR LAKE (SANAND), DIST.AHMEDABAD"
1973.0,"BINDUSAROVAR, SIDDHPUR (DIST.PATAN)",LAKE,GUJARAT,21.0,30.0,3.8,8.7,7.2,8.4,2164.0,2808.0,2.1,19.0,0.1,0.7,4.0,17.0,24,79.0,2018,"BINDUSAROVAR, SIDDHPUR (DIST.PATAN)"
1975.0,"LAKHOTA TALAV, JAMNAGAR",LAKE,GUJARAT,21.0,30.0,4.6,6.6,7.0,8.5,340.0,620.0,4.5,11.0,0.2,0.4,2.0,10.0,2,27.0,2018,"LAKHOTA TALAV, JAMNAGAR"
1976.0,NARSIMEHTA TALAV JUNAGADH,LAKE,GUJARAT,22.0,26.0,0.0,13.6,6.7,8.3,303.0,1280.0,2.6,86.6,0.0,0.5,2.0,4.0,BDL,21.0,2018,NARSIMEHTA TALAV JUNAGADH
2075.0,"DHAROI DAM, DIST. MEHSANA.",LAKE,GUJARAT,26.0,29.0,5.3,8.5,7.3,8.5,347.0,459.0,1.1,2.0,0.0,0.1,2.0,2.0,12,25.0,2018,"DHAROI DAM, DIST. MEHSANA."
2076.0,ANKLESHWAR RESERVOIR AT GIDC ANKLESHWAR AT VALIA R,LAKE,GUJARAT,28.0,31.0,5.9,7.8,7.3,9.6,10.0,792.0,0.3,1.3,0.0,0.7,11.0,22.0,33,94.0,2018,ANKLESHWAR RESERVOIR AT GIDC ANKLESHWAR AT VALIA R
2077.0,"MOTICHER LAKE NEAR KAKARPAR ATOMIC POWER STATION,",LAKE,GUJARAT,27.0,32.0,6.8,7.5,7.2,8.1,4.0,530.0,0.5,1.1,0.0,0.1,3.0,27.0,20,172.0,2018,"MOTICHER LAKE NEAR KAKARPAR ATOMIC POWER STATION,"
2078.0,"KUWADAVA LAKE, VILL. KUWADAVA, DIST. RAJKOT.",LAKE,GUJARAT,24.0,29.0,4.5,7.2,7.2,8.1,1090.0,3680.0,2.0,32.5,0.0,0.3,2.0,14.0,8,14.0,2018,"KUWADAVA LAKE, VILL. KUWADAVA, DIST. RAJKOT."
3197.0,"MACHHUII DAM, RAFLESHWAR, MORBI, RAJKOT",LAKE,GUJARAT,25.0,38.0,3.3,6.8,7.4,8.2,466.0,2682.0,0.3,60.0,0.1,0.1,2.0,2.0,2,14.0,2018,"MACHHUII DAM, RAFLESHWAR, MORBI, RAJKOT"
3198.0,"GOMTI LAKE, OPP, RANCHODAJI TEMPLE, DAKOR, KHEDA",LAKE,GUJARAT,23.0,28.0,3.1,5.8,7.4,8.1,432.0,648.0,0.6,3.8,0.4,0.9,4.0,46.0,21,120.0,2018,"GOMTI LAKE, OPP, RANCHODAJI TEMPLE, DAKOR, KHEDA"
3199.0,"HAMISAR TALAV, BHUJ",LAKE,GUJARAT,24.0,33.0,2.1,5.2,7.0,8.4,672.0,1700.0,1.2,8.9,0.0,8.6,6.0,9.0,14,26.0,2018,"HAMISAR TALAV, BHUJ"
3200.0,MOONSAR LAKE OF VIRAMGAM,LAKE,GUJARAT,27.0,32.0,BDL,9.6,8.4,9.4,3137.0,6632.0,20.0,80.0,0.2,0.4,13.0,63.0,58,430.0,2018,MOONSAR LAKE OF VIRAMGAM
3201.0,"MALAV TALAV, DHOLKA",LAKE,GUJARAT,26.0,30.0,1.7,9.0,8.9,9.9,2259.0,9400.0,12.0,36.0,0.2,0.4,2.0,40.0,2,280.0,2018,"MALAV TALAV, DHOLKA"
3202.0,VHERAIMATA TALAV AT ANAND,LAKE,GUJARAT,29.0,30.0,2.1,8.5,7.7,8.5,222.0,1361.0,0.4,7.2,0.0,0.6,12.0,46.0,49,210.0,2018,VHERAIMATA TALAV AT ANAND
1979.0,"OLPAD, VILLAGE POND:OLPAD, SURAT",POND,GUJARAT,27.0,34.0,6.0,7.1,7.1,8.4,405.0,2528.0,1.1,2.3,0.1,0.2,9.0,84.0,84,221.0,2018,"OLPAD, VILLAGE POND:OLPAD, SURAT"
2079.0,"DHUDHIA TALAV AT NAVSARI, DIST. NAVSARI.",POND,GUJARAT,22.0,32.0,6.1,7.4,7.3,8.3,331.0,589.0,1.1,2.1,0.0,0.2,2.0,48.0,23,348.0,2018,"DHUDHIA TALAV AT NAVSARI, DIST. NAVSARI."
1971.0,THOL TANK (KALOL) (DIST. MEHASANA),TANK,GUJARAT,27.0,30.0,2.4,9.8,BDL,8.2,341.0,2154.0,5.0,166.0,0.0,0.6,4.0,45.0,17,350.0,2018,THOL TANK (KALOL) (DIST. MEHASANA)
1349.0,"BRAHMSAROVAR LAKE AT KURUKSHETRA, HARYANA",LAKE,HARYANA,20.0,20.0,6.8,9.0,7.3,8.7,173.0,521.0,0.8,5.5,,,800.0,2200.0,2700,4900.0,2018,"BRAHMSAROVAR LAKE AT KURUKSHETRA, HARYANA"
1392.0,"SUKHNA LAKE, CHANDIGARH",LAKE,HARYANA,,,4.8,4.8,7.7,8.4,321.0,660.0,0.8,5.0,,,800.0,900.0,2000,2600.0,2018,"SUKHNA LAKE, CHANDIGARH"
3033.0,SOHNA LAKE,LAKE,HARYANA,,,6.3,6.3,7.1,7.4,205.0,298.0,6.0,6.0,,,,,,,2018,SOHNA LAKE
1291.0,"GOBINDSAGAR LAKE AT BILASPUR, H.P.",LAKE,HIMACHAL PRADESH,10.0,22.0,8.1,11.5,7.4,8.7,144.0,397.0,0.2,0.6,0.1,1.1,26.0,120.0,280,920.0,2018,"GOBINDSAGAR LAKE AT BILASPUR, H.P."
1292.0,"PONGDAM LAKE AT PONG VILLAGE, H.P.",LAKE,HIMACHAL PRADESH,7.7,18.0,6.9,8.9,7.0,8.1,154.0,536.0,0.1,0.5,0.1,2.9,2.0,6.0,63,180.0,2018,"PONGDAM LAKE AT PONG VILLAGE, H.P."
1429.0,"RENUKA LAKE , 35 KM FROM PATNA SAHIB NORTH , H.P",LAKE,HIMACHAL PRADESH,10.0,26.0,5.5,8.2,7.7,8.3,402.0,826.0,0.6,2.2,0.0,0.5,21.0,34.0,40,84.0,2018,"RENUKA LAKE , 35 KM FROM PATNA SAHIB NORTH , H.P"
2649.0,RIWALSAR LAKE,LAKE,HIMACHAL PRADESH,11.0,32.0,6.0,10.9,7.8,8.5,165.0,390.0,0.7,6.0,0.0,2.0,58.0,220.0,920,1600.0,2018,RIWALSAR LAKE
2650.0,KHAZIAR LAKE,LAKE,HIMACHAL PRADESH,7.6,12.3,5.8,6.2,6.7,7.8,50.0,102.0,1.8,6.0,0.5,2.4,4.0,22.0,110,540.0,2018,KHAZIAR LAKE
1309.0,"DAL LAKE AT SRINAGAR, J&K",LAKE,JAMMU & KASHMIR,8.4,27.3,3.4,8.3,7.5,8.4,173.0,266.0,1.5,4.2,,,,,,,2018,"DAL LAKE AT SRINAGAR, J&K"
2738.0,"MID POINT(MANSAR LAKE), J&K",LAKE,JAMMU & KASHMIR,12.0,28.0,7.5,8.2,7.6,8.1,204.0,260.0,1.0,2.5,0.2,0.4,,,,,2018,"MID POINT(MANSAR LAKE), J&K"
2739.0,POINT OF DISCHARGE OF WASTE WATER FROM DIFFERENT E,LAKE,JAMMU & KASHMIR,12.0,26.0,4.9,7.9,7.5,8.8,228.0,285.0,1.3,4.8,0.2,1.3,,,,,2018,POINT OF DISCHARGE OF WASTE WATER FROM DIFFERENT E
2740.0,"MID POINT(SURINSAR LAKE), J&K",LAKE,JAMMU & KASHMIR,13.0,28.0,4.5,8.8,7.8,8.2,210.0,320.0,3.6,7.0,0.8,2.6,,,,,2018,"MID POINT(SURINSAR LAKE), J&K"
2741.0,POINT OF DISCHARGE OF WASTE WATER FROM DIFFERENT E,LAKE,JAMMU & KASHMIR,13.0,28.0,4.1,8.5,7.8,8.2,204.0,340.0,3.4,8.0,0.7,3.8,,,,,2018,POINT OF DISCHARGE OF WASTE WATER FROM DIFFERENT E
3251.0,DAL LAKE AT DALGATE,LAKE,JAMMU & KASHMIR,5.8,27.0,2.0,6.0,7.4,7.9,155.0,354.0,1.7,5.0,,,,,,,2018,DAL LAKE AT DALGATE
3252.0,DAL LAKE AT CHAIRCHINARI,LAKE,JAMMU & KASHMIR,4.3,28.0,6.1,10.1,7.6,8.3,232.0,280.0,2.0,2.6,,,,,,,2018,DAL LAKE AT CHAIRCHINARI
3253.0,DAL LAKE NEAR NISHAT LAM,LAKE,JAMMU & KASHMIR,9.0,29.0,4.0,8.8,7.7,9.1,170.0,319.0,1.9,8.0,,,,,,,2018,DAL LAKE NEAR NISHAT LAM
3254.0,DAL LAKE AT ABIKARPORA,LAKE,JAMMU & KASHMIR,4.2,26.9,2.0,10.5,7.3,8.3,227.0,301.0,1.0,2.8,,,,,,,2018,DAL LAKE AT ABIKARPORA
3256.0,DAL LAKE AT ENTRY POINT OF TALIBAL NALLAH,LAKE,JAMMU & KASHMIR,5.0,28.2,5.0,9.2,7.4,8.6,149.0,351.0,1.5,3.6,,,,,,,2018,DAL LAKE AT ENTRY POINT OF TALIBAL NALLAH
3257.0,DAL LAKE AT HABAK,LAKE,JAMMU & KASHMIR,6.4,30.0,4.0,11.3,7.4,8.3,236.0,472.0,4.5,9.9,,,,,,,2018,DAL LAKE AT HABAK
3258.0,DAL LAKE AT HAZRATBAL,LAKE,JAMMU & KASHMIR,6.3,28.0,3.0,10.0,7.5,8.1,236.0,430.0,2.5,9.0,,,,,,,2018,DAL LAKE AT HAZRATBAL
3259.0,DAL LAKE AT DHOBIGHAT,LAKE,JAMMU & KASHMIR,4.6,29.1,4.0,11.0,7.4,8.2,236.0,363.0,2.4,5.4,,,,,,,2018,DAL LAKE AT DHOBIGHAT
3260.0,DAL LAKE AT SONALANK,LAKE,JAMMU & KASHMIR,4.4,28.9,5.0,11.5,7.5,8.0,203.0,342.0,1.4,2.8,,,,,,,2018,DAL LAKE AT SONALANK
3261.0,"DAL LAKE AT NISHAT, WATER INTAKE POINT OF NISHAT W",LAKE,JAMMU & KASHMIR,4.6,28.1,3.9,8.5,7.7,8.7,156.0,372.0,1.9,4.7,,,,,,,2018,"DAL LAKE AT NISHAT, WATER INTAKE POINT OF NISHAT W"
3262.0,"DAL LAKE AT NIGEEN, WATER INTAKE PT OF POKHRIBAL W",LAKE,JAMMU & KASHMIR,4.8,28.1,5.4,8.9,7.6,8.1,228.0,336.0,2.0,3.7,,,,,,,2018,"DAL LAKE AT NIGEEN, WATER INTAKE PT OF POKHRIBAL W"
3263.0,WULAR LAKE AT NINGLI NALLAH,LAKE,JAMMU & KASHMIR,6.5,24.0,6.5,11.8,7.5,8.0,116.0,240.0,0.8,5.1,,,,,,,2018,WULAR LAKE AT NINGLI NALLAH
3264.0,WULAR LAKE AT WATLAB,LAKE,JAMMU & KASHMIR,7.0,28.1,6.0,8.3,7.5,7.8,134.0,284.0,0.7,5.9,,,,,,,2018,WULAR LAKE AT WATLAB
3265.0,WULAR LAKE ATKANIBATH,LAKE,JAMMU & KASHMIR,6.5,25.0,4.9,8.1,7.2,7.8,155.0,250.0,1.3,6.3,,,,,,,2018,WULAR LAKE ATKANIBATH
3266.0,WULAR LAKE AT ENTRY PT OF ERIN NALLAH,LAKE,JAMMU & KASHMIR,6.0,20.6,4.6,8.8,7.3,7.9,180.0,296.0,3.0,7.5,,,,,,,2018,WULAR LAKE AT ENTRY PT OF ERIN NALLAH
4040.0,ASHAIBAGH BRIDGE,LAKE,JAMMU & KASHMIR,6.0,28.0,2.6,6.6,7.5,7.9,257.0,316.0,2.0,2.8,,,,,,,2018,ASHAIBAGH BRIDGE
4041.0,NAYADYAR,LAKE,JAMMU & KASHMIR,10.5,27.6,0.6,1.0,7.2,7.9,317.0,858.0,14.0,21.0,,,,,,,2018,NAYADYAR
4042.0,JOGILANKER,LAKE,JAMMU & KASHMIR,3.9,28.0,0.5,2.2,7.1,7.8,317.0,851.0,12.0,20.0,,,,,,,2018,JOGILANKER
4043.0,AT SINDH INFLOW,LAKE,JAMMU & KASHMIR,8.0,25.4,4.8,7.0,7.3,7.9,311.0,520.0,2.0,3.0,,,,,,,2018,AT SINDH INFLOW
4044.0,CENTRAL SITE,LAKE,JAMMU & KASHMIR,8.0,26.3,3.5,5.0,7.3,7.9,375.0,458.0,2.0,4.0,,,,,,,2018,CENTRAL SITE
4045.0,AT SANGAM,LAKE,JAMMU & KASHMIR,8.0,26.6,2.4,4.8,7.2,7.9,372.0,471.0,3.0,6.4,,,,,,,2018,AT SANGAM
4046.0,NEAR SKIMS,LAKE,JAMMU & KASHMIR,8.2,25.3,2.5,3.6,7.2,7.8,358.0,480.0,3.0,6.0,,,,,,,2018,NEAR SKIMS
4047.0,JENAB SAHAB SOURA,LAKE,JAMMU & KASHMIR,8.2,25.0,2.0,3.5,7.3,7.8,358.0,460.0,3.0,6.5,,,,,,,2018,JENAB SAHAB SOURA
2394.0,TOP CHACHI LAKE,LAKE,JHARKHAND,24.0,34.0,7.4,7.6,7.2,7.5,,,0.7,1.0,,,,,,,2018,TOP CHACHI LAKE
2398.0,"DIMNA LAKE, DIMNA",LAKE,JHARKHAND,8.5,26.5,7.5,8.2,7.4,7.8,158.0,292.0,0.3,0.6,0.6,1.2,,,,,2018,"DIMNA LAKE, DIMNA"
2402.0,HAZARIBAGH MEETHAJHIL,LAKE,JHARKHAND,16.0,38.0,6.5,8.9,6.7,7.4,,,1.4,3.3,,,,,,,2018,HAZARIBAGH MEETHAJHIL
2393.0,"SHIV GANGA POND, DEOGHAR",POND,JHARKHAND,13.0,32.0,6.5,8.4,6.7,7.8,314.0,316.0,2.4,2.8,,,,,,,2018,"SHIV GANGA POND, DEOGHAR"
1388.0,"ULSOOR LAKE TRAINING CENTRE OF FISH BREEDING, KARN",LAKE,KARNATAKA,24.6,33.0,4.1,8.8,6.8,8.6,302.0,545.0,2.0,7.0,0.5,3.1,110.0,220000.0,920,1720000.0,2018,"ULSOOR LAKE TRAINING CENTRE OF FISH BREEDING, KARN"
1446.0,"HEBALLA VALLEY LAKE AT D/S ROAD BRIDGE NR. MANDYA,",LAKE,KARNATAKA,24.0,26.0,0.5,6.7,6.7,8.1,120.0,882.0,2.4,6.7,0.1,2.3,380.0,1200.0,1700,4700.0,2018,"HEBALLA VALLEY LAKE AT D/S ROAD BRIDGE NR. MANDYA,"
3582.0,HEBBAL LAKE,LAKE,KARNATAKA,20.0,26.0,0.0,6.0,5.7,7.9,983.0,1920.0,4.0,25.6,0.4,4.2,1100.0,2700.0,5800,7900.0,2018,HEBBAL LAKE
3583.0,KUKKARAHALLI LAKE,LAKE,KARNATAKA,22.0,27.0,6.5,7.7,8.4,9.1,535.0,624.0,3.0,5.0,0.2,2.5,910.0,1700.0,3800,5800.0,2018,KUKKARAHALLI LAKE
3584.0,DALAVAI LAKE,LAKE,KARNATAKA,23.0,29.0,0.0,4.0,6.5,7.8,896.0,1180.0,10.1,23.2,0.2,4.3,1400.0,3100.0,6300,8400.0,2018,DALAVAI LAKE
3585.0,YENNEHOLE LAKE,LAKE,KARNATAKA,19.0,29.0,0.0,3.6,7.3,8.1,852.0,1203.0,10.4,24.2,0.2,5.6,1700.0,2700.0,6300,7900.0,2018,YENNEHOLE LAKE
3586.0,LIMBHABUDI LAKE,LAKE,KARNATAKA,20.0,33.0,4.0,7.1,7.9,9.5,467.0,938.0,3.0,10.3,0.1,2.4,920.0,1400.0,3500,6300.0,2018,LIMBHABUDI LAKE
3587.0,SHETTYKERE LAKE,LAKE,KARNATAKA,22.0,29.0,5.0,7.0,7.6,9.2,654.0,989.0,3.0,6.4,0.1,5.6,920.0,1700.0,3400,6300.0,2018,SHETTYKERE LAKE
3591.0,KEMPAMBUDHI LAKE,LAKE,KARNATAKA,24.0,30.0,5.5,8.3,6.9,8.4,421.0,596.0,3.0,9.0,0.5,7.0,33.0,84000.0,130,920000.0,2018,KEMPAMBUDHI LAKE
3592.0,YEDIYUR LAKE,LAKE,KARNATAKA,24.0,30.0,5.0,7.8,6.5,8.2,265.0,1128.0,3.0,5.0,0.2,4.7,490.0,12000.0,3500,92000.0,2018,YEDIYUR LAKE
3593.0,"ULSOOR LAKE TRAINING CENTRE OF FISH BREEDING, KARN",LAKE,KARNATAKA,27.0,33.0,5.0,8.7,7.0,8.8,320.0,2775.0,3.0,10.0,0.5,2.4,110.0,270000.0,920,3480000.0,2018,"ULSOOR LAKE TRAINING CENTRE OF FISH BREEDING, KARN"
3601.0,KARIHOBANAHALLI LAKE,LAKE,KARNATAKA,25.0,29.0,0.0,4.8,7.2,7.8,1680.0,3570.0,18.0,38.0,1.4,26.0,47000.0,1100000.0,540000,16000000.0,2018,KARIHOBANAHALLI LAKE
3602.0,BELLANDUR LAKE,LAKE,KARNATAKA,26.0,30.0,0.0,5.1,6.8,7.5,418.0,1237.0,3.0,32.0,0.6,11.0,70000.0,7900000.0,1600000,34800000.0,2018,BELLANDUR LAKE
3608.0,VARTHUR LAKE,LAKE,KARNATAKA,25.0,29.0,3.2,6.0,6.5,7.2,885.0,1379.0,5.0,46.0,0.4,15.0,27000.0,490000.0,240000,5420000.0,2018,VARTHUR LAKE
3610.0,TUBRAHALLI LAKE,LAKE,KARNATAKA,23.0,29.0,1.6,4.5,6.8,7.5,1072.0,1786.0,4.0,47.0,0.9,8.8,460.0,2100000.0,5400,34500000.0,2018,TUBRAHALLI LAKE
3611.0,KAIKONDANAHALLI LAKE,LAKE,KARNATAKA,26.0,30.0,2.8,6.5,6.5,7.6,657.0,1246.0,4.0,13.0,0.7,13.9,330.0,17000.0,5400,92000.0,2018,KAIKONDANAHALLI LAKE
3612.0,AGARAM LAKE,LAKE,KARNATAKA,26.0,30.0,1.3,7.0,6.5,7.6,525.0,1246.0,2.0,13.0,0.5,8.5,330.0,46000.0,3500,350000.0,2018,AGARAM LAKE
3613.0,GOTTEGRE LAKE,LAKE,KARNATAKA,28.0,29.0,2.3,5.6,6.1,6.9,456.0,1102.0,4.0,10.0,0.7,8.0,840.0,28000.0,17000,160000.0,2018,GOTTEGRE LAKE
3614.0,PUTTENAHALLI LAKE (S),LAKE,KARNATAKA,25.2,30.0,2.2,7.6,6.3,8.0,479.0,1290.0,3.0,10.0,0.9,7.1,430.0,1700000.0,5400,10900000.0,2018,PUTTENAHALLI LAKE (S)
3615.0,ARAKERE LAKE,LAKE,KARNATAKA,25.4,30.0,0.9,7.3,6.5,8.0,707.0,1212.0,4.0,28.0,1.0,12.7,6300.0,460000.0,15000,1720000.0,2018,ARAKERE LAKE
3616.0,KALENA AGRAHARA LAKE,LAKE,KARNATAKA,25.2,28.0,5.4,7.1,7.0,7.6,640.0,1037.0,4.0,11.0,1.5,3.5,33000.0,220000.0,130000,1720000.0,2018,KALENA AGRAHARA LAKE
3617.0,HULIMAVU LAKE,LAKE,KARNATAKA,25.3,29.0,2.3,7.6,6.4,8.2,484.0,1288.0,4.0,20.0,0.9,6.2,2200.0,490000.0,14000,3480000.0,2018,HULIMAVU LAKE
3618.0,SINGASANDRA LAKE,LAKE,KARNATAKA,26.0,30.0,1.5,10.2,6.5,7.6,66.0,1240.0,3.6,79.0,0.7,28.6,460.0,12000.0,3200,92000.0,2018,SINGASANDRA LAKE
3620.0,PARAPPANA AGRAHARA LAKE,LAKE,KARNATAKA,25.0,30.0,2.1,5.7,6.5,8.4,760.0,1686.0,3.0,22.0,0.4,10.0,7900.0,1100000.0,28000,9200000.0,2018,PARAPPANA AGRAHARA LAKE
3621.0,HARALAKUNTE LAKE,LAKE,KARNATAKA,27.0,30.0,1.5,6.2,6.3,8.0,679.0,968.0,4.0,11.0,0.5,11.4,1400.0,2100000.0,9200,22100000.0,2018,HARALAKUNTE LAKE
3622.0,SOMASUNDRA PALYA LAKE,LAKE,KARNATAKA,26.0,28.0,0.0,6.7,6.6,7.2,777.0,1232.0,6.0,56.0,0.8,4.4,4900.0,79000.0,35000,540000.0,2018,SOMASUNDRA PALYA LAKE
3624.0,PUTTENAHALLI LAKE,LAKE,KARNATAKA,26.0,31.0,0.0,7.4,6.8,7.7,783.0,1362.0,3.0,84.0,0.4,4.0,3300.0,49000000.0,24000,240000000.0,2018,PUTTENAHALLI LAKE
3625.0,HEBBAL LAKE,LAKE,KARNATAKA,24.0,30.0,4.2,8.4,6.0,7.3,478.0,664.0,3.0,5.0,0.4,3.8,1400.0,33000.0,7000,348000.0,2018,HEBBAL LAKE
3627.0,JAKKUR LAKE,LAKE,KARNATAKA,28.0,31.0,4.0,8.7,6.6,9.3,632.0,1103.0,4.0,15.0,0.8,10.4,400.0,9400.0,3480,35000.0,2018,JAKKUR LAKE
3628.0,AMRUTHAHALLI LAKE,LAKE,KARNATAKA,27.0,31.0,0.5,4.3,6.8,7.1,1003.0,1120.0,5.0,77.0,0.6,2.0,790.0,11000.0,5400,92000.0,2018,AMRUTHAHALLI LAKE
3644.0,MULBHAGAL LAKE,LAKE,KARNATAKA,22.0,29.0,1.2,8.9,7.2,9.0,1522.0,2248.0,8.0,28.0,1.0,50.0,330.0,33000.0,3500,172000.0,2018,MULBHAGAL LAKE
3645.0,DEVARAYASAMUDRA LAKE,LAKE,KARNATAKA,22.0,29.0,1.8,8.0,6.6,8.4,220.0,518.0,3.0,56.0,0.2,2.4,170.0,2600.0,1090,27800.0,2018,DEVARAYASAMUDRA LAKE
3646.0,NARASAPURA LAKE,LAKE,KARNATAKA,20.0,30.0,2.8,7.3,6.8,8.3,315.0,689.0,2.0,40.0,0.4,7.0,8.0,11000.0,5400,92000.0,2018,NARASAPURA LAKE
3647.0,HULEDANAHALLI LAKE,LAKE,KARNATAKA,23.0,26.0,2.0,6.1,7.1,7.6,207.0,343.0,4.0,5.0,0.4,1.2,490.0,2800.0,3480,16000.0,2018,HULEDANAHALLI LAKE
3649.0,BUGUDANAHALLI LAKE,LAKE,KARNATAKA,22.0,25.0,5.6,7.9,6.2,7.8,122.0,271.0,3.0,4.0,0.1,1.7,330.0,17000.0,3500,160000.0,2018,BUGUDANAHALLI LAKE
4094.0,"GANGONDANA HALLI LAKE, BENGALURU NORTH",LAKE,KARNATAKA,23.0,25.0,0.4,3.2,6.6,7.3,1912.0,3000.0,19.0,74.0,2.0,11.0,400.0,21000000.0,3500,160000000.0,2018,"GANGONDANA HALLI LAKE, BENGALURU NORTH"
4095.0,"CHIKKABANVARA LAKE, CHIKKABANWARA, BENGALURU NORTH",LAKE,KARNATAKA,23.0,25.0,1.5,5.5,6.7,7.7,1529.0,2490.0,4.0,17.0,1.2,16.0,330.0,11000.0,3500,92000.0,2018,"CHIKKABANVARA LAKE, CHIKKABANWARA, BENGALURU NORTH"
4096.0,"ANDHRAHALLI LAKE, ANDHRAHALLI, BENGALURU",LAKE,KARNATAKA,23.0,25.0,0.8,5.8,6.5,8.0,55.0,1586.0,4.0,10.0,0.4,8.0,31.0,17000.0,540,92000.0,2018,"ANDHRAHALLI LAKE, ANDHRAHALLI, BENGALURU"
4097.0,"KACHOHALLI LAKE, KACHOHALLI, BENGALURU NORTH",LAKE,KARNATAKA,23.0,25.0,0.5,7.8,6.5,8.4,128.0,1967.0,2.0,25.0,0.1,6.4,340.0,170000.0,5400,920000.0,2018,"KACHOHALLI LAKE, KACHOHALLI, BENGALURU NORTH"
3559.0,HULLIGE TANK,TANK,KARNATAKA,20.0,28.0,6.6,7.6,6.8,8.8,229.0,935.0,2.0,6.0,0.0,3.6,30.0,3600.0,122,6400.0,2018,HULLIGE TANK
3560.0,MAVENAKERE,TANK,KARNATAKA,24.0,33.0,6.0,8.6,8.8,9.7,1455.0,2903.0,12.0,42.0,0.0,0.2,2500.0,18000.0,8000,32000.0,2018,MAVENAKERE
3561.0,HUNDIKERE (KOPPAL),TANK,KARNATAKA,20.0,26.0,6.7,7.6,6.9,8.4,240.0,638.0,3.0,8.0,0.0,0.1,26.0,1200.0,112,3600.0,2018,HUNDIKERE (KOPPAL)
3565.0,PILIKULA TANK,TANK,KARNATAKA,28.0,31.0,6.2,7.7,6.9,7.2,120.0,280.0,1.0,4.0,0.1,1.6,2.0,17.0,2,34.0,2018,PILIKULA TANK
3588.0,KARANJIKERE,TANK,KARNATAKA,23.0,28.0,4.8,7.1,7.2,8.1,524.0,942.0,3.0,6.2,0.1,1.5,780.0,1700.0,4300,5800.0,2018,KARANJIKERE
3589.0,MADIWALA TANK,TANK,KARNATAKA,25.3,30.0,1.5,7.0,6.9,8.1,496.0,1244.0,5.0,14.0,0.8,8.4,400.0,9400.0,3500,54200.0,2018,MADIWALA TANK
3590.0,LALBAGH TANK,TANK,KARNATAKA,24.6,30.0,5.6,8.9,7.0,8.1,373.0,590.0,3.0,6.0,0.2,6.6,110.0,17000.0,1090,92000.0,2018,LALBAGH TANK
3594.0,SANKEY TANK,TANK,KARNATAKA,26.0,28.0,4.3,8.2,6.9,8.1,426.0,686.0,3.0,9.0,0.4,2.1,330.0,4800.0,1600,35000.0,2018,SANKEY TANK
3595.0,BYRASANDRA TANK,TANK,KARNATAKA,24.6,33.0,2.2,8.6,6.8,8.5,319.0,1400.0,3.0,19.0,0.5,3.6,4600.0,49000.0,35000,348000.0,2018,BYRASANDRA TANK
3597.0,HESARAGHATTA TANK,TANK,KARNATAKA,21.0,29.0,4.6,8.5,6.5,8.4,126.0,1662.0,3.0,8.0,0.1,4.4,480.0,110000.0,3500,350000.0,2018,HESARAGHATTA TANK
3598.0,HEROHALLI TANK,TANK,KARNATAKA,22.0,30.0,0.8,8.2,6.5,8.3,156.0,2480.0,2.0,17.0,0.1,15.0,330.0,46000.0,5400,542000.0,2018,HEROHALLI TANK
3599.0,MADAVARA TANK,TANK,KARNATAKA,22.0,30.0,0.5,8.5,6.5,9.2,525.0,1441.0,6.0,49.0,0.4,8.4,210.0,580000.0,350,9200000.0,2018,MADAVARA TANK
3600.0,SHIVAPURA TANK,TANK,KARNATAKA,25.0,29.0,0.0,3.1,7.2,7.9,2120.0,4930.0,24.0,48.0,1.8,16.8,310.0,940000.0,3500,9200000.0,2018,SHIVAPURA TANK
3603.0,VENGAIHNAKERE,TANK,KARNATAKA,20.0,27.0,3.2,5.6,6.5,7.7,936.0,1580.0,3.9,38.0,0.5,4.6,3300.0,700000.0,35000,2780000.0,2018,VENGAIHNAKERE
3604.0,DODDANAKUNDI TANK,TANK,KARNATAKA,24.0,29.0,4.2,6.4,6.7,8.0,420.0,1691.0,3.0,39.0,0.5,4.1,480.0,790000.0,3500,5420000.0,2018,DODDANAKUNDI TANK
3605.0,YELLAMALLAPPA TANK,TANK,KARNATAKA,22.0,29.0,3.8,5.4,6.6,10.5,1003.0,1717.0,4.0,25.0,0.5,9.0,1400.0,460000.0,54000,2210000.0,2018,YELLAMALLAPPA TANK
3606.0,DASARAHALLI TANK,TANK,KARNATAKA,22.0,30.0,0.5,7.2,6.6,9.0,496.0,1262.0,3.0,60.0,0.4,7.3,220.0,8400.0,1200,92000.0,2018,DASARAHALLI TANK
3619.0,BEGUR TANK,TANK,KARNATAKA,26.0,28.0,3.4,6.8,6.8,7.8,654.0,1185.0,4.0,10.0,0.9,4.1,2200.0,28000.0,17800,160000.0,2018,BEGUR TANK
3626.0,NAGAVARA TANK,TANK,KARNATAKA,26.0,33.0,4.0,7.4,6.5,8.7,531.0,998.0,3.0,7.0,0.3,4.0,330.0,17000.0,2210,160000.0,2018,NAGAVARA TANK
3629.0,ALLASANDRA TANK,TANK,KARNATAKA,25.0,31.0,4.4,8.0,6.5,9.3,619.0,1102.0,4.0,45.0,0.3,6.0,2100.0,49000.0,7900,220000.0,2018,ALLASANDRA TANK
3630.0,YELAHANKA TANK,TANK,KARNATAKA,28.0,30.0,4.0,7.4,6.6,9.3,630.0,1048.0,3.0,13.0,0.8,3.0,270.0,79000.0,2400,920000.0,2018,YELAHANKA TANK
3632.0,VEERAPURA TANK,TANK,KARNATAKA,24.0,26.0,4.0,7.2,6.5,7.6,32.0,1106.0,4.0,8.0,0.5,6.3,460.0,31000.0,5400,540000.0,2018,VEERAPURA TANK
3634.0,DEVARAKERE TANK,TANK,KARNATAKA,23.2,30.5,4.6,7.9,6.5,7.2,7.0,540.0,3.0,6.0,0.0,6.4,330.0,28000.0,2210,160000.0,2018,DEVARAKERE TANK
3635.0,MALATHAHALLI TANK,TANK,KARNATAKA,24.3,30.7,2.1,8.2,6.7,7.7,1152.0,1898.0,4.0,41.0,0.7,16.0,3100.0,350000.0,35000,1600000.0,2018,MALATHAHALLI TANK
3637.0,BYRAMANGALA TANK,TANK,KARNATAKA,25.0,31.0,0.5,6.6,6.9,7.6,993.0,1569.0,4.0,26.0,1.0,24.0,790.0,490000.0,5400,3480000.0,2018,BYRAMANGALA TANK
3638.0,ANNAYAPPA TANK,TANK,KARNATAKA,22.0,28.0,5.8,8.4,6.9,8.1,294.0,676.0,3.0,6.0,0.2,5.3,1700.0,28000.0,5400,160000.0,2018,ANNAYAPPA TANK
3640.0,UTTARAHALLI DORAIKERE,TANK,KARNATAKA,22.3,28.7,0.0,6.5,6.5,8.7,285.0,585.0,4.0,96.0,0.2,2.3,210.0,70000.0,1100,350000.0,2018,UTTARAHALLI DORAIKERE
3641.0,DHOREKERE,TANK,KARNATAKA,23.0,29.8,4.6,8.3,6.1,8.2,350.0,814.0,2.0,10.0,0.3,24.0,170.0,48000.0,2400,350000.0,2018,DHOREKERE
3643.0,BEENNIGANAHALLI TANK,TANK,KARNATAKA,26.0,27.0,3.2,3.6,6.9,7.5,830.0,1666.0,2.3,39.0,1.2,7.0,46000.0,260000.0,350000,1750000.0,2018,BEENNIGANAHALLI TANK
3648.0,MYDALA,TANK,KARNATAKA,24.0,27.0,0.6,8.5,6.5,7.6,150.0,975.0,3.0,4.0,0.1,2.0,330.0,9400.0,1720,54000.0,2018,MYDALA
3650.0,MELEKOTE,TANK,KARNATAKA,23.0,26.0,1.1,8.7,6.5,8.6,400.0,1830.0,3.0,62.0,0.6,5.0,940.0,28000.0,9200,160000.0,2018,MELEKOTE
3651.0,BHEEMSANDRA TANK,TANK,KARNATAKA,22.0,25.0,0.5,6.2,6.7,8.1,355.0,1971.0,3.0,66.0,0.8,7.4,310.0,28000.0,9200,160000.0,2018,BHEEMSANDRA TANK
3653.0,DODDAKERE TANK,TANK,KARNATAKA,23.0,26.0,5.0,7.3,6.6,7.4,229.0,426.0,3.0,5.0,0.1,0.7,330.0,4600.0,3480,54000.0,2018,DODDAKERE TANK
3654.0,GOTTIGERE LAKE,TANK,KARNATAKA,24.0,30.0,3.8,7.8,6.6,7.6,805.0,1861.0,3.0,13.5,0.3,2.2,460.0,17000.0,5420,92000.0,2018,GOTTIGERE LAKE
3657.0,KAACHACHALLI KOPPALUKERE,TANK,KARNATAKA,25.0,27.0,3.0,4.3,7.3,7.9,760.0,910.0,3.0,4.0,0.2,0.4,240.0,400.0,2400,5400.0,2018,KAACHACHALLI KOPPALUKERE
3659.0,MATHANA KERE,TANK,KARNATAKA,24.0,28.0,3.2,6.6,7.2,8.3,610.0,1130.0,3.0,6.0,0.2,0.3,920.0,3300.0,9400,22000.0,2018,MATHANA KERE
3660.0,HUNASINA KERE,TANK,KARNATAKA,25.0,28.0,4.5,6.6,7.1,8.1,610.0,1030.0,3.0,5.0,0.2,0.3,680.0,2200.0,7000,14000.0,2018,HUNASINA KERE
3661.0,KOKKANAGHATTADODDAKERE,TANK,KARNATAKA,25.0,28.0,4.9,6.4,7.8,8.8,670.0,1620.0,3.0,4.0,0.2,0.3,170.0,320.0,1700,3500.0,2018,KOKKANAGHATTADODDAKERE
3663.0,JOLADAKATTE,TANK,KARNATAKA,25.0,28.0,4.6,5.3,7.7,8.1,510.0,610.0,2.0,3.0,0.1,0.3,68.0,210.0,700,1700.0,2018,JOLADAKATTE
3664.0,BASAVANAHALLIKERE,TANK,KARNATAKA,25.0,28.0,4.5,5.3,7.3,7.5,320.0,470.0,2.0,2.0,0.1,0.2,78.0,170.0,940,2200.0,2018,BASAVANAHALLIKERE
3665.0,LINGAPPANAKATTE,TANK,KARNATAKA,25.0,28.0,4.6,5.0,7.7,8.1,500.0,600.0,2.0,3.0,0.1,0.2,93.0,120.0,940,1400.0,2018,LINGAPPANAKATTE
3666.0,GANIGARAHOSAHALLIKERE,TANK,KARNATAKA,25.0,27.0,4.8,5.6,7.4,8.0,410.0,580.0,2.0,3.0,0.1,0.2,140.0,240.0,1400,3500.0,2018,GANIGARAHOSAHALLIKERE
3667.0,SATHENAHALLIDODDAKERE,TANK,KARNATAKA,25.0,27.0,4.2,5.2,7.2,8.1,580.0,650.0,2.0,2.0,0.1,0.2,110.0,320.0,1200,2800.0,2018,SATHENAHALLIDODDAKERE
3668.0,SODHARAHALLIKERE,TANK,KARNATAKA,25.0,26.0,5.5,6.5,7.2,8.0,360.0,490.0,2.0,3.0,0.1,0.2,78.0,210.0,1100,2200.0,2018,SODHARAHALLIKERE
3669.0,SHELERAMANAHALLIKERE,TANK,KARNATAKA,24.0,28.0,4.6,6.2,7.3,8.2,350.0,490.0,2.0,3.0,0.1,0.2,93.0,240.0,1300,2200.0,2018,SHELERAMANAHALLIKERE
3670.0,HAINARAKATTE,TANK,KARNATAKA,25.0,27.0,4.0,5.5,7.1,8.0,310.0,710.0,2.0,3.0,0.1,0.3,94.0,260.0,1600,3500.0,2018,HAINARAKATTE
3671.0,HANUMANTHAPURAKATTE,TANK,KARNATAKA,25.0,28.0,5.1,6.5,7.5,7.9,190.0,440.0,2.0,2.0,0.1,0.2,140.0,210.0,1300,2100.0,2018,HANUMANTHAPURAKATTE
3672.0,SANKALAPURAKERE,TANK,KARNATAKA,25.0,27.0,5.2,5.9,6.8,7.7,210.0,390.0,2.0,2.0,0.1,0.2,92.0,170.0,940,2200.0,2018,SANKALAPURAKERE
3673.0,HAVALIKERE,TANK,KARNATAKA,25.0,27.0,4.6,5.0,7.0,7.8,290.0,530.0,2.0,3.0,0.1,0.2,61.0,260.0,940,2400.0,2018,HAVALIKERE
3675.0,B KALEHALLIKERE,TANK,KARNATAKA,25.0,28.0,5.4,7.0,7.4,7.9,430.0,590.0,2.0,2.0,0.1,0.2,93.0,270.0,1300,3500.0,2018,B KALEHALLIKERE
3677.0,SHARANABAWESHWARA KERE,TANK,KARNATAKA,25.0,30.0,4.4,8.3,8.1,9.2,1112.0,1460.0,7.8,16.0,0.0,0.1,1200.0,2500.0,4500,8000.0,2018,SHARANABAWESHWARA KERE
3679.0,BHUTANALA LAKE,TANK,KARNATAKA,28.0,33.0,5.1,10.5,7.6,8.5,6.0,1610.0,0.5,26.0,0.9,7.7,220.0,1600.0,1600,3200.0,2018,BHUTANALA LAKE
3680.0,KILLA LAKE,TANK,KARNATAKA,20.0,32.0,5.6,9.0,7.4,8.2,450.0,720.0,0.8,3.4,0.6,11.1,1800.0,1800.0,3200,3200.0,2018,KILLA LAKE
3681.0,ANGOL MI TANL,TANK,KARNATAKA,21.0,29.0,0.0,10.2,6.9,7.7,440.0,686.0,4.1,15.0,1.3,13.7,1800.0,1800.0,3200,3200.0,2018,ANGOL MI TANL
3682.0,KAKATI POND,TANK,KARNATAKA,21.0,32.0,5.1,11.0,8.4,9.1,2700.0,7900.0,1.3,12.7,1.8,46.8,560.0,1700.0,1600,5000.0,2018,KAKATI POND
3683.0,HEREKERE,TANK,KARNATAKA,25.0,27.0,4.2,4.9,7.0,7.8,676.0,1516.0,12.3,41.0,0.9,2.1,350.0,1600.0,900,1800.0,2018,HEREKERE
3684.0,KELEGERE,TANK,KARNATAKA,24.0,27.0,6.9,7.3,7.6,8.3,918.0,1357.0,3.3,3.9,0.5,0.9,80.0,900.0,550,1800.0,2018,KELEGERE
3685.0,NAVALOORU LAKE,TANK,KARNATAKA,23.0,27.0,6.1,8.1,7.8,8.5,806.0,1790.0,4.7,13.8,1.0,1.6,130.0,900.0,550,1800.0,2018,NAVALOORU LAKE
3686.0,NIRASAGARAKERE,TANK,KARNATAKA,23.0,27.0,7.2,7.5,7.8,8.3,466.0,820.0,2.4,3.2,0.3,0.7,50.0,140.0,110,900.0,2018,NIRASAGARAKERE
3687.0,NUGGIKERE,TANK,KARNATAKA,23.0,27.0,6.6,6.9,7.5,8.4,630.0,1024.0,3.5,5.3,0.5,1.1,70.0,350.0,275,1800.0,2018,NUGGIKERE
3688.0,SUDANAKERE,TANK,KARNATAKA,23.0,27.0,6.8,7.6,7.8,8.3,521.0,1064.0,3.2,5.0,0.4,1.2,130.0,550.0,900,1800.0,2018,SUDANAKERE
3689.0,SOMESHWARAKERE,TANK,KARNATAKA,23.0,27.0,6.2,6.7,7.5,8.4,686.0,1003.0,4.8,13.7,1.2,1.9,225.0,900.0,1600,1800.0,2018,SOMESHWARAKERE
3690.0,UNAKALKERE,TANK,KARNATAKA,23.0,27.0,6.5,7.1,7.7,8.4,1214.0,1630.0,4.2,5.6,0.9,1.4,170.0,1600.0,900,1800.0,2018,UNAKALKERE
3691.0,VIMANABHUTHIKERE,TANK,KARNATAKA,25.0,31.0,6.5,7.3,7.2,8.1,110.0,230.0,2.4,2.6,0.0,0.2,70.0,900.0,300,1600.0,2018,VIMANABHUTHIKERE
3692.0,KUNDUVADAKERE,TANK,KARNATAKA,25.0,34.0,6.8,7.3,7.1,8.2,102.0,300.0,2.4,3.0,0.0,0.5,110.0,800.0,500,1600.0,2018,KUNDUVADAKERE
3693.0,BHATHIKERE,TANK,KARNATAKA,25.0,33.0,4.2,6.2,6.8,8.0,190.0,910.0,4.0,14.0,0.0,2.9,1700.0,70000.0,3500,110000.0,2018,BHATHIKERE
3694.0,SHANTHISAGARKERE,TANK,KARNATAKA,26.0,28.0,6.9,7.4,7.1,8.0,120.0,290.0,2.4,3.0,0.0,0.4,240.0,1400.0,900,2800.0,2018,SHANTHISAGARKERE
3695.0,KONDAGGIKERE,TANK,KARNATAKA,26.0,30.0,5.9,7.1,7.3,8.2,170.0,270.0,2.5,7.0,0.0,0.6,50.0,1700.0,500,3500.0,2018,KONDAGGIKERE
3696.0,AIANAKERE,TANK,KARNATAKA,26.0,31.0,3.0,6.8,7.0,9.9,790.0,2010.0,1.5,300.0,0.0,5.4,22000.0,170000.0,50000,300000.0,2018,AIANAKERE
3697.0,MATTADAKERE,TANK,KARNATAKA,23.0,30.0,2.0,5.4,7.5,9.1,560.0,930.0,1.5,69.0,0.0,3.1,800.0,60000.0,1700,90000.0,2018,MATTADAKERE
1383.0,"ORUVATHILKOTTA LAKE, KERALA",LAKE,KERALA,31.0,32.0,4.0,6.2,6.4,6.9,480.0,700.0,1.0,15.0,0.0,0.5,1200.0,3200.0,2600,11400.0,2018,"ORUVATHILKOTTA LAKE, KERALA"
1385.0,"SASTHAMCOTTA LAKE, KERALA",LAKE,KERALA,21.0,28.0,6.0,6.8,6.8,7.4,100.0,128.0,1.1,2.0,0.4,0.8,40.0,170.0,120,490.0,2018,"SASTHAMCOTTA LAKE, KERALA"
1441.0,"ASHTHAMUDI LAKE AT QUILON, KERALA",LAKE,KERALA,21.0,28.0,5.4,6.6,6.8,7.8,16730.0,21630.0,1.2,2.4,0.9,1.8,110.0,210.0,210,580.0,2018,"ASHTHAMUDI LAKE AT QUILON, KERALA"
1574.0,"PARAVUR, KERALA",LAKE,KERALA,22.0,30.0,5.9,7.2,6.7,7.4,14052.0,22400.0,1.2,2.0,0.9,1.8,79.0,170.0,160,540.0,2018,"PARAVUR, KERALA"
1575.0,"KOCHI (OIL TANKER JETTY), KERALA",LAKE,KERALA,26.0,31.0,4.0,6.4,1.6,7.9,1177.0,54000.0,1.3,3.0,0.3,1.3,100.0,27000.0,200,70000.0,2018,"KOCHI (OIL TANKER JETTY), KERALA"
1576.0,"THEKKADY, KERALA",LAKE,KERALA,24.0,29.0,6.7,7.5,7.2,7.8,40.0,49.0,0.2,0.5,0.0,0.1,0.0,490.0,0,1000.0,2018,"THEKKADY, KERALA"
1577.0,"KODUNGALLOOR, KERALA",LAKE,KERALA,26.0,30.0,4.6,7.6,6.4,7.8,61.0,45000.0,0.6,6.0,0.2,2.0,200.0,5800.0,540,38000.0,2018,"KODUNGALLOOR, KERALA"
1578.0,"KAYAMKULAM, KERALA",LAKE,KERALA,27.0,31.0,2.9,7.9,6.9,7.9,589.0,48216.0,0.5,4.0,0.0,0.9,0.0,1200.0,40,2800.0,2018,"KAYAMKULAM, KERALA"
1579.0,"ALAPPUZHA, KERALA",LAKE,KERALA,26.0,31.0,4.5,7.9,6.9,8.0,142.0,8000.0,1.0,3.7,0.0,0.3,20.0,8000.0,100,12000.0,2018,"ALAPPUZHA, KERALA"
1580.0,"POOKOTE, KERALA",LAKE,KERALA,24.0,31.4,5.2,8.6,6.1,7.2,24.0,39.0,0.0,1.5,0.0,0.1,0.0,20.0,10,170.0,2018,"POOKOTE, KERALA"
2312.0,LAKE VEMBANADU AT PATHIRAMANAL (ALAPPUZHA),LAKE,KERALA,27.0,31.0,5.9,7.9,7.0,7.8,132.0,8978.0,1.0,3.0,0.0,0.2,20.0,580.0,100,840.0,2018,LAKE VEMBANADU AT PATHIRAMANAL (ALAPPUZHA)
2318.0,PAZHASSI RESERVOIR (KANNUR),LAKE,KERALA,24.0,34.0,7.1,8.1,6.6,7.7,44.0,130.0,0.1,1.3,0.0,0.2,40.0,700.0,140,1300.0,2018,PAZHASSI RESERVOIR (KANNUR)
2328.0,RSVR AT MALAMPUZHA,LAKE,KERALA,24.0,30.0,7.0,9.8,6.8,8.2,96.0,170.0,0.4,3.0,0.1,2.0,0.0,380.0,100,630.0,2018,RSVR AT MALAMPUZHA
2329.0,RSVR AT BHOOTHATHANKETU,LAKE,KERALA,25.0,30.0,5.8,7.7,6.3,7.2,27.0,62.0,0.5,2.0,0.1,1.0,79.0,4000.0,200,7900.0,2018,RSVR AT BHOOTHATHANKETU
2330.0,RSVR AT EDAMALAYAR,LAKE,KERALA,26.0,31.0,5.7,8.3,6.5,7.2,22.0,35.0,0.3,2.0,0.0,0.3,20.0,1700.0,49,6300.0,2018,RSVR AT EDAMALAYAR
3462.0,MANANCHIRA POND AT KOZHEKODE,POND,KERALA,27.0,32.0,3.3,9.7,6.5,8.3,67.0,126.0,0.0,2.3,0.0,1.0,2.0,1100.0,2,2800.0,2018,MANANCHIRA POND AT KOZHEKODE
1401.0,"POND NEAR JUMA MASJID, LAKSHAWDEEP",POND,LAKSHADWEEP,28.5,30.7,,,6.4,8.6,370.0,917.0,,,0.0,0.0,,,,,2018,"POND NEAR JUMA MASJID, LAKSHAWDEEP"
1373.0,"UPPER LAKE AT BHOPAL (INTAKE POINT), M.P.",LAKE,MADHYA PRADESH,19.0,31.0,6.4,9.5,7.6,8.3,3.0,335.0,1.1,5.2,1.4,4.6,2.0,170.0,110,1600.0,2018,"UPPER LAKE AT BHOPAL (INTAKE POINT), M.P."
1374.0,LOWER LAKE AT BHOPAL OUTLET M.P.,LAKE,MADHYA PRADESH,17.0,30.0,6.0,8.7,6.6,8.3,348.0,496.0,3.0,6.8,2.9,18.0,110.0,920.0,1600,2400.0,2018,LOWER LAKE AT BHOPAL OUTLET M.P.
1466.0,MULTAI TANK LAKE AT VILLA. KHARI ON BETULAMRAVATI,LAKE,MADHYA PRADESH,16.0,27.0,7.8,8.4,7.5,8.5,211.0,528.0,1.4,4.3,0.0,7.3,2.0,2.0,120,1600.0,2018,MULTAI TANK LAKE AT VILLA. KHARI ON BETULAMRAVATI
2128.0,KHANDARI RESERVOIR WATER OFF TAKE POINT,LAKE,MADHYA PRADESH,17.5,35.0,6.8,8.4,7.4,8.3,146.0,415.0,0.7,1.8,0.3,4.7,2.0,10.0,BDL,130.0,2018,KHANDARI RESERVOIR WATER OFF TAKE POINT
2129.0,PERIAT TANK JABALPUR,LAKE,MADHYA PRADESH,18.0,30.0,6.7,7.8,7.3,8.3,249.0,410.0,1.2,1.9,0.3,3.9,2.0,15.0,BDL,240.0,2018,PERIAT TANK JABALPUR
2130.0,"MADHAV LAKE, SHIVPURI",LAKE,MADHYA PRADESH,12.0,42.0,5.1,8.0,7.6,8.4,292.0,930.0,1.5,2.8,1.0,4.0,2.0,10.0,13,150.0,2018,"MADHAV LAKE, SHIVPURI"
2131.0,YASHWANT SAGAR AT INDORE,LAKE,MADHYA PRADESH,20.0,30.0,5.2,8.0,7.2,8.7,492.0,817.0,1.0,2.0,0.7,3.1,2.0,2.0,40,94.0,2018,YASHWANT SAGAR AT INDORE
2132.0,BILAWALI TALAB AT INDORE,LAKE,MADHYA PRADESH,20.0,30.0,4.9,8.2,7.3,8.8,368.0,810.0,1.2,2.6,0.8,7.2,2.0,2.0,5,130.0,2018,BILAWALI TALAB AT INDORE
2133.0,SIRPUR TALAB AT INDORE,LAKE,MADHYA PRADESH,20.0,30.0,5.3,7.8,7.8,8.8,450.0,804.0,1.2,2.8,0.6,2.7,2.0,2.0,24,110.0,2018,SIRPUR TALAB AT INDORE
2134.0,NAGCHUN TALAB AT KHANDWA,LAKE,MADHYA PRADESH,23.0,29.0,4.6,7.8,7.7,8.9,290.0,674.0,0.8,2.6,0.9,2.7,2.0,2.0,6,94.0,2018,NAGCHUN TALAB AT KHANDWA
2135.0,GOVINDGARH TANK,LAKE,MADHYA PRADESH,19.0,31.5,6.3,7.7,7.0,7.8,,,0.8,1.8,0.4,2.7,2.0,6.0,21,60.0,2018,GOVINDGARH TANK
2136.0,"SHAHPURA LAKE AT WEIR NEAR AYUSHMAN HOSPITAL, BHOP",LAKE,MADHYA PRADESH,16.0,31.0,4.2,7.8,7.4,8.8,6.0,826.0,2.5,14.0,0.4,16.2,2.0,430.0,130,2400.0,2018,"SHAHPURA LAKE AT WEIR NEAR AYUSHMAN HOSPITAL, BHOP"
2137.0,UPPER LAKE AT YATCH CLUB,LAKE,MADHYA PRADESH,18.0,31.0,6.1,8.4,6.7,8.3,138.0,526.0,1.3,2.9,0.9,6.0,2.0,280.0,28,1600.0,2018,UPPER LAKE AT YATCH CLUB
2138.0,UPPER LAKE AT KARBALA CLUB,LAKE,MADHYA PRADESH,17.0,30.0,6.4,8.9,6.9,8.6,170.0,312.0,1.4,20.0,1.2,8.3,2.0,350.0,110,1600.0,2018,UPPER LAKE AT KARBALA CLUB
2139.0,UPPER LAKE AT BAIRAGARH CLUB,LAKE,MADHYA PRADESH,16.0,31.0,6.5,9.2,7.2,8.6,170.0,528.0,1.0,2.9,1.6,5.3,2.0,920.0,110,1600.0,2018,UPPER LAKE AT BAIRAGARH CLUB
2140.0,"KERWA DAM NEAR REST HOUSE, BPL",LAKE,MADHYA PRADESH,20.0,31.0,6.7,8.9,7.5,8.3,94.0,285.0,0.7,10.0,0.9,9.1,2.0,2.0,24,150.0,2018,"KERWA DAM NEAR REST HOUSE, BPL"
2141.0,JANUNIA TALAB NEAR W/S,LAKE,MADHYA PRADESH,14.0,31.0,2.2,8.4,7.7,8.3,318.0,427.0,2.1,2.8,1.6,7.6,2.0,350.0,110,1600.0,2018,JANUNIA TALAB NEAR W/S
2142.0,"KALISINDH RESERVOIR AT SARANGPUR, RAJGARH",LAKE,MADHYA PRADESH,11.0,32.0,6.9,8.0,7.5,8.6,216.0,1014.0,1.2,2.1,0.0,3.0,2.0,2.0,23,43.0,2018,"KALISINDH RESERVOIR AT SARANGPUR, RAJGARH"
3296.0,CHORAL DAM NEAR INDORE,LAKE,MADHYA PRADESH,22.0,30.0,6.5,7.6,7.6,8.9,408.0,663.0,1.0,2.0,0.0,1.7,2.0,2.0,40,70.0,2018,CHORAL DAM NEAR INDORE
3297.0,"MITHA TALAB, DEWAS",POND,MADHYA PRADESH,20.0,24.0,6.2,6.9,7.5,8.4,552.0,708.0,3.0,5.4,0.0,3.8,6.0,3400.0,70,35000.0,2018,"MITHA TALAB, DEWAS"
3298.0,POND WATER AT LAKODA,POND,MADHYA PRADESH,22.0,27.0,6.8,7.2,7.4,7.9,156.0,332.0,2.0,2.4,0.1,0.9,4.0,21.0,46,70.0,2018,POND WATER AT LAKODA
3299.0,HANUMANTAL JABALPUR,POND,MADHYA PRADESH,17.7,23.0,6.1,7.7,7.3,8.4,340.0,852.0,2.4,6.0,0.4,9.1,2.0,430.0,41,1600.0,2018,HANUMANTAL JABALPUR
3300.0,"RANITAL TALAB, JABALPUR",POND,MADHYA PRADESH,17.0,23.0,3.5,6.9,7.4,8.5,400.0,1428.0,1.8,20.0,0.3,6.1,2.0,1600.0,BDL,1600.0,2018,"RANITAL TALAB, JABALPUR"
3301.0,MOTI TALAB AT BALAGHAT,POND,MADHYA PRADESH,17.0,35.0,5.5,7.4,7.1,8.3,357.0,826.0,1.7,3.9,0.3,4.3,2.0,130.0,BDL,540.0,2018,MOTI TALAB AT BALAGHAT
3302.0,"PIPLIYA PALA TALAB, INDORE",POND,MADHYA PRADESH,20.0,29.0,4.1,7.9,7.3,8.5,480.0,1223.0,1.4,2.9,0.0,22.1,2.0,2.0,70,170.0,2018,"PIPLIYA PALA TALAB, INDORE"
3303.0,"RANI TALAB, REWA",POND,MADHYA PRADESH,19.5,31.5,6.7,8.4,7.0,8.1,,,0.9,1.9,0.2,1.9,2.0,4.0,17,27.0,2018,"RANI TALAB, REWA"
3304.0,"RIHAND RESRVOIR, SINGRAULI",POND,MADHYA PRADESH,19.0,27.0,7.0,8.1,7.1,7.6,280.0,415.0,1.2,1.9,0.0,0.9,2.0,2.0,8,17.0,2018,"RIHAND RESRVOIR, SINGRAULI"
3830.0,"GOKALPUR TALAB, DIST JABALPUR",POND,MADHYA PRADESH,16.5,35.0,5.6,7.3,7.4,8.3,348.0,733.0,1.8,6.6,0.4,13.0,2.0,1600.0,47,1600.0,2018,"GOKALPUR TALAB, DIST JABALPUR"
3831.0,"DAL SAGAR TALAB, DIST SEONI",POND,MADHYA PRADESH,18.0,35.0,6.2,9.5,7.3,8.2,350.0,612.0,1.8,4.8,0.3,8.2,2.0,70.0,BDL,460.0,2018,"DAL SAGAR TALAB, DIST SEONI"
3849.0,SITAPAT TALAB DHAR,POND,MADHYA PRADESH,21.0,30.0,6.5,8.2,7.8,8.9,283.0,899.0,1.0,1.6,0.0,1.0,2.0,2.0,40,60.0,2018,SITAPAT TALAB DHAR
3850.0,BAGDOON TALAB PITHAMPUR,POND,MADHYA PRADESH,17.0,29.0,5.0,8.2,7.6,8.6,280.0,942.0,1.2,2.3,0.0,1.8,2.0,2.0,48,170.0,2018,BAGDOON TALAB PITHAMPUR
1425.0,"LOKTAK LAKE AT THANA, MANIPUR",LAKE,MANIPUR,18.0,29.8,4.6,9.1,6.5,7.8,118.0,518.0,1.2,5.2,0.03,0.04,,,20,240.0,2018,"LOKTAK LAKE AT THANA, MANIPUR"
1426.0,"LOKTAK LAKE AT BISHNUPUR, MANIPUR",LAKE,MANIPUR,17.0,29.8,3.2,9.7,7.1,7.7,109.0,542.0,0.1,5.8,0.03,0.05,,,10,55.0,2018,"LOKTAK LAKE AT BISHNUPUR, MANIPUR"
1629.0,"SENDRA (LOKTAK LAKE), MANIPUR",LAKE,MANIPUR,18.3,30.1,5.7,10.1,7.1,8.1,121.0,514.0,1.6,7.3,0.03,0.05,,,1,135.0,2018,"SENDRA (LOKTAK LAKE), MANIPUR"
1630.0,"KARANG ISLAND(LOKTAK LAKE), MANIPUR",LAKE,MANIPUR,19.0,29.4,4.3,10.1,7.0,7.8,117.0,548.0,0.3,5.4,0.03,0.04,,,10,105.0,2018,"KARANG ISLAND(LOKTAK LAKE), MANIPUR"
2837.0,"PUMLEN LAKE AT TOKPACHING, DISTT. THOUBAL, MANIPUR",LAKE,MANIPUR,18.0,30.6,2.2,7.5,6.4,7.9,117.0,407.0,0.9,7.4,0.03,0.04,,,88,280.0,2018,"PUMLEN LAKE AT TOKPACHING, DISTT. THOUBAL, MANIPUR"
2839.0,"PUKHRI AT LANGMEIDONG, DISTT. THOUBAL, MANIPUR",POND,MANIPUR,19.0,31.1,6.3,10.3,6.8,8.0,170.0,738.0,0.7,6.3,0.03,0.04,,,35,75.0,2018,"PUKHRI AT LANGMEIDONG, DISTT. THOUBAL, MANIPUR"
2840.0,"LAMJAO PUKHURI AT ACHOUBA, DISTT. THOUBAL, MANIPUR",POND,MANIPUR,18.0,30.8,7.2,10.3,7.1,8.3,127.0,909.0,1.3,5.5,0.03,0.05,,,55,90.0,2018,"LAMJAO PUKHURI AT ACHOUBA, DISTT. THOUBAL, MANIPUR"
2841.0,"HIRANMEI PUKHURI AT THOUBAL, MANIPUR",POND,MANIPUR,19.0,30.0,3.8,8.9,6.3,7.9,148.0,1026.0,1.6,5.3,0.03,0.04,,,60,270.0,2018,"HIRANMEI PUKHURI AT THOUBAL, MANIPUR"
2842.0,"LANGMEIDONG PUKHURI AT THOUBAL, MANIPUR",POND,MANIPUR,19.0,30.2,6.4,9.9,7.1,7.9,190.0,799.0,0.7,6.8,0.03,0.04,,,20,90.0,2018,"LANGMEIDONG PUKHURI AT THOUBAL, MANIPUR"
2843.0,"POND AT LALAMBUNG, IMPHAL WEST, MANIPUR",POND,MANIPUR,18.0,30.5,3.6,7.7,6.8,8.1,254.0,998.0,1.3,3.2,0.03,0.03,,,30,140.0,2018,"POND AT LALAMBUNG, IMPHAL WEST, MANIPUR"
2844.0,"LILONG PUKHURI AT IMPHAL WEST, MANIPUR",POND,MANIPUR,18.0,31.7,5.8,11.8,7.1,8.4,116.0,1132.0,1.3,6.4,0.03,0.05,,,63,195.0,2018,"LILONG PUKHURI AT IMPHAL WEST, MANIPUR"
2845.0,"POND AT NGAIRANGBAM, IMPHAL WEST, MANIPUR",POND,MANIPUR,18.0,31.0,6.0,14.6,7.0,8.7,73.0,463.0,0.8,8.7,0.03,0.04,,,15,80.0,2018,"POND AT NGAIRANGBAM, IMPHAL WEST, MANIPUR"
2846.0,"POND AT MOIDANGPOK, IMPHAL WEST, MANIPUR",POND,MANIPUR,19.0,30.0,5.3,14.4,7.1,8.2,78.0,443.0,0.4,7.3,0.03,0.04,,,5,50.0,2018,"POND AT MOIDANGPOK, IMPHAL WEST, MANIPUR"
2847.0,"POND AT MAIBAM LOKPACHING, IMPHAL WEST, MANIPUR",POND,MANIPUR,20.0,30.0,6.3,7.6,7.2,7.5,104.0,199.0,2.8,5.8,0.03,0.05,,,10,45.0,2018,"POND AT MAIBAM LOKPACHING, IMPHAL WEST, MANIPUR"
2848.0,"POND AT KAKWA BAZAR, IMPHAL WEST, MANIPUR",POND,MANIPUR,19.0,30.0,5.5,7.1,6.9,7.5,221.0,502.0,2.6,5.4,0.03,0.04,,,20,115.0,2018,"POND AT KAKWA BAZAR, IMPHAL WEST, MANIPUR"
2849.0,"CHANAM PUKHURI, IMPHAL WEST, MANIPUR",POND,MANIPUR,18.0,30.3,5.9,17.4,6.9,11.0,253.0,1353.0,2.4,6.3,0.03,0.04,,,70,155.0,2018,"CHANAM PUKHURI, IMPHAL WEST, MANIPUR"
2850.0,"NINGTHEM PUKHURI, IMPHAL EAST, MANIPUR",POND,MANIPUR,19.0,30.0,4.1,14.5,6.5,9.2,9.0,1389.0,0.4,8.2,0.04,0.04,,,70,200.0,2018,"NINGTHEM PUKHURI, IMPHAL EAST, MANIPUR"
2851.0,"POND AT KONGBA BAZAR, IMPHAL EAST, MANIPUR",POND,MANIPUR,18.0,30.0,3.0,34.0,6.3,9.5,109.0,1389.0,0.3,19.6,0.04,0.05,,,75,200.0,2018,"POND AT KONGBA BAZAR, IMPHAL EAST, MANIPUR"
1347.0,"UMIAM LAKE AT BARAPANI, MEGHALAYA",LAKE,MEGHALAYA,15.0,25.0,5.0,9.3,7.3,9.5,80.0,140.0,3.6,7.0,0.4,1.8,1400.0,2300.0,3100,4900.0,2018,"UMIAM LAKE AT BARAPANI, MEGHALAYA"
1348.0,"WARD LAKE AT SHILONG EAST, KHASI HILL DT., MEGHALA",LAKE,MEGHALAYA,10.0,21.0,6.2,9.0,7.1,8.0,135.0,180.0,4.0,6.0,0.1,0.6,790.0,1700.0,2700,3900.0,2018,"WARD LAKE AT SHILONG EAST, KHASI HILL DT., MEGHALA"
1459.0,"THADLASKEIN LAKE, MEGHALAYA",LAKE,MEGHALAYA,11.0,22.0,6.2,8.2,6.7,7.3,40.0,59.0,1.4,2.2,0.3,0.8,14.0,24.0,70,130.0,2018,"THADLASKEIN LAKE, MEGHALAYA"
3346.0,"UMIAM LAKE AT OUTFALL OF UMIAM RIVER INTO LAKE, RI",LAKE,MEGHALAYA,15.0,24.0,3.0,7.7,6.8,8.3,85.0,155.0,4.6,10.0,0.6,2.0,2000.0,2700.0,3600,5800.0,2018,"UMIAM LAKE AT OUTFALL OF UMIAM RIVER INTO LAKE, RI"
3347.0,"UMIAM LAKE AT MIDDLE POINT, RI BHOI",LAKE,MEGHALAYA,14.0,24.0,4.6,11.5,7.2,9.8,81.0,125.0,4.0,8.6,0.5,1.5,1100.0,2300.0,2700,4300.0,2018,"UMIAM LAKE AT MIDDLE POINT, RI BHOI"
3348.0,"UMIAM LAKE ATNEAR UNITED CHRISTIAN COLLEGE, RI BH",LAKE,MEGHALAYA,15.0,26.0,3.0,6.2,6.9,9.8,79.0,144.0,4.2,7.8,0.3,1.0,1300.0,2200.0,2400,4400.0,2018,"UMIAM LAKE ATNEAR UNITED CHRISTIAN COLLEGE, RI BH"
3349.0,"TASEK LAKE AT SONGSAK (NAPHAK), EAST GARO HILLS",LAKE,MEGHALAYA,15.0,30.0,6.3,7.5,6.8,7.4,58.0,85.0,1.4,2.0,0.3,0.4,24.0,36.0,84,210.0,2018,"TASEK LAKE AT SONGSAK (NAPHAK), EAST GARO HILLS"
2886.0,"PUDUMPUKHURI, DIMAPUR, NAGALAND",LAKE,NAGALAND,22.0,36.0,2.5,7.4,6.5,8.5,54.0,173.0,2.4,8.8,0.1,0.8,,,,,2018,"PUDUMPUKHURI, DIMAPUR, NAGALAND"
2887.0,"BANGLA FISHERY, DIMAPUR, NAGALAND",LAKE,NAGALAND,21.4,35.5,2.6,7.8,7.0,8.5,55.0,178.0,2.0,4.8,0.2,0.7,,,,,2018,"BANGLA FISHERY, DIMAPUR, NAGALAND"
2437.0,CHILKA LAKE (RAMSAR SITE),LAKE,ODISHA,24.0,32.0,5.1,8.1,7.4,8.3,1950.0,55320.0,1.0,2.7,0.0,2.1,2.0,9200.0,2,9200.0,2018,CHILKA LAKE (RAMSAR SITE)
2438.0,ANSHUPA,LAKE,ODISHA,23.0,32.0,5.4,10.0,6.8,8.3,106.0,247.0,1.0,3.9,0.0,1.5,20.0,3500.0,230,9200.0,2018,ANSHUPA
3953.0,CHILKA AT RAMBHA,LAKE,ODISHA,11.0,26.0,6.2,11.0,7.9,9.1,12580.0,31890.0,0.3,2.0,0.0,1.9,2.0,2200.0,BDL,3500.0,2018,CHILKA AT RAMBHA
3954.0,TAMPADA LAKE AT CHHATRAPUR,LAKE,ODISHA,12.0,25.0,4.5,12.5,7.3,8.5,323.0,934.0,4.4,16.9,0.0,5.1,20.0,3300.0,40,11000.0,2018,TAMPADA LAKE AT CHHATRAPUR
3955.0,ANSHUPA AT SUBARANAPUR,LAKE,ODISHA,23.0,32.0,6.3,9.4,6.6,8.1,104.0,240.0,0.6,4.3,0.1,4.2,20.0,2400.0,78,2800.0,2018,ANSHUPA AT SUBARANAPUR
3956.0,ANSHUPA AT BISHNUPUR,LAKE,ODISHA,22.0,32.0,3.4,9.4,6.7,8.3,106.0,199.0,0.5,4.4,0.1,1.6,20.0,2400.0,78,5400.0,2018,ANSHUPA AT BISHNUPUR
3957.0,ANSHUPA AT SARAANDAGARH,LAKE,ODISHA,23.0,32.0,4.8,11.0,6.9,8.2,105.0,206.0,0.8,4.8,0.1,2.4,20.0,3500.0,93,9200.0,2018,ANSHUPA AT SARAANDAGARH
2431.0,BINDUSAGAR ( RELIGIOUS POND OF BHUBANESWAR CITY),POND,ODISHA,19.0,31.0,3.5,7.7,7.1,8.4,387.0,477.0,1.0,4.9,0.3,3.8,130.0,160000.0,260,160000.0,2018,BINDUSAGAR ( RELIGIOUS POND OF BHUBANESWAR CITY)
2432.0,NARENDRA POKHARI ( RILIGIOUS POND OF PURI CITY),POND,ODISHA,22.0,30.0,5.0,13.4,8.0,9.1,642.0,1007.0,3.8,9.5,0.1,3.8,2.0,16000.0,2,16000.0,2018,NARENDRA POKHARI ( RILIGIOUS POND OF PURI CITY)
2433.0,MARKANDA POKHARI ( RILIGIOUS POND OF PURI CITY),POND,ODISHA,22.0,30.0,4.7,18.3,7.3,9.0,608.0,1517.0,3.6,8.1,3.2,15.6,2.0,16000.0,2,16000.0,2018,MARKANDA POKHARI ( RILIGIOUS POND OF PURI CITY)
2434.0,INDRADYUMNA TANK ( RILIGIOUS POND OF PURI CITY),POND,ODISHA,20.0,31.0,3.3,9.8,7.6,8.8,332.0,701.0,3.2,7.0,0.1,2.3,78.0,16000.0,270,54000.0,2018,INDRADYUMNA TANK ( RILIGIOUS POND OF PURI CITY)
2435.0,SWETAGANGA ( RILIGIOUS POND OF PURI CITY),POND,ODISHA,20.0,30.0,1.6,12.9,6.6,9.0,528.0,1266.0,4.1,16.4,0.6,7.8,330.0,16000.0,790,16000.0,2018,SWETAGANGA ( RILIGIOUS POND OF PURI CITY)
2436.0,PARVATI SAGAR ( RILIGIOUS POND OF PURI CITY),POND,ODISHA,24.0,32.0,4.8,14.8,6.6,8.9,249.0,683.0,3.1,17.8,0.1,1.9,20.0,16000.0,130,16000.0,2018,PARVATI SAGAR ( RILIGIOUS POND OF PURI CITY)
3962.0,JAGANNATH SAGAR POND OF JEYPORE,POND,ODISHA,16.0,32.0,6.5,7.6,6.8,8.5,93.0,639.0,0.7,2.8,0.1,2.5,20.0,2500.0,45,4300.0,2018,JAGANNATH SAGAR POND OF JEYPORE
3963.0,RANIGUDA POND,POND,ODISHA,21.0,34.0,2.3,16.2,7.4,8.8,595.0,1020.0,2.5,18.1,0.5,6.5,20.0,16000.0,170,16000.0,2018,RANIGUDA POND
1396.0,"OSTERI LAKE, PONDICHERRY",LAKE,PUDUCHERRY,29.0,35.0,8.0,66.0,8.3,9.1,293.0,575.0,0.0,3.0,BDL,0.1,22.0,22.0,50,350.0,2018,"OSTERI LAKE, PONDICHERRY"
1686.0,"BAHOUR LAKE, PONDICHERRY",LAKE,PUDUCHERRY,29.0,34.0,5.5,8.9,6.6,8.5,335.0,748.0,0.0,3.0,0.0,1.7,27.0,80.0,130,220.0,2018,"BAHOUR LAKE, PONDICHERRY"
1297.0,"HARIKE LAKE AT HARIKE VILLAGE, PUNJAB",LAKE,PUNJAB,12.0,32.0,6.3,7.6,7.0,7.8,183.0,368.0,1.6,3.0,0.8,1.5,230.0,2200.0,490,4700.0,2018,"HARIKE LAKE AT HARIKE VILLAGE, PUNJAB"
1382.0,"HARIKE LAKE D/S FROM CANAL, PUNJAB",LAKE,PUNJAB,12.0,34.0,6.3,7.8,7.0,7.9,234.0,334.0,1.6,3.0,0.7,1.4,230.0,2100.0,490,4300.0,2018,"HARIKE LAKE D/S FROM CANAL, PUNJAB"
2912.0,"RANJIT SAGAR RESERVOIR, PUNJAB",LAKE,PUNJAB,11.0,29.0,7.8,8.3,7.2,7.9,148.0,222.0,0.0,BDL,BDL,0.7,33.0,79.0,70,140.0,2018,"RANJIT SAGAR RESERVOIR, PUNJAB"
1285.0,"PICHOLA LAKE AT UDAIPUR (WATER INTAKE POINT), RAJA",LAKE,RAJASTHAN,16.0,32.0,6.0,7.2,7.9,8.9,530.0,700.0,0.6,2.3,1.7,3.1,9.0,372.0,28,150.0,2018,"PICHOLA LAKE AT UDAIPUR (WATER INTAKE POINT), RAJA"
1286.0,UDAISAGAR LAKE AT UDAIPUR (INTAKE PT.) RAJASTHAN,LAKE,RAJASTHAN,16.0,30.0,5.4,6.1,7.9,8.8,1060.0,1480.0,1.7,4.0,0.0,2.7,14.0,28.0,28,150.0,2018,UDAISAGAR LAKE AT UDAIPUR (INTAKE PT.) RAJASTHAN
1414.0,"PUSHKAR LAKE, RAJASTHAN",LAKE,RAJASTHAN,18.0,29.0,2.3,5.7,6.7,7.9,330.0,750.0,1.5,9.6,1.1,3.1,7.0,20.0,14,120.0,2018,"PUSHKAR LAKE, RAJASTHAN"
1481.0,"FATEH SAGAR LAKE AT UDAIPUR INTAKE POINT OF PHED,",LAKE,RAJASTHAN,16.0,31.0,6.2,7.2,7.9,8.7,610.0,780.0,0.9,3.3,1.7,3.1,11.0,20.0,75,150.0,2018,"FATEH SAGAR LAKE AT UDAIPUR INTAKE POINT OF PHED,"
1714.0,"KAYALANA JHEEL JODHPUR, RAJASTHAN",LAKE,RAJASTHAN,21.2,34.0,5.3,9.2,7.4,9.0,250.0,360.0,0.6,2.7,1.3,4.5,4.0,11.0,7,28.0,2018,"KAYALANA JHEEL JODHPUR, RAJASTHAN"
1716.0,"NAKKI LAKE, MT. ABU, RAJASTHAN",LAKE,RAJASTHAN,10.0,27.5,4.6,6.5,7.3,8.1,240.0,300.0,0.2,2.8,1.8,3.1,4.0,14.0,7,28.0,2018,"NAKKI LAKE, MT. ABU, RAJASTHAN"
2935.0,"LAKE JET SAGAR, BUNDI, RAJASTHAN",LAKE,RAJASTHAN,18.0,31.0,2.7,5.4,7.4,8.3,410.0,790.0,0.9,3.7,1.3,3.2,7.0,64.0,20,150.0,2018,"LAKE JET SAGAR, BUNDI, RAJASTHAN"
2937.0,"LAKE SILISERH, ALWAR, RAJASTHAN",LAKE,RAJASTHAN,17.0,33.0,5.4,7.3,7.3,8.3,210.0,330.0,1.1,3.1,1.8,3.1,4.0,14.0,7,28.0,2018,"LAKE SILISERH, ALWAR, RAJASTHAN"
2938.0,"LAKE RAJSAMAND, RAJSAMAND POINT NO. 1, RAJSAMAND,",LAKE,RAJASTHAN,19.0,28.0,3.2,5.7,7.9,8.4,510.0,710.0,0.6,3.3,2.1,3.1,7.0,20.0,28,93.0,2018,"LAKE RAJSAMAND, RAJSAMAND POINT NO. 1, RAJSAMAND,"
2939.0,"LAKE RAJSAMAND, RAJSAMAND POINT NO. 2, RAJSAMAND,",LAKE,RAJASTHAN,18.5,27.5,3.3,5.7,7.9,8.4,480.0,720.0,0.7,3.2,1.8,3.1,7.0,14.0,28,75.0,2018,"LAKE RAJSAMAND, RAJSAMAND POINT NO. 2, RAJSAMAND,"
2940.0,"GAPE SAGAR LAKE, DUNGARPUR, RAJASTHAN",LAKE,RAJASTHAN,12.0,28.0,4.2,5.4,7.4,8.1,520.0,960.0,0.9,4.4,1.8,2.7,7.0,21.0,28,93.0,2018,"GAPE SAGAR LAKE, DUNGARPUR, RAJASTHAN"
2943.0,"LODHA TALAB, BANSWARA DUNGARPUR ROAD, BANSWARA, R",LAKE,RAJASTHAN,18.0,29.0,3.2,5.7,6.8,8.3,630.0,1110.0,1.1,3.7,2.3,3.1,14.0,28.0,75,150.0,2018,"LODHA TALAB, BANSWARA DUNGARPUR ROAD, BANSWARA, R"
2944.0,"JALMAHAL, JAIPUR, RAJASTHAN",LAKE,RAJASTHAN,18.0,32.0,1.8,7.2,7.2,9.0,440.0,5300.0,3.2,28.0,0.0,3.1,21.0,75.0,150,210.0,2018,"JALMAHAL, JAIPUR, RAJASTHAN"
4179.0,"BADI KA TALAB, UDAIPUR",POND,RAJASTHAN,16.0,30.0,6.2,7.2,7.8,8.2,340.0,500.0,0.8,2.1,2.5,3.1,4.0,14.0,11,28.0,2018,"BADI KA TALAB, UDAIPUR"
1420.0,"KODAI KANAL LAKE, TAMILNADU",LAKE,TAMIL NADU,17.0,25.0,6.5,7.4,6.4,7.3,102.0,163.0,2.1,6.1,0.3,2.4,33.0,79.0,48,84.0,2018,"KODAI KANAL LAKE, TAMILNADU"
1421.0,"UDHAGAMADALEM LAKE (OOTY), TAMILNADU",LAKE,TAMIL NADU,16.0,18.0,2.0,6.6,6.5,7.4,6.0,630.0,1.6,13.2,0.5,3.4,110.0,2200.0,390,4700.0,2018,"UDHAGAMADALEM LAKE (OOTY), TAMILNADU"
1452.0,"YERCAUD LAKE, SALEM, TAMILNADU",LAKE,TAMIL NADU,25.0,28.0,6.2,8.6,6.2,7.9,286.0,426.0,0.8,8.1,0.4,1.6,78.0,630.0,380,1400.0,2018,"YERCAUD LAKE, SALEM, TAMILNADU"
3007.0,"VEERANAM LAKE AT CUDDALORE, TAMILNADU",LAKE,TAMIL NADU,29.0,35.0,3.9,7.9,7.5,8.3,256.0,529.0,0.9,6.9,0.3,1.0,34.0,1100.0,130,2800.0,2018,"VEERANAM LAKE AT CUDDALORE, TAMILNADU"
3008.0,"POONDI LAKE AT THIRUVALLUR, TAMILNADU",LAKE,TAMIL NADU,8.1,32.0,3.1,7.4,7.1,8.9,364.0,2610.0,2.0,36.0,0.2,1.1,2.0,460.0,490,2220.0,2018,"POONDI LAKE AT THIRUVALLUR, TAMILNADU"
3009.0,"REDD HILLS AT THIRUVALLUR, TAMILNADU",LAKE,TAMIL NADU,31.0,31.0,4.2,7.6,7.5,9.2,396.0,575.0,2.0,10.0,0.1,1.3,2.0,210.0,260,2220.0,2018,"REDD HILLS AT THIRUVALLUR, TAMILNADU"
3010.0,"PORUR LAKE AT THIRUVALLUR, TAMILNADU",LAKE,TAMIL NADU,31.0,31.0,4.3,7.8,6.3,9.1,360.0,1373.0,2.0,17.0,0.1,1.2,2.0,340.0,320,2800.0,2018,"PORUR LAKE AT THIRUVALLUR, TAMILNADU"
3011.0,"PULICATE LAKE AT THIRUVALLUR, TAMILNADU",LAKE,TAMIL NADU,31.0,31.0,2.9,7.0,6.3,8.1,29900.0,181400.0,2.0,20.0,0.0,2.4,2.0,110.0,BDL,1400.0,2018,"PULICATE LAKE AT THIRUVALLUR, TAMILNADU"
1391.0,"HUSSAIN SAGAR LAKE, BUDAMERU",LAKE,TELANGANA,20.0,29.0,0.1,2.2,7.3,7.8,1204.0,1588.0,10.0,22.0,1.2,26.4,20.0,480.0,260,15000.0,2018,"HUSSAIN SAGAR LAKE, BUDAMERU"
1788.0,"SAROONAGAR , RANGA REDDY DIST.",LAKE,TELANGANA,26.0,34.0,0.0,0.1,7.1,7.7,1088.0,1711.0,14.0,28.0,0.6,24.1,40.0,420.0,520,14500.0,2018,"SAROONAGAR , RANGA REDDY DIST."
1789.0,"HIMAYAT SAGAR LAKE , R.R.DIST.",LAKE,TELANGANA,26.0,31.0,5.0,6.6,7.5,9.2,302.0,378.0,1.0,3.0,0.2,2.4,2.0,30.0,10,200.0,2018,"HIMAYAT SAGAR LAKE , R.R.DIST."
2340.0,"LAXMINARAYANA CHEVURU AT EDULABAD, RANGAREDDY",LAKE,TELANGANA,25.0,28.0,2.3,5.4,6.9,8.6,1197.0,1469.0,6.0,18.0,1.2,5.5,2.0,180.0,140,8000.0,2018,"LAXMINARAYANA CHEVURU AT EDULABAD, RANGAREDDY"
2341.0,"MIRALAM LAKE NEAR ZOO PARK, RANGAREDDY",LAKE,TELANGANA,26.0,34.0,0.0,3.9,7.3,7.9,1355.0,1678.0,6.0,20.0,2.1,11.6,2.0,220.0,80,12000.0,2018,"MIRALAM LAKE NEAR ZOO PARK, RANGAREDDY"
2342.0,"NOOR MD. KUNTA, KATTEDAN, RANGAREDDY",LAKE,TELANGANA,26.0,30.0,0.0,0.1,7.4,8.0,1870.0,2988.0,24.0,45.0,1.6,23.6,20.0,800.0,370,11000.0,2018,"NOOR MD. KUNTA, KATTEDAN, RANGAREDDY"
3068.0,"RAMAPPA LAKE, WARANGAL",LAKE,TELANGANA,26.0,32.0,5.1,6.8,7.2,8.2,215.0,390.0,2.0,3.0,0.0,1.6,2.0,25.0,10,300.0,2018,"RAMAPPA LAKE, WARANGAL"
3069.0,"SHAMEERPET LAKE, SHAMEERPET, RANGA REDDY",LAKE,TELANGANA,25.0,28.0,3.9,6.0,7.1,8.1,435.0,771.0,2.0,8.0,0.3,2.6,2.0,120.0,10,500.0,2018,"SHAMEERPET LAKE, SHAMEERPET, RANGA REDDY"
3070.0,"FOX SAGAR, JEEDIMETLA, RANGA REDDY",LAKE,TELANGANA,26.0,29.0,0.9,4.1,7.1,7.9,980.0,1480.0,6.0,16.0,0.2,13.9,2.0,320.0,120,8000.0,2018,"FOX SAGAR, JEEDIMETLA, RANGA REDDY"
3071.0,"LANGARHOUSE LAKE, HYDERABAD",LAKE,TELANGANA,26.0,29.0,0.1,1.1,7.1,7.6,1085.0,1534.0,10.0,39.0,0.1,18.0,2.0,800.0,120,16500.0,2018,"LANGARHOUSE LAKE, HYDERABAD"
3072.0,"SAFILGUDA LAKE, RANGA REDDY",LAKE,TELANGANA,20.0,29.0,0.0,2.3,7.4,7.8,1210.0,1790.0,10.0,20.0,0.9,22.1,2.0,800.0,176,14000.0,2018,"SAFILGUDA LAKE, RANGA REDDY"
3073.0,"HASMATHPET LAKE, HASMATHPET, RANGA REDDY",LAKE,TELANGANA,24.0,29.0,0.0,1.0,7.4,8.0,1180.0,1617.0,14.0,20.0,3.8,15.6,2.0,800.0,110,10500.0,2018,"HASMATHPET LAKE, HASMATHPET, RANGA REDDY"
3074.0,"BANJARA LAKE, BANJARA HILLS, RANGA REDDY",LAKE,TELANGANA,18.0,29.0,0.0,1.0,7.0,7.8,880.0,1296.0,12.0,60.0,0.3,18.0,2.0,800.0,220,13000.0,2018,"BANJARA LAKE, BANJARA HILLS, RANGA REDDY"
4229.0,NEKNAMPUR LAKE,LAKE,TELANGANA,25.0,29.0,0.0,0.5,7.1,7.3,1162.0,1816.0,15.0,40.0,0.0,48.5,2.0,420.0,21,800.0,2018,NEKNAMPUR LAKE
4234.0,"UMDA SAGAR LAKE, SHAMSHABAD",LAKE,TELANGANA,26.0,29.0,2.0,44.1,7.2,8.8,686.0,1140.0,1.0,16.0,0.2,38.3,2.0,96.0,17,1600.0,2018,"UMDA SAGAR LAKE, SHAMSHABAD"
4235.0,LAKE KAMUNI ( SHAMSHABAD LAKE),LAKE,TELANGANA,27.0,33.0,0.0,5.5,7.3,8.3,1345.0,1947.0,9.0,23.0,2.2,23.0,2.0,220.0,14,580.0,2018,LAKE KAMUNI ( SHAMSHABAD LAKE)
2344.0,"NALLA CHEVURU, RANGAREDDY",POND,TELANGANA,27.0,30.0,0.1,0.1,7.6,7.9,1480.0,1652.0,20.0,22.0,0.0,28.4,30.0,60.0,400,10500.0,2018,"NALLA CHEVURU, RANGAREDDY"
2345.0,"SAI CHEVURU, NEAR TANNERY INDUSTRIES, DESAIPET, WA",POND,TELANGANA,25.0,31.0,0.0,4.2,6.9,8.4,3460.0,30590.0,28.0,286.0,1.2,49.6,2.0,480.0,480,35525.0,2018,"SAI CHEVURU, NEAR TANNERY INDUSTRIES, DESAIPET, WA"
2346.0,"BHADRAKALI CHEVURU, BHADRAKALI TEMPLE, WARANGAL",POND,TELANGANA,24.0,32.0,3.8,5.8,7.1,8.4,386.0,798.0,2.0,3.0,0.1,3.7,2.0,23.0,17,800.0,2018,"BHADRAKALI CHEVURU, BHADRAKALI TEMPLE, WARANGAL"
2347.0,"ASANI KUNTA, KAJIPALLY, MEDAK",POND,TELANGANA,24.0,30.0,0.0,0.1,5.4,7.7,7040.0,12580.0,99.0,278.0,40.8,62.8,4.0,100.0,125,3225.0,2018,"ASANI KUNTA, KAJIPALLY, MEDAK"
2357.0,DURGAM CHEVURU,POND,TELANGANA,26.0,36.0,1.0,3.9,7.2,8.1,1007.0,1380.0,4.0,18.0,0.5,26.0,2.0,220.0,120,9750.0,2018,DURGAM CHEVURU
2359.0,PEDDA CHEVURU,POND,TELANGANA,26.0,34.0,0.0,1.0,7.2,7.8,1330.0,1968.0,11.0,29.0,1.1,50.0,2.0,520.0,236,12000.0,2018,PEDDA CHEVURU
3075.0,"RANGADHAMUNI CHERUVU, RANGA REDDY",POND,TELANGANA,26.0,32.0,0.0,2.6,7.2,7.9,921.0,1610.0,8.0,20.0,0.9,21.1,10.0,480.0,180,12000.0,2018,"RANGADHAMUNI CHERUVU, RANGA REDDY"
3076.0,"AMBER CHERUVU, KUKATPALLY, RANGA REDDY",POND,TELANGANA,26.0,30.0,0.0,2.0,7.4,7.9,1240.0,1708.0,12.0,32.0,2.0,23.0,2.0,800.0,162,10500.0,2018,"AMBER CHERUVU, KUKATPALLY, RANGA REDDY"
3077.0,"KAPRA CHERUVU, KAPRA, RANGA REDDY",POND,TELANGANA,26.0,30.0,1.9,4.0,7.3,8.1,1189.0,1614.0,6.0,12.0,2.3,8.7,2.0,420.0,156,5500.0,2018,"KAPRA CHERUVU, KAPRA, RANGA REDDY"
3078.0,"PRAGATHINAGAR CHERUVU, KUKATPALLY, RANGA REDDY",POND,TELANGANA,25.0,28.0,0.0,1.9,7.3,7.9,1243.0,1758.0,14.0,38.0,0.6,9.8,2.0,480.0,120,1600.0,2018,"PRAGATHINAGAR CHERUVU, KUKATPALLY, RANGA REDDY"
1447.0,DHARMASAGAR TANK NEAR WARANGAL,TANK,TELANGANA,24.0,30.0,5.2,6.0,7.5,8.4,257.0,410.0,2.0,3.0,0.0,1.0,2.0,24.0,8,200.0,2018,DHARMASAGAR TANK NEAR WARANGAL
1464.0,BIBINAGAR TANK,TANK,TELANGANA,18.0,31.0,4.9,6.8,7.5,8.5,530.0,880.0,3.0,60.0,6.8,18.5,5.0,125.0,57,1450.0,2018,BIBINAGAR TANK
1780.0,"GANDIGUDEM , MEDAK DISTRICT",TANK,TELANGANA,24.0,34.0,4.8,7.9,7.0,8.1,1782.0,2414.0,16.0,24.0,0.4,52.3,6.0,250.0,124,4000.0,2018,"GANDIGUDEM , MEDAK DISTRICT"
1783.0,"KISTAREDDYPET TANK , MEDAK DIST.",TANK,TELANGANA,24.0,29.0,3.2,6.4,6.3,7.7,2586.0,5760.0,10.0,30.0,11.0,51.7,2.0,100.0,29,1675.0,2018,"KISTAREDDYPET TANK , MEDAK DIST."
2343.0,"PREMAJIPET TANK, KATTEDAN, RANGAREDDY",TANK,TELANGANA,26.0,34.0,0.0,1.7,7.2,7.6,3270.0,5930.0,16.0,40.0,2.1,9.8,2.0,540.0,120,1600.0,2018,"PREMAJIPET TANK, KATTEDAN, RANGAREDDY"
2348.0,"KAJIPALLY TANK, KAJIPALLY, MEDAK",TANK,TELANGANA,27.0,27.0,5.0,5.8,7.1,7.2,4670.0,5450.0,12.0,14.0,0.0,32.8,,,,,2018,"KAJIPALLY TANK, KAJIPALLY, MEDAK"
2358.0,MALLAPUR TANK,TANK,TELANGANA,26.0,30.0,0.0,0.1,7.2,8.1,1447.0,2008.0,22.0,41.0,0.3,13.0,55.0,800.0,320,18000.0,2018,MALLAPUR TANK
3084.0,"WADDEPALLY TANK, KAZIPET, WARANGAL",TANK,TELANGANA,25.0,29.0,4.5,6.2,7.5,8.3,59.0,683.0,3.0,80.0,0.6,4.5,2.0,25.0,4,300.0,2018,"WADDEPALLY TANK, KAZIPET, WARANGAL"
3085.0,"CHINNA WADDEPALLY TANK, WARANGAL",TANK,TELANGANA,26.0,30.0,2.0,5.0,7.3,8.8,1114.0,1810.0,8.0,22.0,0.9,12.5,2.0,100.0,40,16875.0,2018,"CHINNA WADDEPALLY TANK, WARANGAL"
3086.0,"SAKI TANK, PATANCHERU, RANGA REDDY",TANK,TELANGANA,23.0,30.0,4.1,7.2,6.3,7.9,860.0,1326.0,3.0,8.0,10.6,34.4,2.0,100.0,22,1350.0,2018,"SAKI TANK, PATANCHERU, RANGA REDDY"
4222.0,"KONERU, KONDAGATTU TEMPLE, JAGITIYAL",TANK,TELANGANA,26.0,28.0,0.1,4.6,7.1,7.8,514.0,2700.0,3.0,140.0,0.3,19.9,2.0,220.0,24,1600.0,2018,"KONERU, KONDAGATTU TEMPLE, JAGITIYAL"
4223.0,"VEMULAWADA TEMPLE KONERU, KARIMNAGAR",TANK,TELANGANA,26.0,28.0,0.1,1.8,6.9,7.5,912.0,1688.0,12.0,190.0,0.0,35.6,2.0,27.0,56,520.0,2018,"VEMULAWADA TEMPLE KONERU, KARIMNAGAR"
4224.0,"YADADRI TEMPLE, YADADRI, BORE WELL/ KONERU",TANK,TELANGANA,28.0,28.0,4.2,4.2,7.1,7.1,773.0,773.0,4.0,4.0,0.0,5.1,7.0,7.0,38,38.0,2018,"YADADRI TEMPLE, YADADRI, BORE WELL/ KONERU"
4225.0,"JOGULAMBA TEMPLE, GADWAL",TANK,TELANGANA,27.0,30.0,3.2,6.2,7.5,8.3,456.0,988.0,2.0,24.0,0.0,11.2,9.0,80.0,15,240.0,2018,"JOGULAMBA TEMPLE, GADWAL"
4228.0,"IBRAHIM CHERUVU, RAJENDRA NAGAR",TANK,TELANGANA,28.0,28.0,0.0,0.1,7.1,7.3,1424.0,1769.0,19.0,32.0,10.4,31.0,11.0,240.0,26,560.0,2018,"IBRAHIM CHERUVU, RAJENDRA NAGAR"
4230.0,"KISTAIPALLY CHERUVU, KISTAIPALLY VILLAGE, JINNARAM",TANK,TELANGANA,24.0,29.0,5.7,8.5,6.9,7.6,3640.0,4710.0,7.0,18.0,10.5,24.4,2.0,5.0,9,52.0,2018,"KISTAIPALLY CHERUVU, KISTAIPALLY VILLAGE, JINNARAM"
4231.0,"RAYAM CHERUVU, BONTHAPALLY VILLAGE, JINNARAM MANDA",TANK,TELANGANA,23.0,29.0,4.4,7.0,0.9,7.7,667.0,1054.0,5.0,88.0,7.5,54.4,2.0,32.0,35,63.0,2018,"RAYAM CHERUVU, BONTHAPALLY VILLAGE, JINNARAM MANDA"
4232.0,"KOMATI CHERUVU, SIDDIPET TOWN, SIDIPET DISTRICT",TANK,TELANGANA,21.0,30.0,6.5,8.6,7.3,8.0,667.0,740.0,4.0,9.0,4.1,12.8,2.0,62.0,32,70.0,2018,"KOMATI CHERUVU, SIDDIPET TOWN, SIDIPET DISTRICT"
4233.0,"GADDAPOTHARAM CHERUVU, GADDAPOTHARAM VILLAGE, JINN",TANK,TELANGANA,23.0,28.0,2.5,8.5,6.6,7.3,4760.0,5430.0,18.0,30.0,20.3,32.4,4.0,10.0,100,154.0,2018,"GADDAPOTHARAM CHERUVU, GADDAPOTHARAM VILLAGE, JINN"
4236.0,PEDDA CHERUVU (NACHARAM CHERUVU),TANK,TELANGANA,26.0,29.0,0.0,1.0,6.9,7.6,146.0,1550.0,20.0,30.0,4.0,69.5,2.0,800.0,23,1600.0,2018,PEDDA CHERUVU (NACHARAM CHERUVU)
4237.0,"MULLAKATWA CHERUVU, JI TECH CITY, MADHAPUR,",TANK,TELANGANA,26.0,29.0,0.0,4.3,7.2,8.6,1204.0,1843.0,14.0,57.0,0.3,56.0,2.0,420.0,19,1600.0,2018,"MULLAKATWA CHERUVU, JI TECH CITY, MADHAPUR,"
4238.0,"AMEENPUR CHERUVU, AMEENPUR (V & M) SANGAREDDY DIST",TANK,TELANGANA,25.0,29.0,6.2,7.4,6.9,8.0,1077.0,1268.0,6.0,13.0,20.4,28.4,6.0,10.0,79,180.0,2018,"AMEENPUR CHERUVU, AMEENPUR (V & M) SANGAREDDY DIST"
4239.0,MAHABOOBSAGAR TANK SANGAREDDY (V & M) SANGAREDDY D,TANK,TELANGANA,24.0,28.0,6.5,6.9,7.0,8.5,1030.0,1282.0,5.0,12.0,10.3,19.3,2.0,12.0,27,162.0,2018,MAHABOOBSAGAR TANK SANGAREDDY (V & M) SANGAREDDY D
4240.0,"MUTHANGI TANK, MUTHANGI (V), PATANCHERU (M) SANGAR",TANK,TELANGANA,23.0,28.0,5.2,7.1,5.5,8.3,1138.0,1280.0,4.0,10.0,0.0,26.5,2.0,60.0,25,48.0,2018,"MUTHANGI TANK, MUTHANGI (V), PATANCHERU (M) SANGAR"
4241.0,"CHITKUL TANK, CHITKUL (V) PATANCHERU (M) SANGAREDD",TANK,TELANGANA,25.0,28.0,5.6,6.8,6.5,7.9,1692.0,1944.0,4.0,13.0,20.5,32.6,3.0,6.0,38,100.0,2018,"CHITKUL TANK, CHITKUL (V) PATANCHERU (M) SANGAREDD"
4242.0,"LAKADARAM CHERUVU, LAKADARAM (V) PATANCHERU (M) SA",TANK,TELANGANA,25.0,26.0,4.2,6.2,7.2,8.1,1442.0,1866.0,3.2,5.0,0.0,50.0,2.0,3.0,26,70.0,2018,"LAKADARAM CHERUVU, LAKADARAM (V) PATANCHERU (M) SA"
4243.0,"ISNAPUR TANK, ISNAPUR (V) PATANCHERU 9M) SANGAREDD",TANK,TELANGANA,24.0,28.0,2.5,6.5,6.7,7.9,5930.0,8793.0,3.0,88.0,38.9,59.9,2.0,12.0,70,136.0,2018,"ISNAPUR TANK, ISNAPUR (V) PATANCHERU 9M) SANGAREDD"
4244.0,"YERDANOOR TANK, YERDANOOR (V) SANGAREDDY DISTRICT",TANK,TELANGANA,24.0,29.0,6.6,7.9,6.9,8.0,1065.0,2871.0,4.0,11.8,30.3,45.3,2.0,4.0,29,90.0,2018,"YERDANOOR TANK, YERDANOOR (V) SANGAREDDY DISTRICT"
4245.0,MALLEPALLY TANK MALLEPALLY (V) KONDAPUR (M) SANGAR,TANK,TELANGANA,25.0,28.0,6.1,7.6,7.2,8.7,1640.0,4320.0,4.8,14.0,16.6,48.3,2.0,6.0,36,110.0,2018,MALLEPALLY TANK MALLEPALLY (V) KONDAPUR (M) SANGAR
4247.0,"MUCHARLA NAGARAM CHERUVU, WARANGAL",TANK,TELANGANA,25.0,28.0,2.6,4.7,6.9,9.0,909.0,1320.0,10.0,18.0,2.0,15.5,2.0,94.0,69,480.0,2018,"MUCHARLA NAGARAM CHERUVU, WARANGAL"
4248.0,"KOTI CHERUVU, HANAMKONDA, WARANGAL",TANK,TELANGANA,25.0,30.0,1.6,5.4,6.9,7.8,1012.0,1240.0,6.0,26.0,2.1,10.8,2.0,43.0,94,468.0,2018,"KOTI CHERUVU, HANAMKONDA, WARANGAL"
4249.0,"RANGASAMUDRAM, WARANGAL",TANK,TELANGANA,25.0,29.5,2.1,4.6,7.4,7.9,1014.0,1821.0,8.0,16.0,0.6,2.4,2.0,52.0,32,481.0,2018,"RANGASAMUDRAM, WARANGAL"
4302.0,"RUDRARAM TANK, RUDRARAM (V)PATANCHERU (M) SANGARED",TANK,TELANGANA,21.0,28.0,3.2,7.4,6.6,7.2,2071.0,2814.0,7.0,14.0,22.5,38.6,2.0,65.0,36,96.0,2018,"RUDRARAM TANK, RUDRARAM (V)PATANCHERU (M) SANGARED"
1727.0,"LAXMI NARAYAN BARI PALACE COMPOUND, TRIPURA",LAKE,TRIPURA,20.5,30.0,6.3,8.5,6.9,9.0,71.0,159.0,0.2,1.0,0.2,0.7,110.0,150.0,220,280.0,2018,"LAXMI NARAYAN BARI PALACE COMPOUND, TRIPURA"
1728.0,"RUDRASAGAR, SONUMURA, TRIPURA",LAKE,TRIPURA,20.5,29.5,5.9,8.3,6.1,8.4,107.0,187.0,0.6,2.9,0.3,0.8,110.0,170.0,210,350.0,2018,"RUDRASAGAR, SONUMURA, TRIPURA"
3391.0,"DHAMBUR LAKE, DHALAI",LAKE,TRIPURA,20.5,29.0,6.1,7.9,6.3,8.0,61.0,139.0,0.2,0.8,0.2,0.5,94.0,170.0,210,280.0,2018,"DHAMBUR LAKE, DHALAI"
4192.0,MBB COLLAGE LAKE,LAKE,TRIPURA,24.0,28.5,7.1,7.8,7.2,7.9,122.0,212.0,0.8,2.0,0.4,0.6,110.0,150.0,220,280.0,2018,MBB COLLAGE LAKE
4193.0,DIMASAGAR LAKE,LAKE,TRIPURA,24.0,28.5,7.3,8.4,7.1,7.9,110.0,187.0,0.7,2.4,0.3,0.7,130.0,280.0,240,480.0,2018,DIMASAGAR LAKE
3392.0,"SHIPAHIJALA POND, WEST TRIPURA",POND,TRIPURA,20.0,29.0,5.1,6.9,6.8,8.7,69.0,142.0,0.2,0.7,0.1,0.6,110.0,170.0,210,350.0,2018,"SHIPAHIJALA POND, WEST TRIPURA"
3393.0,"BRAMAKUNDA POND, WEST TRIPURA",POND,TRIPURA,20.5,30.0,5.2,7.4,6.7,8.8,72.0,157.0,0.2,0.9,0.2,0.7,110.0,170.0,220,280.0,2018,"BRAMAKUNDA POND, WEST TRIPURA"
3394.0,"KALYANSAGAR AT MATARBARI, SOUTH TRIPURA",POND,TRIPURA,21.0,29.0,6.5,8.9,7.0,9.0,86.0,164.0,0.4,1.2,0.2,0.8,140.0,240.0,220,430.0,2018,"KALYANSAGAR AT MATARBARI, SOUTH TRIPURA"
3395.0,"MAHADEB DIGHI, SOUTH TRIPURA",POND,TRIPURA,21.0,29.0,6.9,8.6,7.0,8.8,73.0,149.0,0.2,1.1,0.1,0.8,110.0,170.0,220,350.0,2018,"MAHADEB DIGHI, SOUTH TRIPURA"
3396.0,"JAGANNATH DIGHI, SOUTH TRIPURA",POND,TRIPURA,21.0,29.0,6.7,8.9,6.8,8.9,82.0,167.0,0.2,1.2,0.2,0.4,110.0,170.0,220,350.0,2018,"JAGANNATH DIGHI, SOUTH TRIPURA"
4194.0,LALBAHADUR DIGHI POND,POND,TRIPURA,24.0,28.5,5.5,7.3,6.3,7.1,110.0,216.0,0.6,2.7,0.3,0.5,120.0,170.0,220,350.0,2018,LALBAHADUR DIGHI POND
4195.0,DURGABARI POND,POND,TRIPURA,24.5,29.0,6.2,7.0,7.3,8.3,122.0,213.0,0.5,2.6,0.3,0.5,120.0,240.0,220,350.0,2018,DURGABARI POND
4196.0,RADHANAGAR POND,POND,TRIPURA,24.5,29.0,7.6,8.8,6.8,7.4,132.0,215.0,0.8,3.8,0.4,0.8,130.0,280.0,240,430.0,2018,RADHANAGAR POND
4197.0,CHATURDASH DEBATA BARI POND,POND,TRIPURA,23.5,28.5,7.1,7.9,7.0,7.9,106.0,178.0,0.5,2.0,0.3,0.5,110.0,170.0,220,280.0,2018,CHATURDASH DEBATA BARI POND
4221.0,KATAL DIGHI POND,POND,TRIPURA,24.5,28.0,6.6,7.3,6.4,7.7,109.0,157.0,0.4,2.0,0.4,0.8,150.0,220.0,220,350.0,2018,KATAL DIGHI POND
1364.0,"RAMGARH LAKE, U.P.",LAKE,UTTAR PRADESH,16.0,28.0,8.0,9.0,7.5,7.9,446.0,690.0,3.7,5.0,,,2100.0,6300.0,3300,17000.0,2018,"RAMGARH LAKE, U.P."
2499.0,"SAMARPUR JHEEL, RAEBARELI",LAKE,UTTAR PRADESH,20.0,28.0,5.8,7.2,7.8,8.1,251.0,477.0,4.0,5.0,0.9,1.0,5100.0,6900.0,7800,8600.0,2018,"SAMARPUR JHEEL, RAEBARELI"
2500.0,"MAAHIL POND, URAI TEHSIL, JALAUN",POND,UTTAR PRADESH,14.3,31.0,,,7.2,9.4,357.0,4240.0,9.5,96.0,,,1100.0,15000.0,24000,92000.0,2018,"MAAHIL POND, URAI TEHSIL, JALAUN"
2501.0,"LAXMI POND, JHANSI",POND,UTTAR PRADESH,17.3,39.0,0.0,2.5,6.9,8.7,1136.0,3150.0,45.0,87.5,,,700.0,12000.0,35000,160000.0,2018,"LAXMI POND, JHANSI"
1362.0,NAINI LAKE AT NAINITAL (WATER INTAKE POINT),LAKE,UTTARAKHAND,7.0,19.0,6.6,7.8,7.3,8.2,440.0,480.0,1.2,1.8,0.0,0.0,,,,,2018,NAINI LAKE AT NAINITAL (WATER INTAKE POINT)
3437.0,BHEEMTAL LAKE,LAKE,UTTARAKHAND,8.0,19.0,6.8,7.8,7.2,7.7,160.0,260.0,1.2,1.6,0.0,0.0,,,,,2018,BHEEMTAL LAKE
1765.0,"RABINDRASAROVAR NATIONAL LAKE, CALCUTTA, WEST BENGAL",LAKE,WEST BENGAL,20.0,33.0,8.1,14.2,7.6,8.7,40.0,626.0,1.7,6.1,0.3,0.6,700.0,130000.0,1300,230000.0,2018,"RABINDRASAROVAR NATIONAL LAKE, CALCUTTA, WEST BENGAL"
2503.0,HATISHALA GHAT ON DUDHPUKUR AT TARAKESHWAR,LAKE,WEST BENGAL,20.0,36.0,4.8,18.6,7.4,8.8,624.0,724.0,3.1,21.6,0.0,3.5,23000.0,140000.0,30000,170000.0,2018,HATISHALA GHAT ON DUDHPUKUR AT TARAKESHWAR
2504.0,MAINH GHAT ON DUDHPUKUR AT TARAKESHWAR,LAKE,WEST BENGAL,20.0,36.0,5.5,24.3,7.6,8.9,622.0,717.0,3.0,40.2,BDL,4.6,30000.0,220000.0,50000,280000.0,2018,MAINH GHAT ON DUDHPUKUR AT TARAKESHWAR
2505.0,HANUMAN GHAT ON DUDHPUKUR AT TARAKESHWAR,LAKE,WEST BENGAL,20.0,36.0,6.5,25.0,7.7,8.9,641.0,718.0,1.5,44.2,0.0,2.7,13000.0,130000.0,23000,170000.0,2018,HANUMAN GHAT ON DUDHPUKUR AT TARAKESHWAR
2519.0,KOCHBIHAR LAKE (SAGAR DIGHI),LAKE,WEST BENGAL,10.0,29.0,6.2,8.6,6.8,8.1,5.0,197.0,1.4,3.6,0.0,0.5,2600.0,9000.0,9000,28000.0,2018,KOCHBIHAR LAKE (SAGAR DIGHI)
2520.0,MIRIKH LAKE,LAKE,WEST BENGAL,4.0,20.0,6.2,7.2,6.9,8.1,88.0,197.0,2.4,3.6,0.2,0.7,2200.0,8000.0,5000,26000.0,2018,MIRIKH LAKE
2521.0,WATER RESERVIOR AT DELO,LAKE,WEST BENGAL,9.0,24.0,7.1,8.6,7.1,7.9,24.0,52.0,0.6,2.8,0.1,0.5,110.0,340.0,260,1400.0,2018,WATER RESERVIOR AT DELO
2522.0,SINCHAL LAKE FOR DARJEELING,LAKE,WEST BENGAL,2.0,18.0,7.2,8.8,7.0,8.3,11.0,42.0,0.8,1.9,0.0,0.5,90.0,340.0,140,1400.0,2018,SINCHAL LAKE FOR DARJEELING
2539.0,BELBONI LAKE NEAR BARJORA,LAKE,WEST BENGAL,19.0,33.0,5.4,8.4,7.0,8.0,178.0,244.0,1.5,2.8,BDL,0.2,1100.0,9000.0,1400,14000.0,2018,BELBONI LAKE NEAR BARJORA
2544.0,SAHEBBANDH AT PURULIA,LAKE,WEST BENGAL,17.5,32.0,4.1,9.7,7.0,8.1,438.0,550.0,2.5,3.8,BDL,1.1,3000.0,11000.0,5000,17000.0,2018,SAHEBBANDH AT PURULIA
1790.0,"PULICATE LAKE , NELLORE DIST",LAKE,ANDHRA PRADESH,18.0,28.0,4.9,5.5,6.7,8.2,21840.0,47890.0,2.20,2.80,0.46,2.8,3,4.0,210,1600,2019,"PULICATE LAKE , NELLORE DIST"
2353.0,"KONDAKARLA-AAVA LAKE, PARAWADA PHARMA CITY, VISHAKHAPATNAM",LAKE,ANDHRA PRADESH,24.0,30.0,5.0,6.8,7.0,8.5,714.0,1950.0,1.60,4.20,0.00,5.82,11,23.0,150,1100,2019,"KONDAKARLA-AAVA LAKE, PARAWADA PHARMA CITY, VISHAKHAPATNAM"
4368.0,"KOLLERU LAKE KOKKIRAYALANKA (V), KAILALUR (M)",LAKE,ANDHRA PRADESH,25.0,28.0,3.7,7.5,7.2,8.1,979.0,14730.0,1.70,5.40,0.00,3.47,4,20.0,150,1300,2019,"KOLLERU LAKE KOKKIRAYALANKA (V), KAILALUR (M)"
4391.0,"CHENGAMBAKAM TANK IN SRI CITY SEZ, TIRUPATHI",TANK,ANDHRA PRADESH,25.0,36.0,3.2,6.1,6.8,7.9,228.0,1098.0,2.00,22.00,0.00,4.4,100,200.0,400,1400,2019,"CHENGAMBAKAM TANK IN SRI CITY SEZ, TIRUPATHI"
1529.0,"DEEPAR BEEL, ASSAM",LAKE,ASSAM,22.0,34.0,4.6,11.0,7.1,8.0,144.0,273.0,2.70,4.80,1.10,2.0,2,360.0,360,1500,2019,"DEEPAR BEEL, ASSAM"
2205.0,"MER BEEL AT MADHABPUR, ASSAM",LAKE,ASSAM,13.0,32.0,0.4,8.2,6.3,7.7,29.0,228.0,1.30,18.00,0.80,2.4,300,730.0,720,2000,2019,"MER BEEL AT MADHABPUR, ASSAM"
2206.0,"DALONI BEEL NEAR JOGIGHOPA, ASSAM",LAKE,ASSAM,22.0,36.0,4.7,5.7,7.2,8.1,51.0,213.0,1.80,2.60,0.80,2.1,2,360.0,300,2300,2019,"DALONI BEEL NEAR JOGIGHOPA, ASSAM"
2218.0,"DEEPAR BEEL AT BORAGAON NEAR IASST, GUWAHATI, ASSAM",LAKE,ASSAM,22.0,34.0,3.7,10.0,7.1,7.9,146.0,275.0,2.60,4.60,1.10,2.1,2,730.0,720,1500,2019,"DEEPAR BEEL AT BORAGAON NEAR IASST, GUWAHATI, ASSAM"
3804.0,SON BEEL WATER AT KARIMGANJ,LAKE,ASSAM,20.0,26.0,4.1,5.4,6.4,7.4,88.0,126.0,1.20,4.00,0.70,1.3,300,730.0,720,2000,2019,SON BEEL WATER AT KARIMGANJ
4337.0,"KAMALABARI LAKE INSIDE KAMALABARI CHILDREN,S PARK, GELEKY",LAKE,ASSAM,18.0,31.0,5.5,6.3,6.9,7.6,32.0,46.0,1.30,2.30,0.50,1.3,2,300.0,2,720,2019,"KAMALABARI LAKE INSIDE KAMALABARI CHILDREN,S PARK, GELEKY"
1263.0,"ELANGABEEL SYSTEM POND (CONNECTED TO R. KOLANG), ASSAM",POND,ASSAM,22.0,32.0,2.0,5.3,7.1,8.0,396.0,953.0,2.70,17.50,1.30,2.8,2,730.0,360,2800,2019,"ELANGABEEL SYSTEM POND (CONNECTED TO R. KOLANG), ASSAM"
2207.0,"BOR BEEL AT JAKAI., ASSAM",POND,ASSAM,12.0,29.0,2.0,6.5,6.3,7.7,28.0,258.0,1.30,4.50,0.90,1.9,300,1100.0,300,3500,2019,"BOR BEEL AT JAKAI., ASSAM"
2208.0,"BORPUKHURI, NAZIRA, ASSAM",POND,ASSAM,19.0,34.0,6.0,7.8,7.0,7.8,24.0,42.0,1.20,2.80,0.60,1.4,2,360.0,2,730,2019,"BORPUKHURI, NAZIRA, ASSAM"
2209.0,"GAURISAGAR TANK, GAURISAGAR, ASSAM",POND,ASSAM,18.0,31.0,5.0,7.5,6.5,7.3,20.0,240.0,1.10,3.70,0.20,1.3,2,730.0,2,1500,2019,"GAURISAGAR TANK, GAURISAGAR, ASSAM"
2210.0,"RAJMAW PUKHURI, JORHAT, ASSAM",POND,ASSAM,18.0,32.0,5.2,7.8,6.7,7.9,47.0,85.0,1.40,3.70,0.20,2.0,2,730.0,2,1500,2019,"RAJMAW PUKHURI, JORHAT, ASSAM"
2211.0,"PADUMPUKHURI, TEZPUR, ASSAM",POND,ASSAM,20.0,33.0,7.0,7.8,7.5,8.8,28.0,310.0,1.60,6.40,0.60,2.8,300,910.0,720,2000,2019,"PADUMPUKHURI, TEZPUR, ASSAM"
2212.0,"GOPHUR TANK, GOPHUR, ASSAM",POND,ASSAM,20.0,32.0,6.8,8.0,7.5,8.9,69.0,91.0,1.70,5.60,1.00,2.3,300,1500.0,720,2800,2019,"GOPHUR TANK, GOPHUR, ASSAM"
2213.0,"JAIPAL PUKHURI, SIPAJHAR, ASSAM",POND,ASSAM,22.0,30.0,6.8,8.0,7.2,8.8,26.0,231.0,2.00,7.80,0.80,1.9,2,1100.0,360,2700,2019,"JAIPAL PUKHURI, SIPAJHAR, ASSAM"
2214.0,"BOTODRIVA SATRA POND, NAGAON, ASSAM",POND,ASSAM,21.0,36.0,2.5,9.0,6.0,7.8,19.0,123.0,1.60,8.80,0.40,2.6,2,730.0,360,2700,2019,"BOTODRIVA SATRA POND, NAGAON, ASSAM"
2215.0,"SARAN BEEL, ASSAM",POND,ASSAM,22.0,34.0,4.2,9.8,7.3,8.1,51.0,83.0,1.00,5.40,0.60,1.5,300,730.0,360,2300,2019,"SARAN BEEL, ASSAM"
2216.0,"DIGHALI PUKHURI, GUWAHATI, ASSAM",POND,ASSAM,22.0,33.0,6.0,12.2,7.1,8.7,154.0,360.0,2.30,5.80,1.00,2.6,300,1100.0,730,2800,2019,"DIGHALI PUKHURI, GUWAHATI, ASSAM"
2217.0,"SUBHAGYA KUNDA POND KAMAKHYA TEMPLE, GUWAHATI, ASSAM",POND,ASSAM,19.0,33.0,5.4,9.6,7.3,8.1,268.0,620.0,2.10,7.00,0.80,2.7,700,2800.0,1400,12000,2019,"SUBHAGYA KUNDA POND KAMAKHYA TEMPLE, GUWAHATI, ASSAM"
2219.0,"BISHNU PUSKAR PUKHURI OF HAYAGRIB MADHAB TEMPLE, HAJO, ASSAM",POND,ASSAM,21.0,33.0,6.4,10.8,7.5,9.1,90.0,228.0,1.10,14.50,1.50,2.5,300,2000.0,910,2800,2019,"BISHNU PUSKAR PUKHURI OF HAYAGRIB MADHAB TEMPLE, HAJO, ASSAM"
2220.0,"CHAND DUBI BEEL, CHAND DUBI, ASSAM",POND,ASSAM,15.0,36.0,6.0,10.3,6.1,8.0,19.0,195.0,1.00,2.60,0.70,2.8,300,720.0,360,2300,2019,"CHAND DUBI BEEL, CHAND DUBI, ASSAM"
2221.0,"GANGA PUKHURI, NALBARI (GORDON SCHOOL), ASSAM",POND,ASSAM,21.0,36.0,6.0,10.0,7.5,8.5,49.0,58.0,2.00,4.00,0.80,1.6,2,1500.0,720,4300,2019,"GANGA PUKHURI, NALBARI (GORDON SCHOOL), ASSAM"
2222.0,"RAJADINIA PUKHURI AT ABHAYAPURI, ASSAM",POND,ASSAM,23.0,38.0,4.7,5.6,7.2,8.1,16.0,110.0,1.20,4.20,0.90,1.9,2,700.0,360,1500,2019,"RAJADINIA PUKHURI AT ABHAYAPURI, ASSAM"
2223.0,"MAHAMAYA MANDIR PUKHURI, ASSAM",POND,ASSAM,21.0,38.0,3.1,5.5,7.1,8.1,44.0,63.0,1.20,2.50,0.70,2.4,300,1500.0,730,2800,2019,"MAHAMAYA MANDIR PUKHURI, ASSAM"
2224.0,"RAJAPUKHURI AT GAURIPUR, ASSAM",POND,ASSAM,20.0,38.0,3.1,5.8,7.2,8.8,74.0,98.0,1.20,2.40,0.70,2.0,2,730.0,360,2100,2019,"RAJAPUKHURI AT GAURIPUR, ASSAM"
2225.0,"BASKANDI POND INSIDE THE BASKANDI MADRASA, BASKANDI, ASSAM",POND,ASSAM,21.0,28.0,4.7,5.8,6.7,7.3,96.0,116.0,1.60,3.80,1.30,3.2,2,360.0,300,2800,2019,"BASKANDI POND INSIDE THE BASKANDI MADRASA, BASKANDI, ASSAM"
2226.0,"SIVASAGAR TANK (BORPUKHURI) NEAR SIVADOL, ASSAM",POND,ASSAM,18.0,32.0,5.8,8.7,6.1,7.5,22.0,40.0,1.20,2.80,0.20,1.7,2,730.0,2,910,2019,"SIVASAGAR TANK (BORPUKHURI) NEAR SIVADOL, ASSAM"
2227.0,"HORDAI PUKHURI, CHARAIDEW, ASSAM",POND,ASSAM,20.0,31.0,5.1,7.6,6.3,7.5,22.0,36.0,1.30,3.60,0.60,1.3,2,910.0,2,2800,2019,"HORDAI PUKHURI, CHARAIDEW, ASSAM"
2228.0,"GALA BEEL AT DERGAON, ASSAM",POND,ASSAM,20.0,30.0,4.4,10.0,6.8,7.9,20.0,57.0,1.20,2.60,0.40,1.8,2,1500.0,360,3900,2019,"GALA BEEL AT DERGAON, ASSAM"
3772.0,BORPUKHURI AT SONARI,POND,ASSAM,20.0,31.0,4.5,7.5,6.6,7.6,53.0,87.0,1.50,2.90,0.80,1.8,2,700.0,2,1500,2019,BORPUKHURI AT SONARI
3806.0,POND WATER FROM RAMKRISHNA MISSION AT HAILAKANDI,POND,ASSAM,22.0,25.0,4.1,5.3,6.4,7.5,108.0,163.0,2.00,3.20,0.70,1.6,2,2.0,2,730,2019,POND WATER FROM RAMKRISHNA MISSION AT HAILAKANDI
3809.0,JORPUKHURI AT UZANBAZAR (UGRATALA TEMPLE),POND,ASSAM,23.0,34.0,5.1,10.2,7.5,8.1,311.0,381.0,1.90,4.80,1.10,2.5,720,2700.0,1400,12000,2019,JORPUKHURI AT UZANBAZAR (UGRATALA TEMPLE)
4006.0,NETAI PUKHURI AT NETAI PUKHURI,POND,ASSAM,20.0,32.0,5.2,8.5,6.8,7.8,22.0,52.0,1.80,3.40,0.50,1.7,2,1500.0,2,4300,2019,NETAI PUKHURI AT NETAI PUKHURI
4334.0,"THOWRADOLE PUKHURI, THOWRADOLE G.P. DEMOW BLOCK",POND,ASSAM,24.0,34.0,5.8,8.0,7.1,7.9,37.0,65.0,1.80,2.50,0.40,1.5,2,300.0,2,700,2019,"THOWRADOLE PUKHURI, THOWRADOLE G.P. DEMOW BLOCK"
1532.0,"GOYSAGAR TANK, SIBSAGAR, ASSAM",TANK,ASSAM,18.0,31.0,5.3,7.7,6.8,7.7,20.0,28.0,1.50,2.20,0.20,1.8,2,360.0,2,600,2019,"GOYSAGAR TANK, SIBSAGAR, ASSAM"
2557.0,"KAWAR LAKE, BEGUSARAI",LAKE,BIHAR,19.0,29.0,9.3,9.8,7.7,8.2,239.0,366.0,2.70,2.90,0.00,0.18,4000,7000.0,11000,11000,2019,"KAWAR LAKE, BEGUSARAI"
2571.0,MOTI JHEEL AT MOTIHARII,LAKE,BIHAR,17.0,34.0,9.2,13.6,7.6,9.9,353.0,905.0,1.40,10.00,0.12,1.57,180,22000.0,1200,54000,2019,MOTI JHEEL AT MOTIHARII
4296.0,"SIKANDRAPUR, MUZAFFARPUR",LAKE,BIHAR,15.0,34.0,7.0,10.5,8.3,9.6,858.0,1200.0,2.80,15.60,0.06,2.09,1400,35000.0,3300,160000,2019,"SIKANDRAPUR, MUZAFFARPUR"
2573.0,TIGHI TALAB AT GAYA,POND,BIHAR,17.0,37.0,7.8,9.5,7.0,7.8,658.0,1020.0,2.60,3.80,0.00,2.75,2100,22000.0,1100,35000,2019,TIGHI TALAB AT GAYA
2574.0,SURAJ KUND AT GAYA,POND,BIHAR,16.0,37.0,7.8,9.8,7.3,9.1,521.0,718.0,2.50,4.10,0.00,2.03,930,17000.0,3300,35000,2019,SURAJ KUND AT GAYA
2046.0,"SUKHNA LAKE, CHANDIGARH",LAKE,CHANDIGARH,16.0,29.5,6.2,9.6,7.2,8.5,210.0,290.0,1.00,19.00,0.00,3.0,2,4900000.0,4,542000000,2019,"SUKHNA LAKE, CHANDIGARH"
3163.0,"HITKASA TAILING DAM, RAJHARA, CHHATISGARH.(DALLI RAJHARA IRON ORE MINES, DALLI RAJHARA)",LAKE,CHHATTISGARH,28.0,34.0,5.8,6.9,7.2,7.5,,,2.50,10.80,0.00,0.0,2,180.0,2,1600,2019,"HITKASA TAILING DAM, RAJHARA, CHHATISGARH.(DALLI RAJHARA IRON ORE MINES, DALLI RAJHARA)"
3164.0,"NEHRU NAGAR TALAB, BHILAI, CHHATISGARH.",POND,CHHATTISGARH,21.0,33.0,6.0,7.0,7.2,7.6,,,2.40,8.40,0.00,0.0,2,280.0,2,1600,2019,"NEHRU NAGAR TALAB, BHILAI, CHHATISGARH."
3030.0,"SANJAY LAKE, DELHI",LAKE,DELHI,7.4,7.4,6.8,6.8,7.4,7.4,999.0,1030.0,16.00,16.00,0.91,4.81,11000,11000.0,17000,17000,2019,"SANJAY LAKE, DELHI"
3031.0,"BHALSWA LAKE, DELHI",LAKE,DELHI,8.0,8.0,2.8,2.8,8.1,8.1,6500.0,6510.0,27.00,72.00,0.31,4.46,17000,17000.0,22000,22000,2019,"BHALSWA LAKE, DELHI"
3032.0,"SULTANPUR LAKE, DELHI",LAKE,DELHI,,,,,6.9,7.4,235.0,303.0,1.70,7.10,BDL,0.64,220,2200.0,1400,16000,2019,"SULTANPUR LAKE, DELHI"
3476.0,"LAKE NEAR IIT FLYOVER, DELHI",LAKE,DELHI,8.7,8.7,16.4,16.4,9.2,9.2,760.0,856.0,30.00,30.00,0.91,1.13,49000,49000.0,130000,130000,2019,"LAKE NEAR IIT FLYOVER, DELHI"
1549.0,"SALAULIM LAKE AT SALAULIM - SANGUEM, GOA",LAKE,GOA,27.0,35.0,5.4,8.1,6.4,8.0,36.0,37320.0,BDL,0.80,BDL,0.53,BDL,130.0,BDL,240,2019,"SALAULIM LAKE AT SALAULIM - SANGUEM, GOA"
2269.0,"MAYEM LAKE, BICHOLIM",LAKE,GOA,27.0,31.0,6.0,8.2,5.6,8.0,13.0,24578.0,BDL,2.70,BDL,0.14,780,4900.0,1300,9400,2019,"MAYEM LAKE, BICHOLIM"
3175.0,ANJUNEM LAKE,LAKE,GOA,27.0,31.0,6.3,9.0,6.4,7.8,36.0,177.0,BDL,2.10,0.00,0.49,2,110.0,BDL,170,2019,ANJUNEM LAKE
3176.0,RUMDER LAKE,LAKE,GOA,26.0,30.0,2.2,6.1,6.4,7.7,52.0,2386.0,BDL,6.00,BDL,0.36,490,4900.0,790,7900,2019,RUMDER LAKE
3177.0,CARAMBOLIM LAKE,LAKE,GOA,26.0,30.0,5.7,8.2,6.2,8.4,29.0,12045.0,BDL,3.00,0.05,2.15,78,1700.0,130,5400,2019,CARAMBOLIM LAKE
3178.0,RAIA LAKE,LAKE,GOA,27.0,30.0,4.6,9.5,6.3,7.8,60.0,329.0,BDL,12.00,0.00,7.8,20,4900.0,40,7900,2019,RAIA LAKE
3179.0,SAIPEM LAKE,LAKE,GOA,28.0,30.0,1.9,5.0,6.0,8.1,213.0,441.0,BDL,4.20,0.00,2.54,7900,24000.0,14000,92000,2019,SAIPEM LAKE
3180.0,CURTORIM LAKE,LAKE,GOA,27.0,36.0,4.1,10.6,6.1,7.5,59.0,448.0,BDL,4.30,BDL,4.89,200,4900.0,450,13000,2019,CURTORIM LAKE
4408.0,HARWALE WATER FALL,LAKE,GOA,26.0,30.0,7.0,8.8,6.1,7.2,50.0,145.0,BDL,BDL,BDL,0.37,2300,4900.0,3300,13000,2019,HARWALE WATER FALL
1343.0,"KANKORIA LAKE AT AHMEDABAD, NR. BALVATIKA,",LAKE,GUJARAT,25.0,30.0,6.0,8.8,8.1,9.1,2408.0,3402.0,11.00,24.00,0.06,0.29,12,46.0,120,540,2019,"KANKORIA LAKE AT AHMEDABAD, NR. BALVATIKA,"
1344.0,"CHANDOLA LAKE AT AHMEDABAD,",LAKE,GUJARAT,28.0,29.0,6.1,8.2,7.4,8.3,415.0,527.0,4.00,13.00,0.07,0.21,2,68.0,2,490,2019,"CHANDOLA LAKE AT AHMEDABAD,"
1345.0,"AJWAH LAKE AT SRI SAYAJI SABVAR, BARODA,",LAKE,GUJARAT,0.0,29.0,6.2,8.1,7.4,8.5,192.0,322.0,0.30,0.70,0.38,0.73,2,4.0,4,47,2019,"AJWAH LAKE AT SRI SAYAJI SABVAR, BARODA,"
1346.0,"SURSAGAR LAKE AT BARODA,",LAKE,GUJARAT,0.0,30.3,2.7,4.8,7.2,8.5,775.0,3670.0,0.90,11.00,0.38,0.78,26,210.0,63,640,2019,"SURSAGAR LAKE AT BARODA,"
1972.0,"NALSAROVAR LAKE (SANAND), DIST.AHMEDABAD",LAKE,GUJARAT,27.0,27.0,7.1,7.4,7.7,9.0,335.0,2432.0,1.70,4.00,0.00,0.3,17,120.0,70,210,2019,"NALSAROVAR LAKE (SANAND), DIST.AHMEDABAD"
1973.0,"BINDUSAROVAR, SIDDHPUR (DIST.PATAN)",LAKE,GUJARAT,24.0,29.0,3.2,7.4,7.6,8.2,698.0,2682.0,0.70,6.00,0.12,6.0,4,120.0,26,350,2019,"BINDUSAROVAR, SIDDHPUR (DIST.PATAN)"
1975.0,"LAKHOTA TALAV, JAMNAGAR",LAKE,GUJARAT,23.0,28.0,5.4,6.6,7.1,8.2,440.0,532.0,4.10,6.30,0.25,0.33,6,8.0,21,21,2019,"LAKHOTA TALAV, JAMNAGAR"
1976.0,NARSIMEHTA TALAV- JUNAGADH,LAKE,GUJARAT,22.0,24.0,5.1,13.5,7.4,8.4,401.0,1736.0,1.90,276.90,0.02,0.06,6,7.0,26,33,2019,NARSIMEHTA TALAV- JUNAGADH
1977.0,CITY LAKE OF NADIAD,LAKE,GUJARAT,25.0,29.0,2.7,8.0,8.2,8.4,488.0,2240.0,0.40,3.70,0.38,0.74,2,120.0,21,540,2019,CITY LAKE OF NADIAD
2076.0,ANKLESHWAR RESERVOIR AT GIDC ANKLESHWAR AT VALIA ROAD.,LAKE,GUJARAT,27.0,32.0,6.6,7.6,7.4,8.6,269.0,1630.0,0.40,0.90,0.11,0.48,17,26.0,49,94,2019,ANKLESHWAR RESERVOIR AT GIDC ANKLESHWAR AT VALIA ROAD.
2077.0,"MOTICHER LAKE NEAR KAKARPAR ATOMIC POWER STATION, DIST. SURAT.",LAKE,GUJARAT,26.0,29.0,6.0,7.3,7.3,8.1,318.0,805.0,0.70,1.50,0.01,0.17,6,11.0,26,93,2019,"MOTICHER LAKE NEAR KAKARPAR ATOMIC POWER STATION, DIST. SURAT."
2078.0,"KUWADAVA LAKE, VILL. KUWADAVA, DIST. RAJKOT.",LAKE,GUJARAT,23.0,27.0,5.4,6.8,7.7,8.3,415.0,1253.0,1.30,2.30,0.00,0.05,,,,,2019,"KUWADAVA LAKE, VILL. KUWADAVA, DIST. RAJKOT."
3197.0,"MACHHU-II DAM, RAFLESHWAR, MORBI, RAJKOT",LAKE,GUJARAT,24.0,33.0,5.0,7.7,7.6,8.3,375.0,2761.0,0.50,2.10,0.02,0.31,BDL,5.0,BDL,5,2019,"MACHHU-II DAM, RAFLESHWAR, MORBI, RAJKOT"
3198.0,"GOMTI LAKE, OPP, RANCHODAJI TEMPLE, DAKOR, KHEDA",LAKE,GUJARAT,25.0,29.0,3.1,6.8,7.2,8.5,328.0,623.0,0.40,0.90,0.36,0.76,4,49.0,33,240,2019,"GOMTI LAKE, OPP, RANCHODAJI TEMPLE, DAKOR, KHEDA"
3199.0,"HAMISAR TALAV, BHUJ",LAKE,GUJARAT,0.0,29.0,0.0,6.9,0.0,7.7,0.0,510.0,0.00,1.10,0.00,0.69,2,6.0,2,21,2019,"HAMISAR TALAV, BHUJ"
3200.0,MOONSAR LAKE OF VIRAMGAM,LAKE,GUJARAT,26.0,30.0,2.8,9.2,8.4,9.4,6419.0,12050.0,14.00,82.00,0.00,0.4,12,120.0,70,920,2019,MOONSAR LAKE OF VIRAMGAM
3201.0,"MALAV TALAV, DHOLKA",LAKE,GUJARAT,26.0,29.0,3.3,8.8,8.3,9.4,2892.0,4788.0,9.00,30.00,0.00,0.31,2,94.0,2,540,2019,"MALAV TALAV, DHOLKA"
3202.0,VHERAIMATA TALAV AT ANAND,LAKE,GUJARAT,24.0,30.0,0.0,7.1,6.5,8.2,158.0,627.0,0.40,12.00,0.00,0.58,4,350.0,47,920,2019,VHERAIMATA TALAV AT ANAND
1979.0,"OLPAD, VILLAGE POND:OLPAD, SURAT",POND,GUJARAT,26.0,30.0,6.2,7.5,7.4,8.0,521.0,1126.0,0.90,1.60,0.04,0.44,6,17.0,38,84,2019,"OLPAD, VILLAGE POND:OLPAD, SURAT"
2079.0,"DHUDHIA TALAV AT NAVSARI, DIST. NAVSARI.",POND,GUJARAT,24.0,35.0,6.0,7.5,7.0,8.3,311.0,2171.0,0.80,1.20,0.02,0.29,6,21.0,33,142,2019,"DHUDHIA TALAV AT NAVSARI, DIST. NAVSARI."
1971.0,THOL TANK (KALOL) (DIST. MEHASANA),TANK,GUJARAT,25.0,29.0,BDL,8.7,7.3,8.6,367.0,1992.0,2.20,81.00,0.00,0.13,4,84.0,6,150,2019,THOL TANK (KALOL) (DIST. MEHASANA)
1349.0,BRAHMSAROVAR LAKE AT KURUKSHETRA,LAKE,HARYANA,19.0,29.0,4.4,8.3,7.5,9.0,197.0,716.0,0.80,10.00,0.00,0.21,500,13000.0,2100,160000,2019,BRAHMSAROVAR LAKE AT KURUKSHETRA
1392.0,"KAUSSHALAYA LAKE, PINJORE, PANCHKULA",LAKE,HARYANA,18.0,29.0,2.1,8.1,7.0,8.4,329.0,590.0,1.80,4.50,0.02,2.09,9000,148000.0,5420,345000,2019,"KAUSSHALAYA LAKE, PINJORE, PANCHKULA"
3033.0,SOHNA LAKE,LAKE,HARYANA,6.0,9.0,6.2,6.6,6.8,8.5,190.0,2430.0,3.00,21.00,0.00,0.0,,,,,2019,SOHNA LAKE
1291.0,GOBINDSAGAR LAKE AT BILASPUR,LAKE,HIMACHAL PRADESH,15.0,24.0,8.9,10.5,7.7,8.5,136.0,274.0,0.20,0.60,0.09,0.3,43,94.0,350,920,2019,GOBINDSAGAR LAKE AT BILASPUR
1292.0,"PONGDAM LAKE AT PONG VILLAGE,",LAKE,HIMACHAL PRADESH,9.3,19.0,8.2,9.3,7.1,7.9,104.0,1791.0,0.10,0.30,0.09,1.2,2,4.0,33,120,2019,"PONGDAM LAKE AT PONG VILLAGE,"
1429.0,"RENUKA LAKE , 35 KM FROM PATNA SAHIB NORTH",LAKE,HIMACHAL PRADESH,13.0,28.0,5.7,7.1,7.4,8.1,444.0,6330.0,0.50,2.80,0.01,0.67,14,31.0,33,84,2019,"RENUKA LAKE , 35 KM FROM PATNA SAHIB NORTH"
2649.0,RIWALSAR LAKE,LAKE,HIMACHAL PRADESH,11.0,28.0,5.3,12.5,6.9,8.2,181.0,284.0,3.00,17.00,0.14,0.39,84,210.0,920,1600,2019,RIWALSAR LAKE
2650.0,KHAZIAR LAKE,LAKE,HIMACHAL PRADESH,5.0,14.0,5.2,6.2,6.8,8.0,49.0,256.0,0.90,6.50,0.68,1.59,2,13.0,2,280,2019,KHAZIAR LAKE
1309.0,DAL LAKE AT SRINAGAR,LAKE,JAMMU & KASHMIR,3.5,24.0,4.6,8.6,7.3,7.7,139.0,14301.0,1.60,3.30,,,,,,,2019,DAL LAKE AT SRINAGAR
2738.0,(MANSAR LAKE AT MID POINT(MANSAR LAKE),LAKE,JAMMU & KASHMIR,15.0,24.0,7.1,8.8,7.6,8.0,144.0,262.0,0.30,2.10,0.01,0.47,,,,,2019,(MANSAR LAKE AT MID POINT(MANSAR LAKE)
2739.0,MANSAR LAKE POINT OF DISCHARGE OF WASTE WATER FROM DIFFERENT ESTABLISHMENTS NEAR NAG TEMPLE,LAKE,JAMMU & KASHMIR,8.1,27.0,4.2,7.2,7.7,8.1,144.0,266.0,0.40,4.20,0.01,0.05,,,,,2019,MANSAR LAKE POINT OF DISCHARGE OF WASTE WATER FROM DIFFERENT ESTABLISHMENTS NEAR NAG TEMPLE
2740.0,"(MANSAR LAKE AT MID POINT(SURINSAR LAKE), J&K",LAKE,JAMMU & KASHMIR,18.0,27.0,5.1,6.8,8.2,8.4,140.0,170.0,4.50,23.00,0.01,0.05,,,,,2019,"(MANSAR LAKE AT MID POINT(SURINSAR LAKE), J&K"
2741.0,SURINSAR LAKE POINT OF DISCHARGE OF WASTE WATER FROM DIFFERENT ESTABLISHMENTS,LAKE,JAMMU & KASHMIR,16.0,27.0,4.8,6.6,8.1,8.6,140.0,272.0,4.10,6.30,0.01,0.11,,,,,2019,SURINSAR LAKE POINT OF DISCHARGE OF WASTE WATER FROM DIFFERENT ESTABLISHMENTS
3251.0,DAL LAKE AT DALGATE,LAKE,JAMMU & KASHMIR,3.9,25.0,2.2,7.9,7.2,7.8,138.0,308.0,2.00,3.40,,,,,,,2019,DAL LAKE AT DALGATE
3252.0,DAL LAKE AT CHAIRCHINARI,LAKE,JAMMU & KASHMIR,3.3,29.0,4.4,9.2,7.1,8.2,145.0,305.0,1.50,2.50,,,,,,,2019,DAL LAKE AT CHAIRCHINARI
3253.0,DAL LAKE NEAR NISHAT LAM,LAKE,JAMMU & KASHMIR,3.6,27.8,3.0,8.0,7.2,8.8,189.0,328.0,2.90,7.50,,,,,,,2019,DAL LAKE NEAR NISHAT LAM
3254.0,DAL LAKE AT ABIKARPORA,LAKE,JAMMU & KASHMIR,3.2,28.0,3.3,8.9,7.2,8.7,145.0,292.0,1.60,4.00,,,,,,,2019,DAL LAKE AT ABIKARPORA
3256.0,DAL LAKE AT ENTRY POINT OF TALIBAL NALLAH,LAKE,JAMMU & KASHMIR,2.0,22.2,5.5,8.4,7.3,8.0,156.0,386.0,1.40,4.10,,,,,,,2019,DAL LAKE AT ENTRY POINT OF TALIBAL NALLAH
3257.0,DAL LAKE AT HABAK,LAKE,JAMMU & KASHMIR,5.0,27.0,3.3,10.1,7.2,7.8,210.0,438.0,3.50,7.20,,,,,,,2019,DAL LAKE AT HABAK
3258.0,DAL LAKE AT HAZRATBAL,LAKE,JAMMU & KASHMIR,5.4,27.0,4.7,9.5,7.4,8.8,220.0,486.0,2.00,6.80,,,,,,,2019,DAL LAKE AT HAZRATBAL
3259.0,DAL LAKE AT DHOBIGHAT,LAKE,JAMMU & KASHMIR,4.7,26.0,6.1,8.5,7.5,8.5,207.0,455.0,2.00,5.60,,,,,,,2019,DAL LAKE AT DHOBIGHAT
3260.0,DAL LAKE AT SONALANK,LAKE,JAMMU & KASHMIR,1.0,28.0,5.3,9.0,7.5,8.4,214.0,378.0,1.60,3.10,,,,,,,2019,DAL LAKE AT SONALANK
3261.0,"DAL LAKE AT NISHAT, WATER INTAKE POINT OF NISHAT WATER TREATMENT PLANT",LAKE,JAMMU & KASHMIR,5.0,24.0,4.3,8.0,7.4,8.1,173.0,360.0,2.00,3.20,,,,,,,2019,"DAL LAKE AT NISHAT, WATER INTAKE POINT OF NISHAT WATER TREATMENT PLANT"
3262.0,"DAL LAKE AT NIGEEN, WATER INTAKE PT OF POKHRIBAL WATER TREATMENT PLANT",LAKE,JAMMU & KASHMIR,1.5,25.0,5.0,9.0,7.3,8.4,189.0,375.0,1.50,2.70,,,,,,,2019,"DAL LAKE AT NIGEEN, WATER INTAKE PT OF POKHRIBAL WATER TREATMENT PLANT"
3263.0,WULAR LAKE AT NINGLI NALLAH,LAKE,JAMMU & KASHMIR,8.7,32.1,4.5,9.5,7.2,7.8,110.0,297.0,0.90,2.50,,,,,,,2019,WULAR LAKE AT NINGLI NALLAH
3264.0,WULAR LAKE AT WATLAB,LAKE,JAMMU & KASHMIR,9.1,24.8,5.0,8.8,7.2,7.7,112.0,258.0,1.40,2.25,,,,,,,2019,WULAR LAKE AT WATLAB
3265.0,WULAR LAKE ATKANIBATH,LAKE,JAMMU & KASHMIR,8.8,29.5,4.5,9.1,7.2,8.1,172.0,230.0,1.80,6.30,,,,,,,2019,WULAR LAKE ATKANIBATH
3266.0,WULAR LAKE AT ENTRY PT OF ERIN NALLAH,LAKE,JAMMU & KASHMIR,7.6,23.8,5.8,8.6,7.3,7.9,115.0,332.0,1.20,2.60,,,,,,,2019,WULAR LAKE AT ENTRY PT OF ERIN NALLAH
4040.0,ASHAIBAGH BRIDGE,LAKE,JAMMU & KASHMIR,2.0,25.0,3.0,8.3,7.3,8.4,181.0,331.0,1.60,3.50,,,,,,,2019,ASHAIBAGH BRIDGE
4041.0,NAYADYAR,LAKE,JAMMU & KASHMIR,5.6,21.0,0.6,2.2,7.1,7.7,235.0,554.0,4.10,20.00,,,,,,,2019,NAYADYAR
4042.0,JOGILANKER,LAKE,JAMMU & KASHMIR,6.1,22.0,0.5,2.1,7.1,7.7,238.0,567.0,4.50,21.00,,,,,,,2019,JOGILANKER
4043.0,ANCHAR AT SINDH INFLOW,LAKE,JAMMU & KASHMIR,3.5,16.2,6.3,9.0,7.5,8.7,137.0,485.0,1.50,2.70,,,,,,,2019,ANCHAR AT SINDH INFLOW
4044.0,CENTRAL SITE,LAKE,JAMMU & KASHMIR,3.4,20.0,3.0,5.8,7.2,8.5,250.0,425.0,1.40,3.90,,,,,,,2019,CENTRAL SITE
4045.0,AT SANGAM,LAKE,JAMMU & KASHMIR,4.5,20.1,0.6,3.0,7.1,8.2,296.0,445.0,2.75,6.30,,,,,,,2019,AT SANGAM
4046.0,NEAR LKIMS,LAKE,JAMMU & KASHMIR,4.2,20.3,1.7,3.0,7.1,8.4,303.0,430.0,2.40,5.20,,,,,,,2019,NEAR LKIMS
4047.0,JENAB SAHAB SOURA,LAKE,JAMMU & KASHMIR,4.0,22.0,1.3,3.8,6.8,8.3,201.0,394.0,3.00,6.60,,,,,,,2019,JENAB SAHAB SOURA
4048.0,SADERKOTE,LAKE,JAMMU & KASHMIR,6.1,33.0,4.4,8.7,7.1,7.8,96.0,312.0,2.10,3.75,,,,,,,2019,SADERKOTE
4049.0,ZALWAN,LAKE,JAMMU & KASHMIR,8.5,22.0,3.8,9.0,7.1,7.9,163.0,332.0,1.80,3.00,,,,,,,2019,ZALWAN
4050.0,LANKRISH PORA,LAKE,JAMMU & KASHMIR,8.8,27.0,4.0,8.4,7.3,7.8,127.0,260.0,1.25,3.50,,,,,,,2019,LANKRISH PORA
2394.0,TOP CHANCHI LAKE,LAKE,JHARKHAND,13.0,37.0,7.2,7.6,7.2,7.6,,,1.30,2.00,,,,,,,2019,TOP CHANCHI LAKE
2398.0,"DIMNA LAKE, DIMNA",LAKE,JHARKHAND,15.5,29.5,7.2,7.9,7.4,7.6,154.0,182.0,0.40,0.90,,,,,,,2019,"DIMNA LAKE, DIMNA"
2402.0,HAZARIBAGH MEETHAJHIL,LAKE,JHARKHAND,16.0,38.0,6.7,8.4,7.2,7.4,,,1.30,3.20,,,,,,,2019,HAZARIBAGH MEETHAJHIL
2393.0,"SHIV GANGA POND, DEOGHAR",POND,JHARKHAND,17.0,38.0,6.8,8.2,7.6,8.2,312.0,320.0,2.20,2.80,,,,,,,2019,"SHIV GANGA POND, DEOGHAR"
4740.0,"LOCO TALAB ) PUMPU TALAB), AT- BARMASIA, DHANBAD",POND,JHARKHAND,15.0,33.0,4.2,5.5,7.2,7.8,,,5.20,15.20,,,,,,,2019,"LOCO TALAB ) PUMPU TALAB), AT- BARMASIA, DHANBAD"
4741.0,"RANIBANDH TALAB NEAR ISM, DHANBAD",POND,JHARKHAND,16.0,32.5,3.8,5.5,7.2,7.6,,,12.80,17.20,,,,,,,2019,"RANIBANDH TALAB NEAR ISM, DHANBAD"
1388.0,"ULSOOR LAKE TRAINING CENTRE OF FISH BREEDING,",LAKE,KARNATAKA,23.0,29.0,1.0,9.8,6.7,8.9,380.0,891.0,3.00,75.00,0.63,18.0,630,79000.0,5400,540000,2019,"ULSOOR LAKE TRAINING CENTRE OF FISH BREEDING,"
1446.0,"HEBALLA VALLEY LAKE AT D/S ROAD BRIDGE NR. MANDYA,",LAKE,KARNATAKA,24.0,29.0,1.0,6.1,7.6,8.1,386.0,870.0,3.00,10.00,1.24,11.2,410,940.0,1700,5800,2019,"HEBALLA VALLEY LAKE AT D/S ROAD BRIDGE NR. MANDYA,"
3582.0,HEBBAL LAKE,LAKE,KARNATAKA,22.0,31.0,1.2,5.8,7.4,8.9,1250.0,2310.0,4.00,24.00,2.80,12.2,1100,4600.0,6300,9400,2019,HEBBAL LAKE
3583.0,KUKKARAHALLI LAKE,LAKE,KARNATAKA,20.0,30.0,3.1,7.0,7.3,9.4,542.0,2680.0,3.00,10.40,0.34,3.4,840,2100.0,4300,6300,2019,KUKKARAHALLI LAKE
3584.0,DALAVAI LAKE,LAKE,KARNATAKA,20.0,30.0,BDL,3.8,7.4,9.0,746.0,1164.0,10.40,23.80,2.80,8.3,1100,8200.0,7000,21000,2019,DALAVAI LAKE
3585.0,YENNEHOLE LAKE,LAKE,KARNATAKA,20.0,31.0,0.0,3.2,7.3,8.1,936.0,1213.0,12.00,28.00,3.10,8.1,1700,6800.0,6300,15000,2019,YENNEHOLE LAKE
3586.0,LIMBHABUDI LAKE,LAKE,KARNATAKA,20.0,31.0,BDL,6.2,6.7,8.6,552.0,1579.0,3.80,52.00,1.50,9.6,1100,9300.0,5800,47000,2019,LIMBHABUDI LAKE
3587.0,SHETTYKERE LAKE,LAKE,KARNATAKA,7.2,29.0,4.0,6.8,7.3,9.4,585.0,1055.0,3.00,9.00,1.28,8.7,920,2100.0,4100,6300,2019,SHETTYKERE LAKE
3591.0,KEMPAMBUDHI LAKE,LAKE,KARNATAKA,26.0,28.0,0.6,9.1,6.6,9.1,395.0,678.0,4.00,10.00,0.45,56.0,2100,240000.0,16000,1600000,2019,KEMPAMBUDHI LAKE
3592.0,YEDIYUR LAKE,LAKE,KARNATAKA,24.0,30.0,3.0,8.9,6.4,9.3,190.0,574.0,3.00,18.00,0.47,17.0,700,220000.0,5400,1600000,2019,YEDIYUR LAKE
3593.0,"ULSOOR LAKE TRAINING CENTRE OF FISH BREEDING,",LAKE,KARNATAKA,24.0,29.0,2.0,9.5,6.2,8.8,387.0,1110.0,3.00,32.00,0.60,20.0,480,110000.0,1600,920000,2019,"ULSOOR LAKE TRAINING CENTRE OF FISH BREEDING,"
3601.0,KARIHOBANAHALLI LAKE,LAKE,KARNATAKA,20.0,32.0,0.5,4.5,6.8,7.9,2.0,2890.0,7.00,122.00,1.00,21.3,4600,21000000.0,35000,160000000,2019,KARIHOBANAHALLI LAKE
3602.0,BELLANDUR LAKE,LAKE,KARNATAKA,26.0,31.0,0.6,5.5,6.7,7.7,995.0,1306.0,5.00,36.00,0.70,33.0,700,400000.0,5400,16000000,2019,BELLANDUR LAKE
3608.0,VARTHUR LAKE,LAKE,KARNATAKA,22.0,33.0,2.5,7.1,6.7,8.0,541.0,1416.0,4.00,32.00,0.70,28.0,460,1700000.0,3500,16000000,2019,VARTHUR LAKE
3610.0,TUBRAHALLI LAKE,LAKE,KARNATAKA,23.0,32.0,2.1,4.9,6.6,7.7,704.0,1821.0,7.00,34.00,0.90,33.0,470,110000.0,3500,920000,2019,TUBRAHALLI LAKE
3611.0,KAIKONDANAHALLI LAKE,LAKE,KARNATAKA,26.0,29.0,0.6,6.0,6.8,9.3,1304.0,1695.0,4.00,156.00,0.90,6.46,4800,210000.0,35000,1600000,2019,KAIKONDANAHALLI LAKE
3612.0,AGARAM LAKE,LAKE,KARNATAKA,26.0,29.0,1.5,5.8,6.9,8.2,710.0,1986.0,5.00,29.00,0.38,13.0,840,70000.0,9200,540000,2019,AGARAM LAKE
3614.0,PUTTENAHALLI LAKE (S),LAKE,KARNATAKA,26.0,29.0,3.8,6.4,6.7,7.6,677.0,1367.0,4.00,12.00,0.52,5.6,700,22000.0,5400,1600000,2019,PUTTENAHALLI LAKE (S)
3615.0,ARAKERE LAKE,LAKE,KARNATAKA,28.0,30.0,2.2,6.1,6.9,7.7,13.0,2294.0,5.00,25.00,1.23,13.21,630,140000.0,5400,920000,2019,ARAKERE LAKE
3616.0,KALENA AGRAHARA LAKE,LAKE,KARNATAKA,28.0,28.0,6.2,6.2,7.7,7.7,436.0,436.0,3.00,3.00,2.74,2.74,8400,8400.0,92000,92000,2019,KALENA AGRAHARA LAKE
3617.0,HULIMAVU LAKE,LAKE,KARNATAKA,26.0,29.0,1.7,5.5,6.7,8.0,687.0,1609.0,4.00,27.00,1.12,5.0,460,94000.0,3500,540000,2019,HULIMAVU LAKE
3618.0,SINGASANDRA LAKE,LAKE,KARNATAKA,26.0,29.0,2.8,15.0,6.8,7.8,800.0,1516.0,6.00,32.00,0.60,6.0,480,21000.0,5400,1600000,2019,SINGASANDRA LAKE
3620.0,PARAPPANA AGRAHARA LAKE,LAKE,KARNATAKA,26.0,30.0,1.0,5.2,7.0,8.7,900.0,1687.0,5.00,31.00,1.67,10.0,940,110000.0,5400,920000,2019,PARAPPANA AGRAHARA LAKE
3621.0,HARALAKUNTE LAKE,LAKE,KARNATAKA,27.0,30.0,1.3,5.1,6.8,7.9,839.0,1354.0,7.80,31.00,1.20,13.0,460,22000.0,3500,160000,2019,HARALAKUNTE LAKE
3624.0,PUTTENAHALLI LAKE,LAKE,KARNATAKA,24.0,30.0,3.2,7.0,6.5,7.3,591.0,1480.0,3.00,15.00,0.18,6.0,3100,46000.0,35000,350000,2019,PUTTENAHALLI LAKE
3625.0,HEBBAL LAKE,LAKE,KARNATAKA,25.0,29.0,4.0,7.2,6.2,7.7,449.0,842.0,3.00,16.00,0.31,5.0,630,17000.0,9200,92000,2019,HEBBAL LAKE
3627.0,JAKKUR LAKE,LAKE,KARNATAKA,27.0,36.0,0.5,5.6,6.5,8.8,782.0,1287.0,6.00,33.00,0.51,6.5,2800,94000.0,16000,540000,2019,JAKKUR LAKE
3628.0,AMRUTHAHALLI LAKE,LAKE,KARNATAKA,25.0,34.0,0.5,7.2,6.5,7.6,638.0,1384.0,4.00,52.00,0.44,5.0,460,70000.0,5400,350000,2019,AMRUTHAHALLI LAKE
3644.0,MULBHAGAL LAKE,LAKE,KARNATAKA,22.0,34.0,BDL,3.8,7.1,9.3,2200.0,4930.0,13.00,54.00,1.10,16.0,940,35000.0,5400,160000,2019,MULBHAGAL LAKE
3645.0,DEVARAYASAMUDRA LAKE,LAKE,KARNATAKA,22.0,35.0,BDL,1.8,6.6,10.3,428.0,1220.0,36.00,144.00,BDL,8.0,460,400000.0,5400,3500000,2019,DEVARAYASAMUDRA LAKE
3646.0,NARASAPURA LAKE,LAKE,KARNATAKA,23.0,35.0,2.5,7.2,7.8,9.6,654.0,911.0,4.00,19.00,BDL,8.0,470,700000.0,3500,5400000,2019,NARASAPURA LAKE
3649.0,BUGUDANAHALLI LAKE,LAKE,KARNATAKA,21.0,29.0,4.4,8.0,6.5,7.5,120.0,995.0,2.00,7.00,0.02,5.9,940,120000.0,9200,920000,2019,BUGUDANAHALLI LAKE
3654.0,GOTTIGERE LAKE,LAKE,KARNATAKA,22.0,32.0,1.4,6.0,6.5,8.0,689.0,1974.0,6.00,26.00,0.27,5.9,460,15000.0,5400,160000,2019,GOTTIGERE LAKE
3679.0,BHUTANALA LAKE,LAKE,KARNATAKA,24.0,32.0,0.3,9.4,8.0,9.1,388.0,1540.0,1.10,23.10,0.00,42.0,220,1800.0,900,3200,2019,BHUTANALA LAKE
3680.0,KILLA LAKE,LAKE,KARNATAKA,22.0,34.0,6.4,8.7,7.3,8.8,260.0,648.0,1.10,2.50,0.00,35.5,280,1800.0,1600,3200,2019,KILLA LAKE
3685.0,NAVALOORU LAKE,LAKE,KARNATAKA,23.0,26.0,6.2,8.2,6.9,8.3,394.0,1575.0,3.60,5.30,0.49,1.43,70,900.0,550,1800,2019,NAVALOORU LAKE
4094.0,"GANGONDANA HALLI LAKE, BENGALURU NORTH",LAKE,KARNATAKA,22.0,33.0,0.5,6.0,6.4,7.7,577.0,3060.0,5.00,192.00,1.90,12.0,6300,4600000.0,54000,92000000,2019,"GANGONDANA HALLI LAKE, BENGALURU NORTH"
4095.0,"CHIKKABANVARA LAKE, CHIKKABANWARA, BENGALURU NORTH",LAKE,KARNATAKA,22.0,33.0,0.6,6.2,6.8,7.9,1150.0,2810.0,7.00,64.00,0.36,43.0,4800,150000.0,35000,920000,2019,"CHIKKABANVARA LAKE, CHIKKABANWARA, BENGALURU NORTH"
4096.0,"ANDHRAHALLI LAKE, ANDHRAHALLI, BENGALURU",LAKE,KARNATAKA,22.0,32.0,3.0,7.6,6.5,8.1,260.0,1786.0,3.00,30.00,0.38,4.0,260,940000.0,5400,9200000,2019,"ANDHRAHALLI LAKE, ANDHRAHALLI, BENGALURU"
4097.0,"KACHOHALLI LAKE, KACHOHALLI, BENGALURU NORTH",LAKE,KARNATAKA,22.0,33.0,0.6,6.5,5.2,7.8,510.0,2457.0,3.00,165.00,1.58,70.0,700,58000.0,5400,920000,2019,"KACHOHALLI LAKE, KACHOHALLI, BENGALURU NORTH"
4504.0,SARAKKI LAKE,LAKE,KARNATAKA,24.0,28.0,5.2,8.5,5.7,6.8,289.0,790.0,3.00,6.00,1.00,13.99,70,28000.0,540,5400000,2019,SARAKKI LAKE
4505.0,NELAMANGALA LAKE,LAKE,KARNATAKA,25.0,28.0,3.0,5.5,6.5,7.7,258.0,1554.0,3.00,41.00,1.94,5.6,630,14000.0,5400,160000,2019,NELAMANGALA LAKE
4507.0,CHELEKERE LAKE,LAKE,KARNATAKA,24.0,36.0,4.0,7.1,6.8,7.2,389.0,852.0,4.00,11.00,1.20,10.0,410,21000.0,3500,160000,2019,CHELEKERE LAKE
4508.0,SINGAPURA LAKE,LAKE,KARNATAKA,23.0,33.0,0.6,6.2,6.6,7.6,786.0,1814.0,6.00,28.00,2.00,14.0,700,1700000.0,5400,16000000,2019,SINGAPURA LAKE
4509.0,NARASIPURA LAKE,LAKE,KARNATAKA,20.0,32.0,0.5,7.1,6.6,7.3,481.0,845.0,3.00,9.00,1.22,4.0,940,12000000.0,5400,92000000,2019,NARASIPURA LAKE
4510.0,RACHENAHALLI LAKE,LAKE,KARNATAKA,24.0,35.0,0.2,6.0,6.5,8.3,820.0,1334.0,5.00,38.00,1.60,8.0,4600,12000000.0,35000,92000000,2019,RACHENAHALLI LAKE
4533.0,ULLALU LAKE,LAKE,KARNATAKA,22.7,33.8,4.8,8.0,7.1,8.2,467.0,1581.0,3.00,8.00,0.72,14.0,460,70000.0,5400,920000,2019,ULLALU LAKE
4534.0,SOMPURA LAKE,LAKE,KARNATAKA,23.4,31.6,4.9,8.0,7.7,8.2,604.0,858.0,1.00,6.00,0.80,12.0,460,84000.0,5400,920000,2019,SOMPURA LAKE
4535.0,GUBBALAL KERE,LAKE,KARNATAKA,22.3,32.4,1.0,6.8,6.7,7.9,834.0,1693.0,3.00,27.00,1.00,14.0,630,840000.0,5400,9200000,2019,GUBBALAL KERE
4536.0,HOSAKEREHALLI LAKE,LAKE,KARNATAKA,24.3,33.6,1.0,6.7,6.4,7.5,453.0,1332.0,3.00,34.00,0.50,10.0,4600,460000.0,54000,3500000,2019,HOSAKEREHALLI LAKE
4537.0,CHINNAKURCHI KERE,LAKE,KARNATAKA,23.4,33.4,4.4,6.7,6.9,7.9,300.0,774.0,3.00,41.00,0.32,5.2,840,84000.0,9200,920000,2019,CHINNAKURCHI KERE
4538.0,MACHOHALLI LAKE,LAKE,KARNATAKA,23.0,31.0,0.9,3.5,6.3,7.3,625.0,3400.0,8.00,72.00,1.50,22.0,460,14000.0,5400,160000,2019,MACHOHALLI LAKE
4539.0,DODDABIDARAKALLU LAKE,LAKE,KARNATAKA,22.0,31.0,0.5,5.6,6.3,7.3,802.0,2182.0,9.00,68.00,0.80,11.0,460,1700000.0,3500,16000000,2019,DODDABIDARAKALLU LAKE
4540.0,KAMMGONDANAHALLI LAKE,LAKE,KARNATAKA,22.0,31.0,0.5,5.5,6.5,8.0,392.0,1840.0,3.00,75.00,2.70,20.0,2800,4600000.0,16000,35000000,2019,KAMMGONDANAHALLI LAKE
4543.0,KODI SINGASANDRA LAKE,LAKE,KARNATAKA,28.0,28.0,5.7,5.7,7.8,7.8,484.0,484.0,3.00,3.00,2.88,2.88,1400,1400.0,9200,9200,2019,KODI SINGASANDRA LAKE
4545.0,JUNGU KERE,LAKE,KARNATAKA,28.0,28.0,2.8,2.8,7.8,7.8,805.0,805.0,8.40,8.40,1.31,1.31,8400,8400.0,92000,92000,2019,JUNGU KERE
4546.0,JAKKSANDRA LAKE,LAKE,KARNATAKA,28.0,28.0,4.5,4.5,7.5,7.5,985.0,985.0,7.30,7.30,1.40,1.4,4600,4600.0,35000,35000,2019,JAKKSANDRA LAKE
4547.0,SWARANA KUNTE,LAKE,KARNATAKA,28.0,28.0,4.0,4.0,7.7,7.7,399.0,399.0,18.00,18.00,2.00,2.0,7000,7000.0,54000,54000,2019,SWARANA KUNTE
3559.0,HULLIGE TANK,TANK,KARNATAKA,22.0,32.0,6.8,7.2,7.5,9.0,286.0,462.0,2.10,6.00,0.00,1.13,36,540.0,148,1700,2019,HULLIGE TANK
3560.0,MAVENAKERE TANK,TANK,KARNATAKA,26.0,31.0,6.8,8.8,8.7,9.6,498.0,5306.0,16.00,90.00,0.13,0.33,13000,22000.0,35000,54000,2019,MAVENAKERE TANK
3561.0,HUNDIKERE (KOPPAL) TANK,TANK,KARNATAKA,22.0,32.0,5.6,7.4,6.9,8.4,290.0,678.0,2.30,8.00,0.00,15.0,46,8400.0,138,54000,2019,HUNDIKERE (KOPPAL) TANK
3565.0,PILIKULA TANK,TANK,KARNATAKA,28.0,30.0,6.2,6.7,6.8,8.0,140.0,188.0,3.00,3.00,0.10,1.32,11,22.0,14,40,2019,PILIKULA TANK
3588.0,KARANJIKERE TANK,TANK,KARNATAKA,19.0,30.0,4.0,7.0,7.4,8.8,445.0,767.0,3.00,8.60,0.49,2.46,790,1400.0,4000,7000,2019,KARANJIKERE TANK
3589.0,MADIWALA TANK,TANK,KARNATAKA,28.0,30.0,1.2,5.1,6.8,8.2,553.0,1398.0,5.00,35.00,1.07,11.0,460,14000000.0,3500,92000000,2019,MADIWALA TANK
3590.0,LALBAGH TANK,TANK,KARNATAKA,26.0,30.0,4.0,8.0,7.0,8.3,355.0,691.0,3.00,7.00,0.72,16.0,630,70000.0,5400,540000,2019,LALBAGH TANK
3594.0,SANKEY TANK,TANK,KARNATAKA,26.0,29.0,1.5,8.2,7.1,8.6,411.0,566.0,3.00,17.00,0.00,44.0,630,140000.0,5400,920000,2019,SANKEY TANK
3595.0,BYRASANDRA TANK,TANK,KARNATAKA,23.0,29.0,1.5,5.9,6.3,8.2,446.0,1422.0,4.00,32.00,1.30,31.0,9400,170000.0,92000,1600000,2019,BYRASANDRA TANK
3597.0,HESARAGHATTA TANK,TANK,KARNATAKA,22.0,32.0,4.2,8.3,6.4,7.4,225.0,515.0,3.00,13.00,0.13,2.0,3300,94000.0,35000,920000,2019,HESARAGHATTA TANK
3598.0,HEROHALLI TANK,TANK,KARNATAKA,22.0,32.0,0.5,7.2,6.6,8.6,351.0,960.0,0.60,60.00,0.50,15.8,940,94000.0,5400,540000,2019,HEROHALLI TANK
3599.0,MADAVARA TANK,TANK,KARNATAKA,22.0,32.0,0.5,5.8,6.5,9.3,332.0,1637.0,3.00,165.00,0.80,19.44,4700,120000.0,35000,920000,2019,MADAVARA TANK
3600.0,SHIVAPURA TANK,TANK,KARNATAKA,20.0,32.0,0.5,6.0,6.6,7.7,1086.0,4190.0,7.00,66.00,2.00,31.0,630,490000.0,9200,5400000,2019,SHIVAPURA TANK
3603.0,VENGAIHNAKERE,TANK,KARNATAKA,21.0,29.0,2.1,6.0,6.6,7.6,703.0,1546.0,4.00,47.00,1.00,75.0,1200,170000.0,9200,920000,2019,VENGAIHNAKERE
3604.0,DODDANAKUNDI TANK,TANK,KARNATAKA,26.0,30.0,2.7,5.2,7.3,7.8,1014.0,2260.0,4.00,19.00,2.00,5.0,480,140000.0,3500,920000,2019,DODDANAKUNDI TANK
3605.0,YELLAMALLAPPA TANK,TANK,KARNATAKA,22.0,32.0,4.3,6.8,6.5,7.4,631.0,1845.0,5.00,14.00,1.30,55.2,460,110000.0,5400,920000,2019,YELLAMALLAPPA TANK
3606.0,DASARAHALLI TANK,TANK,KARNATAKA,22.0,32.0,0.3,6.9,6.5,8.5,285.0,1400.0,2.00,38.00,0.30,18.0,380,94000.0,3500,540000,2019,DASARAHALLI TANK
3607.0,KALKERE TANK,TANK,KARNATAKA,25.0,29.0,2.5,4.8,6.8,8.1,728.0,1827.0,4.80,15.00,1.60,9.0,2800,110000.0,16000,920000,2019,KALKERE TANK
3623.0,ANEKAL DODDAKERE TANK,TANK,KARNATAKA,23.0,26.0,5.1,6.7,6.7,7.2,727.0,1736.0,3.00,7.00,1.60,2.94,700,1400.0,5400,9200,2019,ANEKAL DODDAKERE TANK
3626.0,NAGAVARA TANK,TANK,KARNATAKA,24.0,36.0,3.0,7.3,6.5,7.4,480.0,854.0,3.00,17.00,0.48,10.0,630,84000.0,3500,920000,2019,NAGAVARA TANK
3629.0,ALLASANDRA TANK,TANK,KARNATAKA,25.0,35.0,0.6,6.8,7.0,8.3,516.0,1432.0,3.00,36.00,0.56,5.0,580,1500000.0,9200,1600000,2019,ALLASANDRA TANK
3630.0,YELAHANKA TANK,TANK,KARNATAKA,25.0,35.0,0.5,6.0,6.6,8.0,512.0,1362.0,6.00,35.00,0.00,4.0,940,220000.0,5400,1600000,2019,YELAHANKA TANK
3632.0,VEERAPURA TANK,TANK,KARNATAKA,24.0,28.0,1.8,6.8,6.2,7.4,315.0,1139.0,3.00,39.00,0.04,7.0,700,70000.0,5400,540000,2019,VEERAPURA TANK
3634.0,DEVARAKERE TANK,TANK,KARNATAKA,23.7,34.6,3.2,7.2,6.5,7.2,358.0,694.0,3.00,10.00,0.10,4.56,940,220000.0,9200,1600000,2019,DEVARAKERE TANK
3635.0,MALATHAHALLI TANK,TANK,KARNATAKA,21.4,30.6,0.3,6.2,6.8,7.7,712.0,1583.0,4.00,145.00,0.70,20.0,4300,17000000.0,35000,92000000,2019,MALATHAHALLI TANK
3637.0,BYRAMANGALA TANK,TANK,KARNATAKA,25.0,28.0,1.6,5.2,6.9,7.5,708.0,1608.0,6.00,18.00,0.70,6.0,1400,94000.0,9200,5400000,2019,BYRAMANGALA TANK
3638.0,ANNAYAPPA TANK,TANK,KARNATAKA,25.0,29.0,4.0,8.0,6.7,8.8,175.0,1637.0,3.00,15.00,0.72,19.0,1100,28000.0,9200,920000,2019,ANNAYAPPA TANK
3640.0,UTTARAHALLI DORAIKERE,TANK,KARNATAKA,22.3,33.8,2.6,6.7,6.3,8.1,460.0,1114.0,4.00,38.00,0.90,13.0,4700,460000.0,35000,3500000,2019,UTTARAHALLI DORAIKERE
3641.0,DHOREKERE TANK,TANK,KARNATAKA,22.8,34.0,3.8,6.9,6.6,8.2,410.0,638.0,3.00,27.00,0.40,9.0,630,170000.0,5400,920000,2019,DHOREKERE TANK
3642.0,JIGANI TNAK,TANK,KARNATAKA,24.0,27.0,4.8,6.0,6.8,7.2,627.0,1090.0,3.00,7.00,1.20,3.0,1700,46000.0,16000,540000,2019,JIGANI TNAK
3643.0,BEENNIGANAHALLI TANK,TANK,KARNATAKA,26.0,27.0,2.3,6.0,6.5,7.6,286.0,1827.0,3.00,13.00,3.40,9.5,12000,94000.0,92000,540000,2019,BEENNIGANAHALLI TANK
3648.0,MYDALA TANK,TANK,KARNATAKA,22.0,29.0,5.0,7.8,6.5,7.6,164.0,550.0,3.00,14.00,0.02,4.16,630,170000.0,5400,1600000,2019,MYDALA TANK
3650.0,MELEKOTE TANK,TANK,KARNATAKA,23.0,30.0,0.8,8.0,6.6,7.3,437.0,1631.0,3.00,16.00,0.61,30.0,2600,170000.0,35000,1600000,2019,MELEKOTE TANK
3651.0,BHEEMSANDRA TANK,TANK,KARNATAKA,22.0,30.0,0.5,6.9,6.4,7.4,560.0,1885.0,3.00,15.96,0.85,34.0,940,220000.0,5400,1600000,2019,BHEEMSANDRA TANK
3653.0,DODDAKERE TANK,TANK,KARNATAKA,19.0,35.0,4.9,7.3,6.7,7.7,190.0,580.0,2.00,10.00,0.10,4.48,410,63000.0,3500,540000,2019,DODDAKERE TANK
3656.0,NALLIKATTE KERE TANK,TANK,KARNATAKA,26.0,28.0,5.0,5.6,7.0,7.6,340.0,470.0,2.00,3.00,0.10,0.2,320,460.0,2800,4000,2019,NALLIKATTE KERE TANK
3657.0,KAACHACHALLI KOPPALUKERE TANK,TANK,KARNATAKA,24.0,28.0,1.9,4.4,7.9,8.8,980.0,8900.0,4.00,34.00,0.30,1.2,240,700.0,3300,6300,2019,KAACHACHALLI KOPPALUKERE TANK
3658.0,KALLAKATTE KERE TANK,TANK,KARNATAKA,24.0,26.0,4.6,5.4,8.0,8.2,410.0,470.0,3.00,3.00,0.20,0.2,320,610.0,2800,4000,2019,KALLAKATTE KERE TANK
3659.0,MATHANA KERE TANK,TANK,KARNATAKA,24.0,28.0,1.2,4.2,7.2,7.7,610.0,1310.0,4.00,7.00,0.20,0.8,920,3300.0,9200,35000,2019,MATHANA KERE TANK
3660.0,HUNASINA KERE TANK,TANK,KARNATAKA,25.0,28.0,5.0,6.2,7.1,8.1,350.0,890.0,2.00,3.00,0.10,0.3,390,1400.0,3500,11000,2019,HUNASINA KERE TANK
3661.0,KOKKANAGHATTADODDAKERE TANK,TANK,KARNATAKA,25.0,28.0,5.0,8.3,8.3,9.9,460.0,1800.0,4.00,8.00,0.20,0.5,220,630.0,2200,5400,2019,KOKKANAGHATTADODDAKERE TANK
3662.0,KAWSHIKAKERE TANK,TANK,KARNATAKA,23.0,25.0,4.6,5.6,7.7,8.1,260.0,420.0,2.00,3.00,0.10,0.2,93,340.0,1100,2200,2019,KAWSHIKAKERE TANK
3663.0,JOLADAKATTE TANK,TANK,KARNATAKA,24.0,26.0,4.8,5.6,7.7,8.2,450.0,640.0,2.00,3.00,0.10,0.2,110,450.0,1300,3500,2019,JOLADAKATTE TANK
3664.0,BASAVANAHALLIKERE TANK,TANK,KARNATAKA,24.0,25.0,4.1,4.6,7.8,8.0,390.0,530.0,2.00,3.00,0.10,0.2,240,680.0,2200,4000,2019,BASAVANAHALLIKERE TANK
3665.0,LINGAPPANAKATTE TANK,TANK,KARNATAKA,24.0,26.0,4.4,5.8,7.8,8.2,470.0,700.0,2.00,3.00,0.20,0.3,120,470.0,2100,4300,2019,LINGAPPANAKATTE TANK
3666.0,GANIGARAHOSAHALLIKERE TANK,TANK,KARNATAKA,24.0,28.0,4.5,5.2,7.8,8.2,250.0,470.0,2.00,3.00,0.10,0.1,170,260.0,1200,3200,2019,GANIGARAHOSAHALLIKERE TANK
3667.0,SATHENAHALLIDODDAKERE TANK,TANK,KARNATAKA,24.0,27.0,4.7,6.6,7.9,8.4,460.0,720.0,2.00,3.00,0.10,0.3,140,450.0,1700,3500,2019,SATHENAHALLIDODDAKERE TANK
3668.0,SODHARAHALLIKERE TANK,TANK,KARNATAKA,24.0,28.0,5.7,6.8,7.8,8.2,340.0,470.0,2.00,3.00,0.10,0.4,170,460.0,2100,4300,2019,SODHARAHALLIKERE TANK
3669.0,SHELERAMANAHALLIKERE TANK,TANK,KARNATAKA,25.0,28.0,5.0,6.6,7.4,8.2,350.0,580.0,2.00,3.00,0.10,0.3,110,330.0,1500,4300,2019,SHELERAMANAHALLIKERE TANK
3670.0,HAINARAKATTE TANK,TANK,KARNATAKA,25.0,28.0,4.4,4.8,7.7,7.8,180.0,340.0,2.00,2.20,0.10,0.1,130,320.0,920,1700,2019,HAINARAKATTE TANK
3671.0,HANUMANTHAPURAKATTE TANK,TANK,KARNATAKA,25.0,28.0,4.9,7.0,7.5,8.2,340.0,470.0,2.00,3.00,0.10,0.2,120,270.0,1700,2800,2019,HANUMANTHAPURAKATTE TANK
3672.0,SANKALAPURAKERE TANK,TANK,KARNATAKA,25.0,27.0,4.9,5.6,7.6,7.8,210.0,410.0,2.00,3.00,0.10,0.2,70,220.0,920,1700,2019,SANKALAPURAKERE TANK
3673.0,HAVALIKERE TANK,TANK,KARNATAKA,24.0,27.0,3.4,5.5,7.6,8.2,440.0,1310.0,2.00,4.00,0.10,0.8,170,780.0,2100,5400,2019,HAVALIKERE TANK
3674.0,SATHAMANGALAKERE TANK,TANK,KARNATAKA,24.0,27.0,5.0,5.3,7.4,7.9,180.0,320.0,2.00,3.00,0.10,0.2,94,210.0,920,1700,2019,SATHAMANGALAKERE TANK
3675.0,B KALEHALLIKERE TANK,TANK,KARNATAKA,25.0,26.0,4.6,5.0,6.8,7.6,200.0,260.0,2.00,2.00,0.10,0.2,92,390.0,940,2200,2019,B KALEHALLIKERE TANK
3676.0,THAVENAHALLIKERE TANK,TANK,KARNATAKA,24.0,27.0,5.2,6.1,7.4,7.6,210.0,260.0,2.00,2.00,0.10,0.2,140,390.0,1300,2200,2019,THAVENAHALLIKERE TANK
3677.0,SHARANABAWESHWARA KERE TANK,TANK,KARNATAKA,27.0,30.0,0.0,7.8,8.4,8.8,1202.0,2351.0,7.00,16.00,0.00,0.14,790,1700.0,2400,5400,2019,SHARANABAWESHWARA KERE TANK
3681.0,ANGOL MI TANK,TANK,KARNATAKA,21.0,34.0,0.0,11.1,6.7,8.7,264.0,889.0,4.00,14.50,0.00,38.6,900,1800.0,1600,3200,2019,ANGOL MI TANK
3682.0,KAKATI POND,TANK,KARNATAKA,21.0,30.0,3.0,11.0,8.0,10.2,581.0,7540.0,1.30,22.00,0.00,59.3,280,1800.0,1600,3200,2019,KAKATI POND
3683.0,HEREKERE TANK,TANK,KARNATAKA,23.0,26.0,4.2,5.9,7.2,8.3,880.0,1720.0,7.20,28.00,1.13,2.2,130,900.0,849,1800,2019,HEREKERE TANK
3684.0,KELEGERE TANK,TANK,KARNATAKA,23.0,26.0,7.1,7.3,7.3,8.4,310.0,1430.0,3.20,3.80,0.43,0.88,50,900.0,275,1800,2019,KELEGERE TANK
3686.0,NIRASAGARAKERE TANK,TANK,KARNATAKA,23.0,26.0,7.2,7.6,7.2,8.4,210.0,624.0,2.40,2.90,0.19,0.41,13,225.0,45,1600,2019,NIRASAGARAKERE TANK
3687.0,NUGGIKERE TANK,TANK,KARNATAKA,23.0,25.0,6.6,6.9,7.2,8.2,340.0,1065.0,3.30,3.90,0.29,1.1,35,225.0,170,550,2019,NUGGIKERE TANK
3688.0,SUDANAKERE TANK,TANK,KARNATAKA,23.0,25.0,6.4,7.2,7.4,8.4,630.0,1160.0,0.80,3.80,0.52,0.86,25,900.0,140,1800,2019,SUDANAKERE TANK
3689.0,SOMESHWARAKERE TANK,TANK,KARNATAKA,23.0,25.0,6.1,6.8,7.2,7.9,670.0,1187.0,3.80,5.40,0.72,1.4,35,900.0,197,1800,2019,SOMESHWARAKERE TANK
3690.0,UNAKALKERE TANK,TANK,KARNATAKA,23.0,26.0,6.6,7.2,7.1,8.3,410.0,1620.0,3.60,4.50,0.47,1.11,35,900.0,1405,1800,2019,UNAKALKERE TANK
3691.0,VIMANABHUTHIKERE TANK,TANK,KARNATAKA,26.0,31.0,6.5,7.3,6.9,7.8,12.0,226.0,2.10,3.50,BDL,0.36,170,500.0,500,900,2019,VIMANABHUTHIKERE TANK
3692.0,KUNDUVADAKERE TANK,TANK,KARNATAKA,26.0,31.0,5.3,7.4,7.4,8.1,150.0,370.0,2.40,3.50,0.00,0.3,220,900.0,500,2200,2019,KUNDUVADAKERE TANK
3693.0,BHATHIKERE TANK,TANK,KARNATAKA,26.0,31.0,4.8,7.2,6.7,8.2,200.0,917.0,2.40,25.00,BDL,3.0,5000,50000.0,7000,70000,2019,BHATHIKERE TANK
3694.0,SHANTHISAGARKERE TANK,TANK,KARNATAKA,26.0,30.0,6.3,7.5,6.9,8.4,171.0,640.0,2.60,3.00,0.00,0.42,500,1400.0,900,2800,2019,SHANTHISAGARKERE TANK
3695.0,KONDAGGIKERE TANK,TANK,KARNATAKA,26.0,28.0,5.9,6.9,6.6,8.1,200.0,244.0,2.40,7.00,0.00,0.72,500,1700.0,2200,16000,2019,KONDAGGIKERE TANK
3696.0,AIANAKERE TANK,TANK,KARNATAKA,26.0,31.0,4.3,6.3,6.8,8.3,1040.0,1350.0,18.00,94.00,0.30,6.35,22000,170000.0,5000,350000,2019,AIANAKERE TANK
3697.0,MATTADAKERE TANK,TANK,KARNATAKA,28.0,29.0,4.0,5.9,7.2,8.3,256.0,900.0,5.00,5.00,0.00,3.0,1700,4000.0,3500,6000,2019,MATTADAKERE TANK
4092.0,"MANCHALAPUR TANK, MANCHALAPUR, RAICHUR TQ & DIST",TANK,KARNATAKA,26.0,30.0,5.4,5.8,9.1,9.2,3170.0,3688.0,9.00,36.00,0.10,0.31,,,,,2019,"MANCHALAPUR TANK, MANCHALAPUR, RAICHUR TQ & DIST"
4498.0,"SANAVALLI DAM, MUNGOD",TANK,KARNATAKA,24.0,27.0,6.9,7.8,6.8,7.4,109.0,596.0,2.30,2.60,0.16,0.56,17,350.0,140,700,2019,"SANAVALLI DAM, MUNGOD"
4501.0,MANCHANABALE DAM,TANK,KARNATAKA,26.0,26.0,2.8,8.2,7.1,8.1,902.0,1355.0,5.00,9.00,1.80,4.0,330,9400.0,3500,92000,2019,MANCHANABALE DAM
4502.0,RAMAMMANA KERE,TANK,KARNATAKA,26.0,26.0,3.2,8.1,6.9,8.3,713.0,1298.0,4.00,13.00,1.70,4.4,340,120000.0,3500,920000,2019,RAMAMMANA KERE
4503.0,MADHURE TANK,TANK,KARNATAKA,25.0,29.0,1.8,7.4,6.0,8.2,170.0,432.0,BDL,20.00,0.74,5.0,84,94000.0,920,920000,2019,MADHURE TANK
4512.0,MANCHANABALE DAM,TANK,KARNATAKA,23.0,31.0,0.5,3.0,6.4,7.5,740.0,1577.0,32.00,92.00,3.40,12.0,7000,1500000.0,54000,16000000,2019,MANCHANABALE DAM
4513.0,RAMAMMANA KERE,TANK,KARNATAKA,22.0,30.0,4.3,6.2,6.9,8.2,640.0,2020.0,3.00,38.00,0.77,9.7,1700,70000.0,16000,540000,2019,RAMAMMANA KERE
4530.0,KAMMASANDRA TANK,TANK,KARNATAKA,21.0,25.0,0.5,4.8,6.6,7.6,1508.0,2374.0,5.00,75.00,3.83,40.0,460,280000.0,3500,1600000,2019,KAMMASANDRA TANK
4531.0,RAYASANDRA LAKE,TANK,KARNATAKA,20.0,25.0,0.6,6.6,6.5,7.6,1115.0,1718.0,5.00,16.00,7.00,9.9,7000,63000.0,54000,350000,2019,RAYASANDRA LAKE
4532.0,CHANDAPURA LAKE,TANK,KARNATAKA,20.0,25.0,1.6,5.5,6.6,7.6,1500.0,2014.0,4.00,18.00,7.00,16.0,700,79000.0,5400,920000,2019,CHANDAPURA LAKE
1383.0,"ORUVATHILKOTTA LAKE, KERALA",LAKE,KERALA,28.0,37.0,0.1,7.2,6.4,7.9,255.0,662.0,1.60,7.20,0.00,0.1,180,1500.0,430,2500,2019,"ORUVATHILKOTTA LAKE, KERALA"
1385.0,"SASTHAMCOTTA LAKE, KERALA",LAKE,KERALA,18.0,22.0,6.2,7.4,6.0,7.2,114.0,132.0,1.20,2.00,0.44,0.7,40,200.0,170,430,2019,"SASTHAMCOTTA LAKE, KERALA"
1441.0,"ASHTHAMUDI LAKE AT QUILON, KERALA",LAKE,KERALA,19.0,25.0,3.4,5.6,7.5,8.1,18120.0,19350.0,1.40,4.00,0.98,2.9,260,680.0,480,920,2019,"ASHTHAMUDI LAKE AT QUILON, KERALA"
1574.0,"PARAVUR, KERALA",LAKE,KERALA,19.0,23.0,5.4,6.6,7.4,8.0,12260.0,13980.0,1.40,2.20,0.79,1.6,100,200.0,220,410,2019,"PARAVUR, KERALA"
1575.0,"VEMBANAD LAKE,KOCHI (OIL TANKER JETTY), KERALA",LAKE,KERALA,25.0,32.0,2.5,8.4,6.8,8.0,1200.0,44000.0,0.80,3.60,0.00,2.31,430,140000.0,840,310000,2019,"VEMBANAD LAKE,KOCHI (OIL TANKER JETTY), KERALA"
1576.0,"PERIYAR LAKE AT THEKKADY, KERALA",LAKE,KERALA,23.0,31.0,6.2,7.9,6.8,7.9,41.0,60.0,0.10,0.90,0.02,0.07,2,790.0,2,1100,2019,"PERIYAR LAKE AT THEKKADY, KERALA"
1577.0,"KODUNGALLOOR, KERALA",LAKE,KERALA,27.0,30.0,4.4,7.2,3.9,7.8,504.0,27500.0,0.20,2.00,0.00,1.38,220,2100.0,480,3400,2019,"KODUNGALLOOR, KERALA"
1578.0,"KAYAMKULAM, KERALA",LAKE,KERALA,26.0,30.0,1.1,6.9,7.5,8.2,6458.0,65248.0,0.50,5.20,0.03,0.98,2,1800.0,20,2700,2019,"KAYAMKULAM, KERALA"
1579.0,"ALAPPUZHA, KERALA",LAKE,KERALA,26.0,32.0,2.9,7.7,6.8,7.6,506.0,5248.0,2.10,3.90,0.07,0.92,2,600.0,10,1100,2019,"ALAPPUZHA, KERALA"
1580.0,"POOKOTE, KERALA",LAKE,KERALA,24.0,34.0,5.1,9.0,6.7,7.9,19.0,43.0,0.30,2.60,0.10,0.13,2,40.0,18,102,2019,"POOKOTE, KERALA"
2312.0,LAKE VEMBANAD AT PATHIRAMANAL (ALAPPUZHA),LAKE,KERALA,26.0,31.0,6.1,7.9,6.8,7.5,713.0,9120.0,0.90,3.90,0.04,0.19,2,180.0,10,310,2019,LAKE VEMBANAD AT PATHIRAMANAL (ALAPPUZHA)
2318.0,PAZHASSI RESERVOIR (KANNUR),LAKE,KERALA,23.0,32.0,6.3,8.1,6.7,8.0,36.0,92.0,0.10,1.20,0.00,0.14,5,160.0,40,500,2019,PAZHASSI RESERVOIR (KANNUR)
2328.0,RSVR AT MALAMPUZHA,LAKE,KERALA,24.0,32.0,6.2,7.8,6.8,7.6,82.0,130.0,0.60,2.80,0.00,2.0,2,490.0,2,700,2019,RSVR AT MALAMPUZHA
2329.0,RSVR AT BHOOTHATHANKETU,LAKE,KERALA,25.0,29.0,6.6,9.3,6.7,7.6,21.0,47.0,0.20,2.70,0.00,1.32,58,2500.0,110,4600,2019,RSVR AT BHOOTHATHANKETU
2330.0,RSVR AT EDAMALAYAR,LAKE,KERALA,25.0,30.0,6.4,9.2,6.8,8.0,19.0,37.0,0.20,3.00,0.00,0.21,4,250.0,10,320,2019,RSVR AT EDAMALAYAR
3470.0,"VELLAYANI LAKE AT VANDITHADOM, THIRUVANANTHAPURAM",LAKE,KERALA,28.0,35.0,0.1,6.2,5.8,7.5,120.0,225.0,0.40,6.40,0.00,0.1,100,940.0,400,2000,2019,"VELLAYANI LAKE AT VANDITHADOM, THIRUVANANTHAPURAM"
2325.0,POND AT (PADMANABHA) SREE PADMANABHA SWAMY TEMPLE (TVPM),POND,KERALA,28.0,36.0,0.1,6.6,6.1,8.2,180.0,385.0,1.40,75.00,0.00,0.2,100,700.0,200,2600,2019,POND AT (PADMANABHA) SREE PADMANABHA SWAMY TEMPLE (TVPM)
3462.0,MANANCHIRA POND AT KOZHEKODE,POND,KERALA,27.0,33.0,6.6,9.8,7.0,8.1,50.0,100.0,0.00,1.00,0.01,0.5,10,600.0,49,700,2019,MANANCHIRA POND AT KOZHEKODE
1401.0,POND NEAR JUMA MASJID,POND,LAKSHADWEEP,26.6,31.0,,,7.2,8.0,643.0,1163.0,,,,,,,,,2019,POND NEAR JUMA MASJID
4557.0,POND C/O MOHIDHEEN PALLI,POND,LAKSHADWEEP,26.6,30.3,,,,,725.0,2360.0,,,,,,,,,2019,POND C/O MOHIDHEEN PALLI
4568.0,POND NEAR KULAPPINAKKAL,POND,LAKSHADWEEP,26.9,29.5,,,,,1036.0,1788.0,,,,,,,,,2019,POND NEAR KULAPPINAKKAL
1373.0,"UPPER LAKE AT BHOPAL (INTAKE POINT), M.P.",LAKE,MADHYA PRADESH,19.0,30.0,7.4,8.2,7.6,8.3,279.0,312.0,1.30,2.60,3.00,5.59,2,2.0,140,210,2019,"UPPER LAKE AT BHOPAL (INTAKE POINT), M.P."
1374.0,LOWER LAKE AT BHOPAL OUTLET M.P.,LAKE,MADHYA PRADESH,19.0,29.0,6.4,7.9,7.7,8.3,340.0,396.0,5.20,8.00,5.35,16.63,70,240.0,920,1600,2019,LOWER LAKE AT BHOPAL OUTLET M.P.
1466.0,"MULTAI TANK LAKE AT VILLA. KHARI ON BETUL-AMRAVATI ROAD M.P(.RIVER TAPTI NEAR AMARAWATI, ROAD BRIDGE AT VILLAGE KHEDA)",LAKE,MADHYA PRADESH,25.0,29.0,8.1,8.4,7.4,8.1,248.0,384.0,1.30,1.40,0.00,2.29,2,2.0,150,1600,2019,"MULTAI TANK LAKE AT VILLA. KHARI ON BETUL-AMRAVATI ROAD M.P(.RIVER TAPTI NEAR AMARAWATI, ROAD BRIDGE AT VILLAGE KHEDA)"
2128.0,KHANDARI RESERVOIR WATER OFF TAKE POINT,LAKE,MADHYA PRADESH,16.5,30.6,7.4,8.3,7.1,8.3,217.0,435.0,1.10,1.80,0.20,1.34,2,12.0,BDL,40,2019,KHANDARI RESERVOIR WATER OFF TAKE POINT
2130.0,"MADHAV LAKE, SHIVPURI",LAKE,MADHYA PRADESH,12.0,36.0,5.0,7.8,7.1,8.7,320.0,1155.0,1.80,2.90,0.60,1.22,2,6.0,48,110,2019,"MADHAV LAKE, SHIVPURI"
2131.0,YASHWANT SAGAR AT INDORE,LAKE,MADHYA PRADESH,17.0,28.0,5.9,8.0,7.4,8.6,291.0,1451.0,1.00,2.10,0.62,1.95,2,2.0,43,96,2019,YASHWANT SAGAR AT INDORE
2132.0,BILAWALI TALAB AT INDORE,LAKE,MADHYA PRADESH,17.0,28.0,6.3,8.0,7.9,8.7,267.0,551.0,1.30,2.40,0.00,4.39,2,2.0,58,170,2019,BILAWALI TALAB AT INDORE
2133.0,SIRPUR TALAB AT INDORE,LAKE,MADHYA PRADESH,17.0,28.0,5.0,8.4,7.6,8.6,341.0,884.0,1.10,2.60,0.26,1.9,2,2.0,39,120,2019,SIRPUR TALAB AT INDORE
2134.0,NAGCHUN TALAB AT KHANDWA,LAKE,MADHYA PRADESH,18.0,28.0,6.2,7.8,7.1,8.8,220.0,450.0,1.00,1.40,0.01,1.16,2,2.0,7,70,2019,NAGCHUN TALAB AT KHANDWA
2135.0,GOVINDGARH LAKE,LAKE,MADHYA PRADESH,20.5,32.0,6.2,7.4,7.1,7.8,270.0,399.0,0.90,1.50,0.12,0.41,2,2.0,BDL,47,2019,GOVINDGARH LAKE
2136.0,"SHAHPURA LAKE AT WEIR NEAR AYUSHMAN HOSPITAL, BHOPAL",LAKE,MADHYA PRADESH,18.0,28.0,6.3,8.2,7.8,8.4,278.0,548.0,1.70,14.00,1.57,35.96,2,240.0,70,2600,2019,"SHAHPURA LAKE AT WEIR NEAR AYUSHMAN HOSPITAL, BHOPAL"
2137.0,UPPER LAKE AT YATCH CLUB,LAKE,MADHYA PRADESH,19.0,31.0,7.1,8.4,7.7,8.6,264.0,294.0,2.10,2.90,4.37,5.84,2,2.0,70,280,2019,UPPER LAKE AT YATCH CLUB
2138.0,UPPER LAKE AT KARBALA CLUB,LAKE,MADHYA PRADESH,17.0,33.0,7.4,8.4,7.6,8.5,268.0,293.0,2.00,2.70,3.58,4.58,2,2.0,120,220,2019,UPPER LAKE AT KARBALA CLUB
2139.0,UPPER LAKE AT BAIRAGARH CLUB,LAKE,MADHYA PRADESH,18.0,33.0,7.6,8.2,7.8,8.3,244.0,298.0,1.30,2.90,3.65,7.7,2,2.0,140,240,2019,UPPER LAKE AT BAIRAGARH CLUB
2140.0,"KERWA DAM NEAR REST HOUSE, BPL",LAKE,MADHYA PRADESH,17.0,29.0,6.4,8.9,7.5,8.3,250.0,283.0,1.60,3.00,1.50,2.75,2,2.0,22,94,2019,"KERWA DAM NEAR REST HOUSE, BPL"
2141.0,JANUNIA TALAB NEAR W/S,LAKE,MADHYA PRADESH,18.0,29.0,7.8,8.7,7.3,8.5,178.0,2328.0,1.30,2.80,0.16,3.56,2,2.0,70,210,2019,JANUNIA TALAB NEAR W/S
2142.0,"KALISINDH RESERVOIR AT SARANGPUR, RAJGARH",LAKE,MADHYA PRADESH,13.0,27.0,4.5,8.0,7.3,9.6,149.0,666.0,1.20,2.30,0.00,0.86,2,2.0,BDL,48,2019,"KALISINDH RESERVOIR AT SARANGPUR, RAJGARH"
3296.0,CHORAL DAM NEAR INDORE,LAKE,MADHYA PRADESH,17.0,29.0,6.4,8.6,7.4,8.6,271.0,690.0,0.90,1.90,0.47,3.23,2,2.0,39,63,2019,CHORAL DAM NEAR INDORE
3845.0,KANHARGAON STOP DAM WATER SUPPLY INTAKE OF CHHINDWARA TOWN,LAKE,MADHYA PRADESH,,,4.5,7.3,7.3,7.9,640.0,830.0,1.80,2.80,2.20,2.8,3,3.0,11,28,2019,KANHARGAON STOP DAM WATER SUPPLY INTAKE OF CHHINDWARA TOWN
4614.0,SUPTAL JABALPUR,LAKE,MADHYA PRADESH,18.1,28.9,6.6,7.6,7.1,8.2,319.0,596.0,2.00,4.40,0.22,1.81,2,39.0,BDL,540,2019,SUPTAL JABALPUR
4615.0,GANGA SAGAR JABALPUR,LAKE,MADHYA PRADESH,18.0,32.1,6.4,7.5,7.3,8.3,350.0,642.0,2.00,5.20,0.29,2.61,2,48.0,BDL,540,2019,GANGA SAGAR JABALPUR
4622.0,KOPTAL LAKE AT WATER SUPPLY INTAKE POINT CHHATARPUR,LAKE,MADHYA PRADESH,18.0,32.0,6.8,7.2,7.3,8.4,224.0,362.0,0.90,1.20,0.00,0.46,2,2.0,2,24,2019,KOPTAL LAKE AT WATER SUPPLY INTAKE POINT CHHATARPUR
3297.0,"MITHA TALAB, DEWAS",POND,MADHYA PRADESH,22.0,26.0,6.8,7.1,7.5,8.1,318.0,746.0,0.20,2.00,0.00,1.16,2,36.0,46,70,2019,"MITHA TALAB, DEWAS"
3298.0,POND WATER AT LAKODA,POND,MADHYA PRADESH,22.0,22.0,6.8,7.7,7.2,7.9,210.0,296.0,1.80,2.20,0.00,0.77,2,6.0,25,63,2019,POND WATER AT LAKODA
3299.0,HANUMANTAL JABALPUR,POND,MADHYA PRADESH,17.0,30.1,6.4,7.1,7.1,8.4,340.0,853.0,3.20,5.40,0.20,2.0,2,240.0,BDL,1100,2019,HANUMANTAL JABALPUR
3300.0,"RANITAL TALAB, JABALPUR",POND,MADHYA PRADESH,18.0,32.5,4.8,7.9,6.8,8.6,352.0,4620.0,2.10,13.00,0.28,3.64,2,350.0,BDL,1600,2019,"RANITAL TALAB, JABALPUR"
3301.0,MOTI TALAB AT BALAGHAT,POND,MADHYA PRADESH,13.9,35.9,6.1,8.0,7.3,7.8,320.0,4870.0,2.20,4.00,0.25,2.0,2,120.0,BDL,540,2019,MOTI TALAB AT BALAGHAT
3302.0,"PIPLIYA PALA TALAB, INDORE",POND,MADHYA PRADESH,19.0,26.0,6.0,6.9,7.1,8.4,278.0,974.0,1.40,3.80,0.00,4.29,2,2.0,84,170,2019,"PIPLIYA PALA TALAB, INDORE"
3303.0,"RANI TALAB, REWA",POND,MADHYA PRADESH,21.0,35.0,6.0,7.2,7.3,8.2,249.0,382.0,1.00,1.50,0.21,0.49,2,4.0,20,39,2019,"RANI TALAB, REWA"
3304.0,"RIHAND RESRVOIR, SINGRAULI",POND,MADHYA PRADESH,20.0,40.0,6.2,7.6,7.2,7.6,130.0,580.0,1.60,2.00,0.00,0.8,2,2.0,11,21,2019,"RIHAND RESRVOIR, SINGRAULI"
3830.0,"GOKALPUR TALAB, DIST JABALPUR",POND,MADHYA PRADESH,15.8,27.9,6.2,8.2,7.3,8.3,239.0,796.0,2.20,7.20,0.00,2.0,2,140.0,BDL,430,2019,"GOKALPUR TALAB, DIST JABALPUR"
3831.0,"DAL SAGAR TALAB, DIST SEONI",POND,MADHYA PRADESH,14.0,35.8,6.4,7.5,7.3,8.1,290.0,512.0,2.20,4.80,0.34,1.6,2,84.0,BDL,430,2019,"DAL SAGAR TALAB, DIST SEONI"
3849.0,SITAPAT TALAB DHAR,POND,MADHYA PRADESH,18.0,29.0,4.5,7.6,7.1,8.7,301.0,529.0,0.80,1.80,0.03,1.13,2,2.0,32,60,2019,SITAPAT TALAB DHAR
3850.0,BAGDOON TALAB PITHAMPUR SANJAY JALASHAY PITHAMPUR,POND,MADHYA PRADESH,18.0,28.0,6.6,7.9,7.5,8.9,258.0,656.0,1.00,1.90,0.18,2.82,2,2.0,40,63,2019,BAGDOON TALAB PITHAMPUR SANJAY JALASHAY PITHAMPUR
2129.0,PERIAT TANK NEAR WSS INTAKE POINT JABALPUR,TANK,MADHYA PRADESH,16.1,29.9,7.2,8.1,7.2,8.3,233.0,3370.0,1.40,1.90,0.34,1.6,2,10.0,BDL,41,2019,PERIAT TANK NEAR WSS INTAKE POINT JABALPUR
1425.0,LOKTAK LAKE AT THANA,LAKE,MANIPUR,15.0,29.0,6.5,7.9,6.9,7.4,26.0,358.0,2.50,4.30,0.02,0.03,2,5.0,25,200,2019,LOKTAK LAKE AT THANA
1426.0,LOKTAK LAKE AT BISHNUPUR,LAKE,MANIPUR,15.0,29.0,7.1,8.2,6.9,7.8,130.0,2442.0,2.20,4.50,0.03,0.03,2,55.0,20,90,2019,LOKTAK LAKE AT BISHNUPUR
1629.0,LOKTAK LAKE AT SENDRA,LAKE,MANIPUR,15.0,29.0,5.2,8.1,6.9,7.5,120.0,347.0,2.50,3.60,0.02,0.03,2,10.0,15,120,2019,LOKTAK LAKE AT SENDRA
1630.0,LOKTAK LAKE AT KARANG ISLAND,LAKE,MANIPUR,16.0,28.0,5.8,7.7,7.2,7.5,150.0,411.0,2.20,3.80,0.02,0.03,2,2.0,10,100,2019,LOKTAK LAKE AT KARANG ISLAND
2837.0,PUMLEN LAKE AT TOKPACHING,LAKE,MANIPUR,16.0,28.2,4.4,8.2,7.0,7.5,105.0,3405.0,2.10,4.70,0.02,0.03,2,15.0,20,280,2019,PUMLEN LAKE AT TOKPACHING
2839.0,PUKHRI AT LANGMEIDONG,POND,MANIPUR,16.0,28.0,6.4,8.1,6.7,7.5,201.0,311.0,2.90,3.80,0.03,0.03,2,45.0,20,142,2019,PUKHRI AT LANGMEIDONG
2840.0,LAMJAO PUKHURI AT ACHOUBA,POND,MANIPUR,16.0,29.0,6.1,7.9,7.1,7.6,167.0,297.0,2.50,26.00,0.00,0.03,2,15.0,40,185,2019,LAMJAO PUKHURI AT ACHOUBA
2841.0,HIRANMEI PUKHURI AT THOUBAL,POND,MANIPUR,16.0,29.0,5.1,8.1,6.7,7.5,51.0,430.0,2.40,4.10,0.02,0.03,2,25.0,45,130,2019,HIRANMEI PUKHURI AT THOUBAL
2842.0,LANGMEIDONG PUKHURI AT THOUBAL,POND,MANIPUR,16.0,28.8,6.8,8.1,6.4,7.4,220.0,334.0,2.70,3.80,0.02,0.03,2,20.0,30,120,2019,LANGMEIDONG PUKHURI AT THOUBAL
2843.0,POND AT LALAMBUNG,POND,MANIPUR,18.0,29.0,4.5,7.3,7.1,7.5,210.0,451.0,1.50,3.40,0.03,0.03,2,15.0,30,70,2019,POND AT LALAMBUNG
2844.0,LILONG PUKHURI,POND,MANIPUR,19.0,29.0,6.8,7.8,7.1,7.6,142.0,3315.0,2.70,3.80,0.02,0.03,2,10.0,20,170,2019,LILONG PUKHURI
2845.0,POND AT NGAIRANGBAM,POND,MANIPUR,19.0,31.0,7.1,7.9,6.9,7.8,91.0,311.0,2.40,4.10,0.02,0.03,2,20.0,45,150,2019,POND AT NGAIRANGBAM
2846.0,POND AT MOIDANGPOK,POND,MANIPUR,19.0,30.0,6.9,8.1,7.1,7.6,75.0,2552.0,2.60,3.90,0.02,0.03,2,20.0,35,55,2019,POND AT MOIDANGPOK
2847.0,POND AT MAIBAM LOKPACHING,POND,MANIPUR,18.0,29.0,6.4,8.2,6.7,7.6,120.0,407.0,2.40,3.40,0.02,0.03,2,25.0,15,80,2019,POND AT MAIBAM LOKPACHING
2848.0,POND AT KAKWA BAZAR,POND,MANIPUR,20.0,29.0,4.8,7.4,7.1,7.9,242.0,550.0,2.20,3.30,0.03,0.03,2,25.0,60,140,2019,POND AT KAKWA BAZAR
2849.0,CHANAM PUKHURI,POND,MANIPUR,18.0,29.0,5.4,7.2,7.0,7.9,249.0,463.0,2.10,3.20,0.02,0.03,2,5.0,95,200,2019,CHANAM PUKHURI
2850.0,NINGTHEM PUKHURI,POND,MANIPUR,19.0,31.0,5.9,7.1,6.8,7.6,41.0,476.0,2.80,3.60,0.02,0.03,2,55.0,50,495,2019,NINGTHEM PUKHURI
2851.0,POND AT KONGBA BAZAR,POND,MANIPUR,18.0,31.0,4.0,7.4,6.8,8.8,345.0,600.0,2.20,3.60,0.03,0.03,2,50.0,65,525,2019,POND AT KONGBA BAZAR
1347.0,UMIAM LAKE AT BARAPANI,LAKE,MEGHALAYA,15.0,25.0,5.4,6.8,7.0,7.5,81.0,133.0,5.20,8.40,0.33,1.52,540,2700.0,1400,4900,2019,UMIAM LAKE AT BARAPANI
1348.0,WARD'S LAKE AT SHILLONG,LAKE,MEGHALAYA,11.0,19.0,6.2,7.4,6.9,7.6,137.0,158.0,3.80,4.80,0.25,0.83,240,2200.0,630,4800,2019,WARD'S LAKE AT SHILLONG
1459.0,"THADLASKEIN LAKE, JOWAI",LAKE,MEGHALAYA,12.0,23.0,6.6,7.5,6.8,7.2,38.0,59.0,1.40,2.00,0.26,0.71,12,33.0,84,240,2019,"THADLASKEIN LAKE, JOWAI"
3346.0,UMIAM LAKE AT OUTFALL OF UMIAM RIVER INTO LAKE,LAKE,MEGHALAYA,15.0,24.0,4.2,5.9,6.9,7.5,93.0,182.0,6.00,9.50,0.39,1.7,790,2700.0,1500,5800,2019,UMIAM LAKE AT OUTFALL OF UMIAM RIVER INTO LAKE
3347.0,UMIAM LAKE AT MIDDLE POINT,LAKE,MEGHALAYA,15.0,25.0,5.7,6.8,7.2,8.0,85.0,135.0,5.00,8.10,0.36,1.61,410,2700.0,1100,4700,2019,UMIAM LAKE AT MIDDLE POINT
3348.0,UMIAM LAKE ATNEAR UNITED CHRISTIAN COLLEGE,LAKE,MEGHALAYA,16.0,24.0,5.2,7.0,7.1,8.1,90.0,140.0,5.20,8.80,0.25,1.26,580,2400.0,1200,6300,2019,UMIAM LAKE ATNEAR UNITED CHRISTIAN COLLEGE
3349.0,"TASEK LAKE AT SONGSAK (NAPHAK),",LAKE,MEGHALAYA,16.0,32.0,6.5,7.7,6.8,7.6,62.0,83.0,1.50,2.30,0.25,0.46,21,47.0,110,280,2019,"TASEK LAKE AT SONGSAK (NAPHAK),"
3723.0,"TAMDIL LAKE, SAITUAL",LAKE,MIZORAM,12.0,27.0,5.4,9.1,5.9,7.8,78.0,78.0,1.50,1.90,0.00,0.19,,,,,2019,"TAMDIL LAKE, SAITUAL"
3722.0,LAWBUAI FISHPOND,POND,MIZORAM,15.0,28.0,3.1,8.9,6.9,7.5,241.0,241.0,0.90,2.20,0.02,0.22,,,,,2019,LAWBUAI FISHPOND
3755.0,"POND NEAR THERMAL POWER PLANT, BAIRABI",POND,MIZORAM,15.0,25.0,3.6,7.8,6.5,8.0,210.0,210.0,1.90,1.90,0.00,0.16,,,,,2019,"POND NEAR THERMAL POWER PLANT, BAIRABI"
3743.0,"PHE RESERVOIR, HELIPAD, NEW SAIHA",TANK,MIZORAM,16.0,20.0,4.9,9.3,5.2,7.5,38.0,38.0,1.10,1.70,0.00,0.16,,,,,2019,"PHE RESERVOIR, HELIPAD, NEW SAIHA"
2886.0,"PUDUMPUKHURI, DIMAPUR",LAKE,NAGALAND,22.1,35.0,1.1,6.6,7.0,8.5,107.0,149.0,1.30,2.70,0.08,1.2,,,,,2019,"PUDUMPUKHURI, DIMAPUR"
2887.0,"BANGLA FISHERY, DIMAPUR",LAKE,NAGALAND,19.4,33.4,2.6,6.1,6.9,7.7,141.0,181.0,1.20,2.70,0.09,2.6,,,,,2019,"BANGLA FISHERY, DIMAPUR"
2437.0,CHILKA LAKE AT SATAPADA (RAMSAR SITE),LAKE,ODISHA,20.0,30.0,6.4,8.4,6.6,8.2,1606.0,44390.0,0.80,2.20,0.20,1.24,20,1700.0,78,3500,2019,CHILKA LAKE AT SATAPADA (RAMSAR SITE)
2438.0,ANSHUPA LAKE KADALIBARI,LAKE,ODISHA,17.0,36.0,4.9,8.1,6.6,8.4,80.0,234.0,0.80,2.10,0.11,0.98,20,3500.0,170,5400,2019,ANSHUPA LAKE KADALIBARI
3953.0,CHILKA AT RAMBHA,LAKE,ODISHA,13.0,28.0,6.2,8.5,7.4,8.4,9842.0,32150.0,1.20,2.50,0.13,4.5,2,1100.0,BDL,4900,2019,CHILKA AT RAMBHA
3954.0,TAMPADA LAKE AT CHHATRAPUR,LAKE,ODISHA,14.0,28.0,3.5,10.0,6.7,8.4,364.0,1385.0,1.80,6.60,0.12,1.31,BDL,3500.0,BDL,5400,2019,TAMPADA LAKE AT CHHATRAPUR
3955.0,ANSHUPA AT SUBARANAPUR,LAKE,ODISHA,18.0,37.0,5.6,7.9,6.6,8.0,104.0,213.0,0.70,1.90,0.13,1.15,20,1400.0,490,4300,2019,ANSHUPA AT SUBARANAPUR
3956.0,ANSHUPA AT BISHNUPUR,LAKE,ODISHA,18.0,37.0,5.2,8.6,6.5,7.8,108.0,203.0,0.30,2.80,0.11,1.49,40,4600.0,210,7000,2019,ANSHUPA AT BISHNUPUR
3957.0,ANSHUPA AT SARANDAGARH,LAKE,ODISHA,17.0,37.0,5.6,9.2,6.6,7.8,102.0,215.0,0.60,1.90,0.12,3.15,20,3300.0,130,4600,2019,ANSHUPA AT SARANDAGARH
2431.0,BINDUSAGAR ( RELIGIOUS POND OF BHUBANESWAR CITY) (NORTH) (LINGRAJ TEMPLE),POND,ODISHA,17.0,31.0,5.4,10.4,6.7,8.3,334.0,560.0,1.00,2.90,0.02,9.86,45,54000.0,170,92000,2019,BINDUSAGAR ( RELIGIOUS POND OF BHUBANESWAR CITY) (NORTH) (LINGRAJ TEMPLE)
2432.0,NARENDRA POKHARI ( RILIGIOUS POND OF PURI CITY),POND,ODISHA,20.0,29.0,2.4,11.8,7.2,8.8,707.0,1317.0,1.60,8.70,0.11,3.55,2,16000.0,BDL,16000,2019,NARENDRA POKHARI ( RILIGIOUS POND OF PURI CITY)
2433.0,MARKANDA POKHARI ( RILIGIOUS POND OF PURI CITY),POND,ODISHA,20.0,30.0,3.9,17.5,7.2,9.0,604.0,796.0,2.10,10.10,0.20,10.82,BDL,17000.0,BDL,54000,2019,MARKANDA POKHARI ( RILIGIOUS POND OF PURI CITY)
2434.0,INDRADYUMNA TANK ( RILIGIOUS POND OF PURI CITY),POND,ODISHA,20.0,30.0,2.2,10.6,7.2,8.5,278.0,653.0,1.90,6.80,0.15,2.45,20,16000.0,78,17000,2019,INDRADYUMNA TANK ( RILIGIOUS POND OF PURI CITY)
2435.0,SWETAGANGA ( RILIGIOUS POND OF PURI CITY),POND,ODISHA,21.0,29.0,2.0,17.1,6.9,9.2,246.0,1368.0,2.00,21.60,0.19,8.95,20,2400.0,45,16000,2019,SWETAGANGA ( RILIGIOUS POND OF PURI CITY)
2436.0,PARVATI SAGAR ( RILIGIOUS POND OF PURI CITY),POND,ODISHA,22.0,30.0,2.4,15.2,7.0,8.5,260.0,576.0,2.70,29.90,0.13,1.9,130,16000.0,220,22000,2019,PARVATI SAGAR ( RILIGIOUS POND OF PURI CITY)
3962.0,JAGANNATH SAGAR POND OF JEYPORE,POND,ODISHA,20.0,30.0,6.0,7.6,7.2,8.4,166.0,434.0,1.40,2.40,0.16,2.34,20,1700.0,68,4900,2019,JAGANNATH SAGAR POND OF JEYPORE
3963.0,RANIGUDA POND,POND,ODISHA,21.0,30.0,3.2,10.8,7.0,8.7,489.0,1049.0,1.30,9.80,0.17,4.72,20,16000.0,78,16000,2019,RANIGUDA POND
1396.0,OUSTERI LAKE,LAKE,PUDUCHERRY,22.0,28.0,3.6,8.9,7.6,7.8,320.0,447.0,1.70,4.20,0.02,0.11,220,300.0,500,500,2019,OUSTERI LAKE
1686.0,BAHOUR LAKE,LAKE,PUDUCHERRY,26.0,32.0,1.1,7.5,7.5,7.6,331.0,591.0,BDL,4.70,0.03,0.06,220,430.0,300,540,2019,BAHOUR LAKE
4634.0,KANAGAN LAKE,LAKE,PUDUCHERRY,24.0,35.0,6.1,9.0,7.7,8.0,128.0,341.0,1.40,2.60,0.00,0.22,780,7900.0,14000,28000,2019,KANAGAN LAKE
1297.0,"HARIKE LAKE AT HARIKE VILLAGE, PUNJAB",LAKE,PUNJAB,13.0,32.0,6.9,8.6,7.2,8.0,229.0,380.0,1.00,2.10,0.50,1.0,300,2700.0,1300,6300,2019,"HARIKE LAKE AT HARIKE VILLAGE, PUNJAB"
1382.0,"HARIKE LAKE D/S FROM CANAL, PUNJAB",LAKE,PUNJAB,13.0,32.0,5.8,8.8,7.2,8.2,194.0,410.0,1.00,3.90,0.40,1.4,360,2100.0,1000,4600,2019,"HARIKE LAKE D/S FROM CANAL, PUNJAB"
2912.0,"RANJIT SAGAR RESERVOIR, PUNJAB",LAKE,PUNJAB,10.0,28.0,7.2,8.9,7.2,7.9,152.0,226.0,BDL,1.00,0.10,0.1,26,43.0,63,84,2019,"RANJIT SAGAR RESERVOIR, PUNJAB"
1285.0,"PICHOLA LAKE AT UDAIPUR (WATER INTAKE POINT), RAJASTHAN",LAKE,RAJASTHAN,18.0,24.0,5.8,7.0,2.0,8.7,470.0,780.0,0.70,3.04,2.00,3.11,11,64.0,64,120,2019,"PICHOLA LAKE AT UDAIPUR (WATER INTAKE POINT), RAJASTHAN"
1286.0,UDAISAGAR LAKE AT UDAIPUR (INTAKE PT.) RAJASTHAN,LAKE,RAJASTHAN,18.0,26.0,5.0,7.8,7.6,8.8,860.0,1860.0,3.00,6.80,2.14,2.8,9,150.0,28,460,2019,UDAISAGAR LAKE AT UDAIPUR (INTAKE PT.) RAJASTHAN
1414.0,"PUSHKAR LAKE, RAJASTHAN",LAKE,RAJASTHAN,15.0,32.0,0.9,4.9,7.3,8.4,190.0,570.0,1.70,22.50,2.20,3.5,20,75.0,39,210,2019,"PUSHKAR LAKE, RAJASTHAN"
1481.0,"FATEH SAGAR LAKE AT UDAIPUR INTAKE POINT OF PHED, RAJASTHAN",LAKE,RAJASTHAN,18.0,22.0,5.1,8.0,8.0,8.8,480.0,880.0,1.40,2.20,1.67,2.36,11,39.0,75,150,2019,"FATEH SAGAR LAKE AT UDAIPUR INTAKE POINT OF PHED, RAJASTHAN"
1714.0,"KAYALANA JHEEL JODHPUR, RAJASTHAN",LAKE,RAJASTHAN,22.0,30.0,5.3,9.2,7.2,8.4,260.0,390.0,0.70,1.60,1.84,2.74,7,23.0,28,39,2019,"KAYALANA JHEEL JODHPUR, RAJASTHAN"
1716.0,"NAKKI LAKE, MT. ABU, RAJASTHAN",LAKE,RAJASTHAN,12.5,28.0,4.3,6.6,7.2,8.4,230.0,370.0,0.80,3.60,1.78,3.12,9,93.0,28,150,2019,"NAKKI LAKE, MT. ABU, RAJASTHAN"
2935.0,"JET SAGAR LAKE, BUNDI, RAJASTHAN",LAKE,RAJASTHAN,18.0,32.0,3.6,6.6,7.3,8.2,390.0,480.0,1.40,3.40,1.77,2.74,20,75.0,75,150,2019,"JET SAGAR LAKE, BUNDI, RAJASTHAN"
2936.0,"JAISAMAND LAKE, ALWAR, RAJASTHAN",LAKE,RAJASTHAN,25.0,26.0,5.6,5.9,7.0,7.2,150.0,290.0,0.74,1.60,1.34,1.54,7,23.0,14,64,2019,"JAISAMAND LAKE, ALWAR, RAJASTHAN"
2937.0,"SILISERH LAKE, ALWAR, RAJASTHAN",LAKE,RAJASTHAN,18.0,31.0,5.8,7.9,7.1,8.4,180.0,280.0,0.90,3.80,1.60,2.2,9,39.0,20,75,2019,"SILISERH LAKE, ALWAR, RAJASTHAN"
2938.0,"RAJSAMAND LAKE , RAJSAMAND- POINT NO. 1, RAJSAMAND, RAJASTHAN",LAKE,RAJASTHAN,16.0,22.0,2.5,5.7,7.7,8.5,480.0,650.0,1.20,2.76,1.70,2.37,11,93.0,28,240,2019,"RAJSAMAND LAKE , RAJSAMAND- POINT NO. 1, RAJSAMAND, RAJASTHAN"
2939.0,"RAJSAMAND LAKE , RAJSAMAND- POINT NO. 2, RAJSAMAND, RAJASTHAN",LAKE,RAJASTHAN,16.0,22.5,2.9,5.9,7.7,8.5,480.0,620.0,0.20,3.04,1.82,2.37,11,93.0,28,240,2019,"RAJSAMAND LAKE , RAJSAMAND- POINT NO. 2, RAJSAMAND, RAJASTHAN"
2940.0,"GAPE- SAGAR LAKE, DUNGARPUR, RAJASTHAN",LAKE,RAJASTHAN,14.0,22.0,4.5,7.5,7.6,8.4,580.0,1000.0,1.60,3.52,1.82,2.28,11,93.0,75,210,2019,"GAPE- SAGAR LAKE, DUNGARPUR, RAJASTHAN"
2941.0,"JAISAMAND LAKE, SALUMBER, UDAIPUR, POINT NO. 1, RAJASTHAN",LAKE,RAJASTHAN,16.0,22.0,6.8,7.7,7.7,8.5,510.0,660.0,0.90,2.10,1.60,2.2,11,39.0,28,148,2019,"JAISAMAND LAKE, SALUMBER, UDAIPUR, POINT NO. 1, RAJASTHAN"
2942.0,"JAISAMAND LAKE, SALUMBER, UDAIPUR, POINT NO. 2, RAJASTHAN",LAKE,RAJASTHAN,16.0,22.0,7.0,7.8,7.7,8.6,510.0,630.0,0.60,1.90,1.68,2.1,9,64.0,28,120,2019,"JAISAMAND LAKE, SALUMBER, UDAIPUR, POINT NO. 2, RAJASTHAN"
2943.0,"LODHA TALAB, BANSWARA- DUNGARPUR ROAD, BANSWARA, RAJASTHAN",LAKE,RAJASTHAN,13.0,30.0,3.5,5.1,7.5,8.3,640.0,1320.0,1.30,5.70,1.46,3.15,23,150.0,120,240,2019,"LODHA TALAB, BANSWARA- DUNGARPUR ROAD, BANSWARA, RAJASTHAN"
2944.0,"JALMAHAL, JAIPUR, RAJASTHAN",LAKE,RAJASTHAN,15.0,27.0,0.5,5.3,7.9,9.0,2500.0,5000.0,5.00,28.20,2.21,3.12,39,240.0,120,460,2019,"JALMAHAL, JAIPUR, RAJASTHAN"
4795.0,"NELA TALAB, SECTOR-14 HIRAN MARG, UDAIPUR",LAKE,RAJASTHAN,18.0,26.0,3.4,5.5,8.0,8.9,540.0,2100.0,2.10,8.40,1.14,2.28,20,240.0,75,460,2019,"NELA TALAB, SECTOR-14 HIRAN MARG, UDAIPUR"
4179.0,"BADI KA TALAB, UDAIPUR",POND,RAJASTHAN,18.0,24.0,4.0,7.8,7.4,8.7,370.0,1130.0,1.20,3.40,1.76,2.46,9,64.0,28,210,2019,"BADI KA TALAB, UDAIPUR"
1420.0,"KODAI KANAL LAKE, TAMILNADU",LAKE,TAMIL NADU,17.0,25.0,6.3,7.2,6.5,7.7,107.0,130.0,2.30,5.60,0.00,3.55,46,63.0,63,84,2019,"KODAI KANAL LAKE, TAMILNADU"
1421.0,"UDHAGAMADALEM LAKE (OOTY), TAMILNADU",LAKE,TAMIL NADU,16.0,23.0,4.6,7.2,6.6,7.8,5.0,629.0,0.60,8.40,0.20,19.9,170,700.0,390,2200,2019,"UDHAGAMADALEM LAKE (OOTY), TAMILNADU"
1452.0,"YERCAUD LAKE, SALEM, TAMILNADU",LAKE,TAMIL NADU,20.0,27.0,4.7,7.1,6.7,7.9,338.0,561.0,1.30,4.80,0.03,3.87,79,680.0,240,1700,2019,"YERCAUD LAKE, SALEM, TAMILNADU"
3007.0,"VEERANAM LAKE AT CUDDALORE, TAMILNADU",LAKE,TAMIL NADU,21.0,37.0,4.2,6.9,7.4,8.6,288.0,683.0,0.90,12.00,0.08,4.38,22,220.0,70,540,2019,"VEERANAM LAKE AT CUDDALORE, TAMILNADU"
3008.0,"POONDI LAKE AT THIRUVALLUR, TAMILNADU",LAKE,TAMIL NADU,0.0,31.0,4.0,7.4,7.0,8.3,531.0,941.0,0.00,14.00,0.00,3.05,BDL,1100.0,BDL,9200,2019,"POONDI LAKE AT THIRUVALLUR, TAMILNADU"
3009.0,"REDD HILLS AT THIRUVALLUR, TAMILNADU",LAKE,TAMIL NADU,29.2,31.0,3.0,7.8,6.6,8.6,420.0,2360.0,2.00,12.00,0.00,2.05,2,250.0,BDL,2790,2019,"REDD HILLS AT THIRUVALLUR, TAMILNADU"
3010.0,"PORUR LAKE AT THIRUVALLUR, TAMILNADU",LAKE,TAMIL NADU,30.0,31.0,3.0,8.0,6.9,9.6,751.0,1950.0,2.00,16.00,0.00,2.8,BDL,390.0,BDL,2800,2019,"PORUR LAKE AT THIRUVALLUR, TAMILNADU"
3011.0,"PULICATE LAKE AT THIRUVALLUR, TAMILNADU",LAKE,TAMIL NADU,24.0,31.0,3.1,6.5,6.1,8.3,24200.0,59500.0,2.00,9.00,0.00,3.05,2,680.0,BDL,930,2019,"PULICATE LAKE AT THIRUVALLUR, TAMILNADU"
4823.0,"OVER HEAD TANK AT TIRUR VILLAGE, TIRUVALLUR TALUK, TIRUVALLUR PANCHAYAT UN",TANK,TAMIL NADU,,,2.7,7.0,6.9,7.6,945.0,1053.0,2.00,5.00,0.18,0.65,BDL,78.0,BDL,330,2019,"OVER HEAD TANK AT TIRUR VILLAGE, TIRUVALLUR TALUK, TIRUVALLUR PANCHAYAT UN"
1391.0,"HUSSAIN SAGAR LAKE, BUDAMERU",LAKE,TELANGANA,21.0,29.0,0.1,5.1,7.0,7.9,1080.0,1786.0,10.00,32.00,0.00,21.0,20,920.0,240,1600,2019,"HUSSAIN SAGAR LAKE, BUDAMERU"
1788.0,"SAROORNAGAR , RANGA REDDY DIST.",LAKE,TELANGANA,24.0,30.0,0.0,0.1,7.2,7.6,1360.0,1610.0,28.00,39.00,7.00,11.7,2,70.0,BDL,540,2019,"SAROORNAGAR , RANGA REDDY DIST."
1789.0,"HIMAYAT SAGAR LAKE , R.R.DIST.",LAKE,TELANGANA,25.0,30.0,4.4,6.0,7.2,8.3,380.0,444.0,2.00,4.00,0.00,9.0,2,8.0,BDL,80,2019,"HIMAYAT SAGAR LAKE , R.R.DIST."
2340.0,"LAXMINARAYANA CHERUVU AT EDULABAD, RANGAREDDY",LAKE,TELANGANA,24.0,30.0,0.0,2.8,7.2,7.8,1316.0,1819.0,10.00,28.00,3.20,6.0,14,34.0,280,470,2019,"LAXMINARAYANA CHERUVU AT EDULABAD, RANGAREDDY"
2341.0,"MIRALAM LAKE NEAR ZOO PARK, RANGAREDDY",LAKE,TELANGANA,25.0,30.0,BDL,2.4,6.9,7.6,1503.0,1759.0,10.00,26.00,3.02,11.0,22,36.0,320,430,2019,"MIRALAM LAKE NEAR ZOO PARK, RANGAREDDY"
2342.0,"NOOR MD. KUNTA, KATTEDAN, RANGAREDDY",LAKE,TELANGANA,26.0,30.0,0.0,0.1,7.2,7.7,2132.0,2980.0,36.00,54.00,4.58,19.0,20,94.0,350,540,2019,"NOOR MD. KUNTA, KATTEDAN, RANGAREDDY"
3068.0,"RAMAPPA LAKE, WARANGAL",LAKE,TELANGANA,25.0,30.0,5.0,6.7,7.3,8.1,242.0,340.0,2.00,3.00,0.00,2.0,2,2.0,BDL,42,2019,"RAMAPPA LAKE, WARANGAL"
3069.0,"SHAMEERPET LAKE, SHAMEERPET, RANGA REDDY",LAKE,TELANGANA,23.0,30.0,3.8,5.2,7.0,7.9,578.0,820.0,3.00,4.00,0.26,2.3,2,2.0,BDL,38,2019,"SHAMEERPET LAKE, SHAMEERPET, RANGA REDDY"
3070.0,"FOX SAGAR, JEEDIMETLA, RANGA REDDY",LAKE,TELANGANA,26.0,30.0,0.1,1.5,7.1,7.9,1420.0,1883.0,12.00,22.00,2.20,5.2,11,40.0,330,540,2019,"FOX SAGAR, JEEDIMETLA, RANGA REDDY"
3071.0,"LANGARHOUSE LAKE, HYDERABAD",LAKE,TELANGANA,27.0,30.0,0.0,0.1,7.1,7.8,1032.0,1511.0,14.00,26.00,3.28,8.0,8,62.0,350,590,2019,"LANGARHOUSE LAKE, HYDERABAD"
3072.0,"SAFILGUDA LAKE, RANGA REDDY",LAKE,TELANGANA,23.0,30.0,0.0,0.1,7.0,7.7,1269.0,1762.0,16.00,28.00,3.20,18.0,20,26.0,320,580,2019,"SAFILGUDA LAKE, RANGA REDDY"
3073.0,"HASMATHPET LAKE, HASMATHPET, RANGA REDDY",LAKE,TELANGANA,22.0,30.0,0.0,1.0,6.9,7.8,1167.0,1666.0,12.00,42.00,8.00,26.0,20,28.0,350,560,2019,"HASMATHPET LAKE, HASMATHPET, RANGA REDDY"
3074.0,"BANJARA LAKE, BANJARA HILLS, RANGA REDDY",LAKE,TELANGANA,25.0,32.0,0.0,1.8,7.2,7.8,916.0,1360.0,6.00,30.00,1.60,4.0,4,40.0,280,540,2019,"BANJARA LAKE, BANJARA HILLS, RANGA REDDY"
4229.0,NEKNAMPUR LAKE,LAKE,TELANGANA,25.0,30.0,0.0,1.0,7.1,7.8,1234.0,2295.0,18.00,36.00,2.00,18.2,17,90.0,220,540,2019,NEKNAMPUR LAKE
4234.0,"UMDA SAGAR LAKE, SHAMSHABAD",LAKE,TELANGANA,27.0,30.0,0.0,5.7,7.3,8.6,1113.0,1610.0,8.00,28.00,2.00,12.0,20,120.0,320,540,2019,"UMDA SAGAR LAKE, SHAMSHABAD"
4235.0,LAKE KAMUNI ( SHAMSHABAD LAKE),LAKE,TELANGANA,23.0,35.0,0.0,6.8,7.1,8.2,1037.0,2332.0,5.20,36.00,3.61,14.5,2,180.0,BDL,490,2019,LAKE KAMUNI ( SHAMSHABAD LAKE)
4667.0,"SURRAM CHERUVU (PALLE CHERUVU), BANDLAGUDA (V), BANDLAGUDA (NEW MANDAL)",LAKE,TELANGANA,23.0,30.0,0.0,0.1,6.9,7.6,1720.0,2967.0,32.00,62.00,1.00,33.24,20,49.0,330,920,2019,"SURRAM CHERUVU (PALLE CHERUVU), BANDLAGUDA (V), BANDLAGUDA (NEW MANDAL)"
4668.0,"CHINNARAYAN CHERUVU, ALWAL (V)",LAKE,TELANGANA,25.0,30.0,0.0,2.8,7.1,8.4,1206.0,1790.0,30.00,60.00,19.00,73.62,14,49.0,220,430,2019,"CHINNARAYAN CHERUVU, ALWAL (V)"
4669.0,"PEDDA CHERUVU, GANGARAM (V) SERLINGAMPALLY (NEW MANDAL)",LAKE,TELANGANA,28.0,28.0,0.1,2.0,7.0,8.0,1783.0,1916.0,24.00,28.00,12.00,18.0,2,26.0,BDL,430,2019,"PEDDA CHERUVU, GANGARAM (V) SERLINGAMPALLY (NEW MANDAL)"
4672.0,"MEDI KUNTA (WIPRO LAKE), NANAKRAMGUDA",LAKE,TELANGANA,22.0,31.0,0.1,3.6,6.7,7.9,1122.0,1756.0,14.00,30.00,8.00,24.46,2,22.0,BDL,500,2019,"MEDI KUNTA (WIPRO LAKE), NANAKRAMGUDA"
4673.0,"MEEDI KUNTA (BK ENCLAVE LAKE), MAQTA MAHBOOBPET, (MADEENAGUDA)",LAKE,TELANGANA,25.0,30.0,0.0,2.8,6.8,7.8,896.0,1280.0,8.00,16.00,2.40,13.0,16,32.0,220,430,2019,"MEEDI KUNTA (BK ENCLAVE LAKE), MAQTA MAHBOOBPET, (MADEENAGUDA)"
4674.0,"MEEDI KUNTA, HAFEEZPET (V)",LAKE,TELANGANA,28.0,29.0,0.1,0.1,7.1,7.9,1020.0,1440.0,14.00,22.00,0.70,9.0,20,22.0,220,350,2019,"MEEDI KUNTA, HAFEEZPET (V)"
4676.0,"BANDA CHERUVU, MALKAJIGIRI (V), MALKAJIGIRI (NEW MANDAL)",LAKE,TELANGANA,26.0,30.0,0.1,5.4,6.9,7.9,1271.0,1739.0,28.00,44.00,16.00,56.46,BDL,32.0,BDL,430,2019,"BANDA CHERUVU, MALKAJIGIRI (V), MALKAJIGIRI (NEW MANDAL)"
4681.0,"PHAKAL CHERUVU, NARSAMPET",LAKE,TELANGANA,26.0,29.0,5.8,6.8,7.1,8.0,218.0,273.0,2.00,3.00,0.10,2.0,2,2.0,BDL,18,2019,"PHAKAL CHERUVU, NARSAMPET"
4682.0,"BANDAM CHERUVU, HANAMKONDA",LAKE,TELANGANA,26.0,30.0,0.0,2.2,7.2,8.1,1323.0,1694.0,6.00,30.00,10.00,21.0,20,212.0,220,540,2019,"BANDAM CHERUVU, HANAMKONDA"
4683.0,"PEDDA CHERUVU, MADIKONDA",LAKE,TELANGANA,3.6,29.0,1.2,7.6,7.0,7.6,470.0,734.0,3.00,4.00,0.30,2.6,2,35.0,BDL,340,2019,"PEDDA CHERUVU, MADIKONDA"
4684.0,"CAMPUS LAKE, ICRISAT",LAKE,TELANGANA,23.0,28.0,2.0,7.0,6.6,7.5,169.0,799.0,1.60,4.80,2.23,9.4,2,40.0,220,720,2019,"CAMPUS LAKE, ICRISAT"
4685.0,SURISIGAL LAKE ICRISAT,LAKE,TELANGANA,23.0,25.0,5.4,7.3,6.7,7.4,456.0,2586.0,3.00,12.00,3.29,22.47,2,6.0,140,540,2019,SURISIGAL LAKE ICRISAT
4686.0,"ICRISAT LAKE, ICRISAT",LAKE,TELANGANA,23.0,25.0,4.1,7.1,6.8,7.4,517.0,1447.0,2.60,13.00,6.35,14.48,2,7.0,BDL,1400,2019,"ICRISAT LAKE, ICRISAT"
4687.0,"RED LAKE, ICRISAT",LAKE,TELANGANA,24.0,25.0,4.7,7.4,6.7,7.4,637.0,1184.0,2.00,22.00,5.42,19.57,2,60.0,280,12000,2019,"RED LAKE, ICRISAT"
4688.0,NARINJA LAKE,LAKE,TELANGANA,24.0,24.0,6.2,6.5,7.1,7.4,443.0,641.0,2.00,2.70,8.38,10.3,2,2.0,BDL,BDL,2019,NARINJA LAKE
4690.0,"BANJARA KUNTA (SINGADI KUNTA(, SHAIKPET",LAKE,TELANGANA,25.0,29.0,1.2,4.5,7.0,7.5,520.0,980.0,6.00,14.00,5.00,26.47,3,17.0,154,330,2019,"BANJARA KUNTA (SINGADI KUNTA(, SHAIKPET"
4691.0,"NAGOLE CHERUVU, UPPAL (V)",LAKE,TELANGANA,27.0,28.0,0.1,2.0,7.3,7.4,1172.0,1252.0,8.00,14.00,8.00,18.0,28,32.0,350,430,2019,"NAGOLE CHERUVU, UPPAL (V)"
4692.0,"RAMANTHAPUR CHERUVU, UPPAL (V)",LAKE,TELANGANA,27.0,28.0,1.2,2.0,7.1,7.5,910.0,1027.0,10.00,12.00,9.00,18.0,18,20.0,330,350,2019,"RAMANTHAPUR CHERUVU, UPPAL (V)"
4693.0,"PATEL CHERUVU, UPPAL (V)",LAKE,TELANGANA,26.0,28.0,0.1,1.8,7.1,7.6,820.0,1152.0,12.00,18.00,2.60,3.8,11,28.0,318,350,2019,"PATEL CHERUVU, UPPAL (V)"
4694.0,"MUNDLA KATWA, MOOSAPET (V), KUKATPALLY",LAKE,TELANGANA,26.0,29.0,0.1,3.2,6.9,7.9,1286.0,1709.0,16.00,44.00,8.00,22.45,8,26.0,326,1200,2019,"MUNDLA KATWA, MOOSAPET (V), KUKATPALLY"
4695.0,"KHAJA KUNTA, KUKATPALLY (V)",LAKE,TELANGANA,27.0,29.0,0.0,2.1,7.1,7.7,1308.0,1633.0,60.00,63.00,12.00,72.3,17,39.0,350,1600,2019,"KHAJA KUNTA, KUKATPALLY (V)"
4696.0,"PARKI CHERUVU, KUKATPALLY (V), BALANAGAR",LAKE,TELANGANA,26.0,29.0,0.0,2.7,7.1,7.9,1213.0,2053.0,20.00,38.00,3.20,88.54,2,70.0,BDL,540,2019,"PARKI CHERUVU, KUKATPALLY (V), BALANAGAR"
4697.0,"MUKKIDI CHERUVU (RAMAKRISHNAPURAM LAKE), MALKAJIGRI",LAKE,TELANGANA,26.0,29.0,0.0,0.1,8.0,8.3,1180.0,1300.0,25.00,28.00,47.00,48.8,2,2.0,20,21,2019,"MUKKIDI CHERUVU (RAMAKRISHNAPURAM LAKE), MALKAJIGRI"
4698.0,"MANNEVARI KUNTA, MACHABOLLARAM (V) ALWAL",LAKE,TELANGANA,27.0,30.0,1.2,1.5,7.0,7.1,2200.0,2216.0,50.00,53.00,51.87,52.0,2,32.0,300,350,2019,"MANNEVARI KUNTA, MACHABOLLARAM (V) ALWAL"
4699.0,"KAPRAI CHERUVU, SAHEBNAGAR (V), HAYATHNAGAR",LAKE,TELANGANA,27.0,27.0,2.8,3.0,6.7,7.8,320.0,380.0,3.00,3.00,2.20,2.8,2,2.0,BDL,BDL,2019,"KAPRAI CHERUVU, SAHEBNAGAR (V), HAYATHNAGAR"
4701.0,"LINGAM KUNTA, CHANDANAGAR (V) SERLINGAMPALLY",LAKE,TELANGANA,27.0,30.0,0.0,1.0,6.8,7.7,1420.0,1570.0,18.00,28.00,11.00,18.0,17,34.0,260,430,2019,"LINGAM KUNTA, CHANDANAGAR (V) SERLINGAMPALLY"
4702.0,"PEDDA CHERUVU - KHAJA GUDA, KHJAGUDA (V), SERLINGAMPALLY 9NEW MANDAL)",LAKE,TELANGANA,27.0,34.0,0.1,3.6,6.8,8.2,1052.0,1989.0,10.00,38.00,2.78,29.5,26,240.0,430,1140,2019,"PEDDA CHERUVU - KHAJA GUDA, KHJAGUDA (V), SERLINGAMPALLY 9NEW MANDAL)"
4705.0,"KOTHA CHERUVU (ALWAL CHERUVU), ALWAL (V)",LAKE,TELANGANA,26.0,30.0,0.1,3.8,7.1,8.2,1382.0,2113.0,10.00,78.00,24.00,89.11,18,33.0,280,430,2019,"KOTHA CHERUVU (ALWAL CHERUVU), ALWAL (V)"
4677.0,"LINGAM CHERUVU, SURARAM (V), QUTHUBULLAPUR",LAKE,TELANGANA,27.0,29.0,0.1,3.2,7.1,7.6,1660.0,2047.0,24.00,50.00,16.00,48.2,2,28.0,BDL,350,2019,"LINGAM CHERUVU, SURARAM (V), QUTHUBULLAPUR"
4678.0,"PATEL CHERUVU, NACHARAM (V), UPPAL (NEW MANDAL)",LAKE,TELANGANA,27.0,29.0,0.1,1.0,7.2,7.5,1409.0,1604.0,32.00,52.00,8.00,30.0,22,28.0,350,540,2019,"PATEL CHERUVU, NACHARAM (V), UPPAL (NEW MANDAL)"
4679.0,HUDA PARK LAKE/ BUMRUKH KHAN DOWLA,LAKE,TELANGANA,22.0,40.0,0.0,1.0,7.2,7.6,1510.0,2152.0,22.00,42.00,0.98,4.6,22,58.0,350,430,2019,HUDA PARK LAKE/ BUMRUKH KHAN DOWLA
4680.0,"LAKNAVARAM CHERUVU, MULUGU (V)",LAKE,TELANGANA,26.0,30.0,5.6,6.8,7.4,8.9,140.0,318.0,2.00,3.00,0.10,2.5,2,2.0,BDL,BDL,2019,"LAKNAVARAM CHERUVU, MULUGU (V)"
2344.0,"NALLA CHERUVU, RANGAREDDY",POND,TELANGANA,26.0,26.0,0.1,0.1,7.2,7.2,1507.0,1507.0,38.00,38.00,6.00,6.0,14,14.0,350,350,2019,"NALLA CHERUVU, RANGAREDDY"
2345.0,"SAI CHERUVU, NEAR TANNERY INDUSTRIES, DESAIPET, WARANGAL",POND,TELANGANA,26.0,29.0,0.0,0.1,7.0,7.9,6570.0,12256.0,122.00,202.00,8.00,13.0,22,160.0,350,540,2019,"SAI CHERUVU, NEAR TANNERY INDUSTRIES, DESAIPET, WARANGAL"
2346.0,"BHADRAKALI CHERUVU, BHADRAKALI TEMPLE, WARANGAL",POND,TELANGANA,26.0,30.0,5.4,6.1,7.4,8.2,390.0,548.0,2.00,3.00,0.00,2.8,2,2.0,BDL,50,2019,"BHADRAKALI CHERUVU, BHADRAKALI TEMPLE, WARANGAL"
2347.0,"ASANI KUNTA, KAJIPALLY, MEDAK",POND,TELANGANA,21.0,26.0,0.0,0.1,6.5,7.4,3064.0,15750.0,77.00,286.00,7.75,94.81,2,10.0,BDL,350,2019,"ASANI KUNTA, KAJIPALLY, MEDAK"
2357.0,DURGAM CHERUVU,POND,TELANGANA,25.0,30.0,0.1,3.0,1.4,7.8,1060.0,1260.0,10.00,18.00,3.03,5.6,14,32.0,320,440,2019,DURGAM CHERUVU
2359.0,PEDDA CHERUVU,POND,TELANGANA,25.0,30.0,BDL,3.2,7.2,8.3,376.0,1672.0,18.00,40.00,0.40,21.5,14,86.0,320,540,2019,PEDDA CHERUVU
3075.0,"RANGADHAMUNI CHERUVU, RANGA REDDY",POND,TELANGANA,25.0,30.0,0.0,1.0,7.2,7.8,1080.0,1690.0,10.00,24.00,1.40,4.0,20,58.0,22,560,2019,"RANGADHAMUNI CHERUVU, RANGA REDDY"
3076.0,"AMBER CHERUVU, KUKATPALLY, RANGA REDDY",POND,TELANGANA,26.0,30.0,0.0,0.1,7.0,7.8,1520.0,1763.0,24.00,68.00,3.72,29.0,19,32.0,290,450,2019,"AMBER CHERUVU, KUKATPALLY, RANGA REDDY"
3077.0,"KAPRA CHERUVU, KAPRA, RANGA REDDY",POND,TELANGANA,22.0,30.0,BDL,2.2,7.0,7.8,1401.0,1812.0,12.00,26.00,5.60,10.0,16,217.0,280,540,2019,"KAPRA CHERUVU, KAPRA, RANGA REDDY"
3078.0,"PRAGATHINAGAR CHERUVU, KUKATPALLY, RANGA REDDY",POND,TELANGANA,26.0,30.0,0.0,4.1,7.0,7.5,594.0,1682.0,3.00,40.00,0.40,20.0,2,40.0,BDL,430,2019,"PRAGATHINAGAR CHERUVU, KUKATPALLY, RANGA REDDY"
4665.0,"OUTLET OF KTPP ASH POND JOINING TO MORANCHA VAGU, CHELPUR, GHANPUR",POND,TELANGANA,27.0,30.0,4.5,5.2,7.4,8.3,673.0,944.0,3.00,4.00,0.42,1.0,2,2.0,BDL,BDL,2019,"OUTLET OF KTPP ASH POND JOINING TO MORANCHA VAGU, CHELPUR, GHANPUR"
4675.0,"LOTUS POND, HAKIMPET (V), SHAIK PET (NEW MANDAL)",POND,TELANGANA,23.0,29.0,0.1,6.2,7.1,8.0,720.0,986.0,8.00,18.00,2.60,33.08,20,33.0,153,350,2019,"LOTUS POND, HAKIMPET (V), SHAIK PET (NEW MANDAL)"
1447.0,DHARMASAGAR TANK NEAR WARANGAL,TANK,TELANGANA,26.0,39.0,5.2,5.9,7.2,8.4,294.0,393.0,3.00,3.00,0.10,0.8,2,2.0,BDL,26,2019,DHARMASAGAR TANK NEAR WARANGAL
1464.0,BIBINAGAR TANK,TANK,TELANGANA,17.0,24.0,5.4,7.3,6.2,7.8,443.0,2129.0,2.80,5.00,6.30,16.39,2,8.0,BDL,140,2019,BIBINAGAR TANK
1780.0,"GANDIGUDEM TANK , MEDAK DISTRICT",TANK,TELANGANA,18.0,30.0,1.3,7.2,6.8,7.7,1840.0,4100.0,2.00,16.00,12.37,28.3,2,2.0,BDL,50,2019,"GANDIGUDEM TANK , MEDAK DISTRICT"
1783.0,"KISTAREDDYPET TANK , MEDAK DIST.",TANK,TELANGANA,21.0,26.0,5.5,6.9,6.4,7.6,2441.0,6350.0,3.40,14.00,9.28,38.55,2,6.0,BDL,210,2019,"KISTAREDDYPET TANK , MEDAK DIST."
2343.0,"PREMAJIPET TANK, KATTEDAN, RANGAREDDY",TANK,TELANGANA,23.0,30.0,0.0,0.1,6.9,8.0,3072.0,5490.0,26.00,52.00,10.00,18.0,14,130.0,350,560,2019,"PREMAJIPET TANK, KATTEDAN, RANGAREDDY"
2348.0,"KAJIPALLY TANK, KAJIPALLY, MEDAK",TANK,TELANGANA,21.0,23.0,5.1,6.8,6.7,7.4,2021.0,3170.0,2.40,3.00,15.30,23.29,2,2.0,BDL,BDL,2019,"KAJIPALLY TANK, KAJIPALLY, MEDAK"
2358.0,MALLAPUR TANK,TANK,TELANGANA,26.0,31.0,0.0,0.9,7.1,8.0,1524.0,2097.0,24.00,48.00,2.60,14.0,20,94.0,350,860,2019,MALLAPUR TANK
3084.0,"WADDEPALLY TANK, KAZIPET, WARANGAL",TANK,TELANGANA,27.0,39.0,4.6,5.9,7.0,8.1,588.0,741.0,3.00,6.00,0.40,0.83,2,2.0,BDL,43,2019,"WADDEPALLY TANK, KAZIPET, WARANGAL"
3085.0,"CHINNA WADDEPALLY TANK, WARANGAL",TANK,TELANGANA,26.0,29.0,0.0,3.8,7.1,8.0,1380.0,1890.0,14.00,30.00,0.58,4.7,22,70.0,350,432,2019,"CHINNA WADDEPALLY TANK, WARANGAL"
3086.0,"SAKI TANK, PATANCHERU, RANGA REDDY",TANK,TELANGANA,18.0,29.0,6.0,7.5,6.4,7.9,282.0,2129.0,2.00,3.00,0.26,28.48,2,2.0,BDL,50,2019,"SAKI TANK, PATANCHERU, RANGA REDDY"
4222.0,"KONERU, KONDAGATTU TEMPLE, JAGITIYAL",TANK,TELANGANA,23.0,30.0,2.0,2.8,7.2,8.0,810.0,1122.0,6.00,12.00,2.00,3.9,11,23.0,220,350,2019,"KONERU, KONDAGATTU TEMPLE, JAGITIYAL"
4223.0,"VEMULAWADA TEMPLE KONERU, KARIMNAGAR",TANK,TELANGANA,24.0,30.0,1.4,2.6,7.0,7.8,923.0,1348.0,6.00,18.00,1.20,4.2,11,33.0,220,430,2019,"VEMULAWADA TEMPLE KONERU, KARIMNAGAR"
4225.0,"JOGULAMBA TEMPLE, GADWAL",TANK,TELANGANA,22.0,30.0,4.0,6.5,7.3,8.6,383.0,950.0,2.10,3.00,0.11,9.21,2,2.0,BDL,18,2019,"JOGULAMBA TEMPLE, GADWAL"
4228.0,"IBRAHIM CHERUVU, RAJENDRA NAGAR",TANK,TELANGANA,28.0,28.0,0.0,BDL,7.2,7.6,1669.0,1858.0,28.00,34.00,15.10,17.2,46,80.0,350,390,2019,"IBRAHIM CHERUVU, RAJENDRA NAGAR"
4230.0,"KISTAIPALLY TANK, KAZIPET, WARANGAL",TANK,TELANGANA,21.0,26.0,6.0,6.9,6.7,7.4,1160.0,1498.0,2.00,3.00,5.41,12.0,2,2.0,BDL,BDL,2019,"KISTAIPALLY TANK, KAZIPET, WARANGAL"
4231.0,"RAYAM CHERUVU, BONTHAPALLY VILLAGE, JINNARAM MANDAL, SANGAREDDY DISTRICT",TANK,TELANGANA,21.0,27.0,5.1,7.2,6.7,7.4,336.0,4750.0,2.00,4.20,2.36,23.22,2,2.0,BDL,32,2019,"RAYAM CHERUVU, BONTHAPALLY VILLAGE, JINNARAM MANDAL, SANGAREDDY DISTRICT"
4232.0,"KOMATI CHERUVU, SIDDIPET TOWN, SIDIPET DISTRICT",TANK,TELANGANA,19.0,30.0,6.1,7.2,6.6,7.9,678.0,1037.0,2.00,5.20,7.32,19.47,2,8.0,BDL,40,2019,"KOMATI CHERUVU, SIDDIPET TOWN, SIDIPET DISTRICT"
4233.0,"GADDAPOTHARAM CHERUVU, GADDAPOTHARAM VILLAGE, JINNARAM MANDAL, SANGAREDDY DIST",TANK,TELANGANA,21.0,27.0,4.5,5.5,6.5,7.5,4860.0,8960.0,6.30,26.00,20.62,45.43,2,4.0,BDL,70,2019,"GADDAPOTHARAM CHERUVU, GADDAPOTHARAM VILLAGE, JINNARAM MANDAL, SANGAREDDY DIST"
4237.0,"MULLAKATWA CHERUVU, JI TECH CITY, MADHAPUR,",TANK,TELANGANA,22.0,30.0,0.0,1.0,7.1,8.2,1371.0,1940.0,18.00,38.00,13.00,22.0,34,72.0,350,540,2019,"MULLAKATWA CHERUVU, JI TECH CITY, MADHAPUR,"
4238.0,"AMEENPUR CHERUVU, AMEENPUR (V & M) SANGAREDDY DISTRICT",TANK,TELANGANA,23.0,28.0,5.1,6.5,7.0,7.4,1114.0,1992.0,3.20,12.00,5.24,23.62,2,18.0,BDL,230,2019,"AMEENPUR CHERUVU, AMEENPUR (V & M) SANGAREDDY DISTRICT"
4239.0,MAHABOOBSAGAR TANK SANGAREDDY (V & M) SANGAREDDY DISTRICT,TANK,TELANGANA,22.0,24.0,5.5,6.7,7.2,7.5,1060.0,1804.0,2.20,8.00,9.29,18.4,2,4.0,BDL,70,2019,MAHABOOBSAGAR TANK SANGAREDDY (V & M) SANGAREDDY DISTRICT
4241.0,"CHITKUL TANK, CHITKUL (V) PATANCHERU (M) SANGAREDDY DISTRICT",TANK,TELANGANA,23.0,26.0,4.9,6.2,6.6,7.6,1110.0,4550.0,2.80,10.00,7.32,28.37,2,2.0,BDL,40,2019,"CHITKUL TANK, CHITKUL (V) PATANCHERU (M) SANGAREDDY DISTRICT"
4242.0,"LAKADARAM CHERUVU, LAKADARAM (V) PATANCHERU (M) SANGAREDDY DISTRICT",TANK,TELANGANA,22.0,26.0,4.9,5.3,6.9,7.3,1190.0,1233.0,3.40,4.00,8.37,9.43,2,2.0,BDL,BDL,2019,"LAKADARAM CHERUVU, LAKADARAM (V) PATANCHERU (M) SANGAREDDY DISTRICT"
4243.0,"ISNAPUR TANK, ISNAPUR (V) PATANCHERU 9M) SANGAREDDY DISTRICT",TANK,TELANGANA,23.0,25.0,4.6,6.7,6.5,7.6,3370.0,15300.0,5.60,54.00,21.40,61.93,2,6.0,BDL,210,2019,"ISNAPUR TANK, ISNAPUR (V) PATANCHERU 9M) SANGAREDDY DISTRICT"
4244.0,"YERDANOOR TANK, YERDANOOR (V) SANGAREDDY DISTRICT",TANK,TELANGANA,22.0,24.0,5.8,7.2,6.6,7.8,590.0,3200.0,2.00,36.00,7.59,40.2,2,2.0,BDL,26,2019,"YERDANOOR TANK, YERDANOOR (V) SANGAREDDY DISTRICT"
4245.0,MALLEPALLY TANK MALLEPALLY (V) KONDAPUR (M) SANGAREDDY DISTRICT,TANK,TELANGANA,23.0,25.0,4.9,6.5,7.3,7.9,1598.0,3150.0,3.40,8.00,10.37,38.3,2,2.0,BDL,40,2019,MALLEPALLY TANK MALLEPALLY (V) KONDAPUR (M) SANGAREDDY DISTRICT
4247.0,"MUCHARLA NAGARAM CHERUVU, WARANGAL",TANK,TELANGANA,25.0,31.0,0.1,3.2,6.7,8.2,698.0,1739.0,6.00,26.00,0.37,14.0,11,60.0,110,540,2019,"MUCHARLA NAGARAM CHERUVU, WARANGAL"
4248.0,"KOTI CHERUVU, HANAMKONDA, WARANGAL",TANK,TELANGANA,26.0,30.0,0.1,5.6,6.8,7.9,996.0,1406.0,4.00,18.00,0.50,22.0,10,32.0,280,350,2019,"KOTI CHERUVU, HANAMKONDA, WARANGAL"
4249.0,"RANGASAMUDRAM, WARANGAL",TANK,TELANGANA,26.0,30.0,BDL,1.6,7.2,7.8,1015.0,1893.0,12.00,28.00,2.00,6.0,20,350.0,230,540,2019,"RANGASAMUDRAM, WARANGAL"
4302.0,"RUDRARAM TANK, RUDRARAM (V)PATANCHERU (M) SANGAREDDY DISTRICT",TANK,TELANGANA,22.0,25.0,5.6,6.9,6.1,7.4,1085.0,3560.0,2.20,12.00,6.17,42.43,2,2.0,BDL,40,2019,"RUDRARAM TANK, RUDRARAM (V)PATANCHERU (M) SANGAREDDY DISTRICT"
4689.0,"SUNNAM KUNTA, JUBILLE HILLS",TANK,TELANGANA,26.0,29.0,1.2,2.1,6.9,7.6,940.0,1114.0,6.00,63.00,5.20,35.36,3,49.0,164,540,2019,"SUNNAM KUNTA, JUBILLE HILLS"
4700.0,"LARGE TANK, SAROORNAGAR (V)",TANK,TELANGANA,27.0,30.0,0.0,1.0,7.1,7.6,1468.0,1603.0,24.00,28.00,7.00,12.0,2,26.0,BDL,350,2019,"LARGE TANK, SAROORNAGAR (V)"
4703.0,"BULBUL KUNTA, LAXMI NAGAR (V), RAJENDRANAGAR",TANK,TELANGANA,22.0,35.0,0.0,1.2,7.2,7.8,1220.0,2206.0,8.00,28.00,5.80,18.0,17,63.0,350,430,2019,"BULBUL KUNTA, LAXMI NAGAR (V), RAJENDRANAGAR"
4704.0,"PEDDA CHERUVU, MANSOORABAD (V), SAROORNAGAR",TANK,TELANGANA,27.0,30.0,0.0,1.0,7.1,7.9,1380.0,1782.0,20.00,34.00,2.60,24.0,20,58.0,25,430,2019,"PEDDA CHERUVU, MANSOORABAD (V), SAROORNAGAR"
1727.0,"LAXMI NARAYAN BARI PALACE COMPOUND, TRIPURA",LAKE,TRIPURA,21.0,28.0,6.2,6.9,6.7,8.0,108.0,194.0,0.40,2.70,0.19,0.32,94,150.0,150,220,2019,"LAXMI NARAYAN BARI PALACE COMPOUND, TRIPURA"
1728.0,"RUDRASAGAR, SONUMURA, TRIPURA",LAKE,TRIPURA,20.5,27.0,6.7,7.2,6.5,7.5,106.0,194.0,1.20,2.90,0.22,0.39,70,130.0,170,240,2019,"RUDRASAGAR, SONUMURA, TRIPURA"
3391.0,"DHAMBUR LAKE, DHALAI",LAKE,TRIPURA,20.5,28.0,6.3,7.6,6.7,7.9,105.0,248.0,0.80,2.66,0.20,3.03,84,120.0,150,220,2019,"DHAMBUR LAKE, DHALAI"
4192.0,MBB COLLEGE LAKE,LAKE,TRIPURA,21.5,28.0,6.6,7.9,6.8,7.6,112.0,165.0,0.60,2.68,0.29,1.81,63,130.0,120,240,2019,MBB COLLEGE LAKE
4193.0,"DIMASAGAR LAKE, NORTH GATE",LAKE,TRIPURA,22.0,28.0,6.7,7.7,7.0,7.7,106.0,177.0,0.60,2.80,0.31,2.37,58,130.0,130,220,2019,"DIMASAGAR LAKE, NORTH GATE"
3392.0,"SHIPAHIJALA POND, WEST TRIPURA",POND,TRIPURA,21.0,27.5,6.1,7.5,6.7,7.5,106.0,167.0,1.10,2.94,0.32,2.72,58,130.0,140,220,2019,"SHIPAHIJALA POND, WEST TRIPURA"
3393.0,"BRAMAKUNDA POND, WEST TRIPURA",POND,TRIPURA,21.5,28.0,6.5,7.6,6.9,7.5,109.0,179.0,0.80,2.90,0.25,2.4,43,120.0,120,220,2019,"BRAMAKUNDA POND, WEST TRIPURA"
3394.0,"KALYANSAGAR AT MATARBARI, SOUTH TRIPURA",POND,TRIPURA,21.5,27.5,6.3,7.7,6.6,7.3,111.0,182.0,1.80,2.86,0.24,2.46,49,150.0,130,240,2019,"KALYANSAGAR AT MATARBARI, SOUTH TRIPURA"
3395.0,"MAHADEB DIGHI, SOUTH TRIPURA",POND,TRIPURA,21.0,28.0,6.4,8.0,6.7,7.5,112.0,183.0,0.70,2.54,0.30,2.2,70,120.0,120,220,2019,"MAHADEB DIGHI, SOUTH TRIPURA"
3396.0,"JAGANNATH DIGHI, SOUTH TRIPURA",POND,TRIPURA,21.5,27.5,6.6,7.9,6.6,7.9,114.0,157.0,0.90,2.94,0.22,2.5,46,120.0,120,220,2019,"JAGANNATH DIGHI, SOUTH TRIPURA"
4194.0,LALBAHADUR DIGHI POND,POND,TRIPURA,22.0,28.0,6.0,7.8,6.9,7.5,101.0,177.0,0.60,2.50,0.27,1.3,47,150.0,110,240,2019,LALBAHADUR DIGHI POND
4195.0,DURGABARI POND,POND,TRIPURA,21.0,27.5,6.5,7.5,6.9,7.7,108.0,166.0,0.58,2.60,0.20,1.13,33,130.0,130,220,2019,DURGABARI POND
4196.0,RADHANAGAR POND,POND,TRIPURA,22.0,28.0,6.7,8.0,7.0,7.6,113.0,169.0,0.60,3.20,0.29,1.51,84,150.0,170,240,2019,RADHANAGAR POND
4197.0,CHATURDASH DEBATA BARI POND,POND,TRIPURA,21.0,27.0,6.8,8.2,7.0,7.7,105.0,178.0,0.70,2.50,0.21,2.03,34,130.0,130,220,2019,CHATURDASH DEBATA BARI POND
4221.0,KATAL DIGHI POND,POND,TRIPURA,21.0,27.0,6.3,7.8,7.0,7.9,110.0,168.0,0.60,2.08,0.28,1.15,43,130.0,110,220,2019,KATAL DIGHI POND
1364.0,"RAMGARH LAKE, U.P.",LAKE,UTTAR PRADESH,12.0,33.0,8.8,9.6,7.5,8.2,438.0,478.0,4.20,5.20,0.00,0.0,2200,17000.0,8400,29000,2019,"RAMGARH LAKE, U.P."
2499.0,"SAMARPUR JHEEL, RAEBARELI",LAKE,UTTAR PRADESH,20.0,30.0,5.8,8.5,8.0,8.6,289.0,521.0,4.00,5.00,0.00,0.96,3600,5600.0,4600,8100,2019,"SAMARPUR JHEEL, RAEBARELI"
2500.0,"MAAHIL POND, URAI TEHSIL, JALAUN",POND,UTTAR PRADESH,12.6,36.0,0.0,2.6,7.3,8.9,232.0,2320.0,22.00,58.00,0.00,0.0,1100,2400.0,17000,43000,2019,"MAAHIL POND, URAI TEHSIL, JALAUN"
2501.0,"LAXMI POND, JHANSI",POND,UTTAR PRADESH,17.0,38.3,0.0,8.0,7.1,8.7,180.0,2460.0,2.00,92.00,0.00,0.0,2100,3200.0,35000,92000,2019,"LAXMI POND, JHANSI"
1362.0,NAINI LAKE AT NAINITAL (WATER INTAKE POINT),LAKE,UTTARAKHAND,6.0,19.0,6.0,7.6,7.4,7.9,360.0,460.0,1.20,2.00,0.00,0.0,,,,,2019,NAINI LAKE AT NAINITAL (WATER INTAKE POINT)
3437.0,BHEEMTAL LAKE,LAKE,UTTARAKHAND,8.0,20.0,6.0,7.4,7.3,7.7,160.0,240.0,1.20,1.80,0.00,0.0,,,,,2019,BHEEMTAL LAKE
1765.0,"RABINDRASAROVAR NATIONAL LAKE, CALCUTTA, WEST BENGAL",LAKE,WEST BENGAL,18.0,33.0,7.0,9.4,7.1,9.0,354.0,455.0,1.00,5.00,0.02,1.85,200,7000.0,700,17000,2019,"RABINDRASAROVAR NATIONAL LAKE, CALCUTTA, WEST BENGAL"
2503.0,"HATISHALA GHAT ON DUDHPUKUR AT TARAKESHWAR, HOOGHLY",LAKE,WEST BENGAL,20.0,35.0,3.6,15.3,7.8,8.9,653.0,812.0,4.01,14.45,0.16,1.33,8000,220000.0,17000,500000,2019,"HATISHALA GHAT ON DUDHPUKUR AT TARAKESHWAR, HOOGHLY"
2504.0,"MAINH GHAT ON DUDHPUKUR AT TARAKESHWAR, HOOGHLY",LAKE,WEST BENGAL,20.0,35.0,1.6,11.6,7.2,9.0,686.0,860.0,4.20,46.45,0.19,1.08,8000,500000.0,17000,900000,2019,"MAINH GHAT ON DUDHPUKUR AT TARAKESHWAR, HOOGHLY"
2505.0,"HANUMAN GHAT ON DUDHPUKUR AT TARAKESHWAR, HOOGHLY",LAKE,WEST BENGAL,20.0,35.0,1.5,18.0,7.8,8.8,674.0,830.0,2.20,18.60,0.21,1.31,30000,900000.0,80000,1600000,2019,"HANUMAN GHAT ON DUDHPUKUR AT TARAKESHWAR, HOOGHLY"
2519.0,"KOCHBIHAR LAKE (SAGAR DIGHI), COOCHBEHAR",LAKE,WEST BENGAL,18.0,30.0,6.8,8.7,6.8,8.5,41.0,78.0,1.20,2.80,0.06,1.2,1700,5000.0,5000,28000,2019,"KOCHBIHAR LAKE (SAGAR DIGHI), COOCHBEHAR"
2520.0,"MIRIKH LAKE, DARJEELING",LAKE,WEST BENGAL,5.0,24.0,1.3,7.7,6.4,7.9,78.0,168.0,1.80,31.00,0.13,2.71,2200,9400.0,5000,28000,2019,"MIRIKH LAKE, DARJEELING"
2521.0,"WATER RESERVIOR AT DELO LAKE, DARJELLING",LAKE,WEST BENGAL,7.0,22.0,6.5,8.6,6.1,7.8,15.0,97.0,0.80,1.80,0.11,0.83,70,230.0,120,500,2019,"WATER RESERVIOR AT DELO LAKE, DARJELLING"
2522.0,SINCHAL LAKE FOR DARJEELING,LAKE,WEST BENGAL,2.0,15.0,6.8,8.6,7.0,7.9,13.0,44.0,0.80,2.00,0.00,2.25,70,170.0,110,500,2019,SINCHAL LAKE FOR DARJEELING
2539.0,"BELBONI LAKE NEAR BARJORA, BANKURA",LAKE,WEST BENGAL,19.0,33.0,7.1,8.9,7.4,8.2,152.0,277.0,1.40,3.85,0.07,0.79,400,2100.0,810,3900,2019,"BELBONI LAKE NEAR BARJORA, BANKURA"
2544.0,SAHEBBANDH AT PURULIA,LAKE,WEST BENGAL,20.0,35.0,8.0,9.6,7.6,8.5,338.0,617.0,2.65,5.50,0.09,0.83,2000,17000.0,2500,28000,2019,SAHEBBANDH AT PURULIA
4720.0,LAKE RASIKBHEEL AT COOCHBEHAR,LAKE,WEST BENGAL,20.0,30.0,6.8,7.6,7.1,8.1,65.0,118.0,1.50,2.60,0.01,1.43,210,500.0,1100,2800,2019,LAKE RASIKBHEEL AT COOCHBEHAR
4725.0,WATER RESERVIOR ST. HELENS SCHOOL,LAKE,WEST BENGAL,9.0,18.0,7.1,7.9,6.6,7.8,13.0,38.0,0.60,2.10,0.00,1.01,70,170.0,110,500,2019,WATER RESERVIOR ST. HELENS SCHOOL
4729.0,JOREPOKHARI LAKE AT SUKHIAPOKHARI,LAKE,WEST BENGAL,9.0,18.0,6.2,7.2,6.8,7.4,16.0,55.0,1.20,2.20,0.01,0.84,70,110.0,110,260,2019,JOREPOKHARI LAKE AT SUKHIAPOKHARI
1790.0,"PULICATE LAKE , NELLORE DIST",LAKE,ANDHRA PRADESH,21,26,3.8,4.8,7.0,8.4,18830,57090,2.2,2.8,0.74,1.45,3,3,75,210,2020,"PULICATE LAKE , NELLORE DIST"
2353.0,"KONDAKARLA-AAVA LAKE, PARAWADA PHARMA CITY, VISHAKHAPATNAM",LAKE,ANDHRA PRADESH,25,28,3.6,6.8,7.1,8.3,580,890,2.4,4.8,1.03,4.52,15,23,150,460,2020,"KONDAKARLA-AAVA LAKE, PARAWADA PHARMA CITY, VISHAKHAPATNAM"
4368.0,"KOLLERU LAKE KOKKIRAYALANKA (V), KAILALUR (M)",LAKE,ANDHRA PRADESH,23,29,0.5,5.4,6.8,8.4,675,13800,1.7,6.2,1.30,8.62,11,23,150,1100,2020,"KOLLERU LAKE KOKKIRAYALANKA (V), KAILALUR (M)"
4391.0,"CHENGAMBAKAM TANK IN SRI CITY SEZ, TIRUPATHI",TANK,ANDHRA PRADESH,26,30,5.3,6.7,6.4,7.6,206,670,0.8,2.5,0.11,3.30,47,200,210,600,2020,"CHENGAMBAKAM TANK IN SRI CITY SEZ, TIRUPATHI"
1529.0,"DEEPAR BEEL, ASSAM",LAKE,ASSAM,18,35,7.2,10.2,7.3,8.0,188,240,2.1,3.8,1.00,1.80,300,910,720,1500,2020,"DEEPAR BEEL, ASSAM"
2205.0,"MER BEEL AT MADHABPUR, ASSAM",LAKE,ASSAM,20,28,4.2,6.8,6.8,7.6,25,140,1.1,2.4,0.60,1.00,300,360,720,1400,2020,"MER BEEL AT MADHABPUR, ASSAM"
2206.0,"DALONI BEEL NEAR JOGIGHOPA, ASSAM",LAKE,ASSAM,22,34,4.1,5.4,7.0,8.1,43,67,1.1,2.4,0.40,1.10,2,360,300,910,2020,"DALONI BEEL NEAR JOGIGHOPA, ASSAM"
2218.0,"DEEPAR BEEL AT BORAGAON NEAR IASST, GUWAHATI, ASSAM",LAKE,ASSAM,18,32,4.5,11.2,7.1,8.0,189,244,2.8,3.9,1.20,2.00,300,730,360,1500,2020,"DEEPAR BEEL AT BORAGAON NEAR IASST, GUWAHATI, ASSAM"
3785.0,"BORBEEL NO. 1 , RAM NAGAR, DIGBOI, PUBLIC WATER SUPPLY, TINSUKIA",LAKE,ASSAM,24,25,0.3,0.3,7.3,7.4,177,273,1.1,2.3,0.70,0.70,2,2,2,2,2020,"BORBEEL NO. 1 , RAM NAGAR, DIGBOI, PUBLIC WATER SUPPLY, TINSUKIA"
3787.0,"HOLUDUNGA BEEL NEAR GAI NADI/ RIVER AT SOMARAJAN, DHEMA JI",LAKE,ASSAM,20,27,5.0,9.0,7.1,7.8,68,94,1.8,2.4,0.50,0.90,300,730,700,2000,2020,"HOLUDUNGA BEEL NEAR GAI NADI/ RIVER AT SOMARAJAN, DHEMA JI"
3789.0,"BORDOIBAM BEELMUKH BIRD SANCTUARY, DHEMAJI",LAKE,ASSAM,20,25,5.0,7.6,7.0,8.0,189,218,1.3,2.6,0.70,1.40,300,730,700,2000,2020,"BORDOIBAM BEELMUKH BIRD SANCTUARY, DHEMAJI"
3798.0,SAMAGURI BEEL IN NAGAON DISTRICT,LAKE,ASSAM,17,35,4.1,5.8,7.0,7.6,89,116,1.3,2.8,0.70,1.20,300,730,360,1500,2020,SAMAGURI BEEL IN NAGAON DISTRICT
3800.0,MALINI BEEL NEAR INDUTRIAL AREA AT RAMNAGAR,LAKE,ASSAM,20,25,4.0,4.5,6.2,7.4,126,152,2.1,2.6,0.70,1.10,300,360,360,1500,2020,MALINI BEEL NEAR INDUTRIAL AREA AT RAMNAGAR
3804.0,SON BEEL WATER AT KARIMGANJ,LAKE,ASSAM,21,25,4.1,5.8,6.8,7.3,106,150,1.3,2.3,0.60,1.30,300,720,720,2000,2020,SON BEEL WATER AT KARIMGANJ
3808.0,PARASHALI BEEL AT DEMORIA,LAKE,ASSAM,21,36,4.0,8.5,6.4,7.7,96,148,1.6,2.7,0.70,2.00,300,910,720,2100,2020,PARASHALI BEEL AT DEMORIA
3812.0,"KAMALPUR BEEL, KAMALPUR",LAKE,ASSAM,18,35,1.4,5.6,7.0,7.7,1139,1168,22.5,29.2,1.60,4.60,360,1100,1400,3500,2020,"KAMALPUR BEEL, KAMALPUR"
,,,,Min,Max,Min,Max,Min,Max,Min,Max,Min,Max,Min,Max,Min,Max,Min,Max,2020,
3814.0,"SILSAKO BEEL, CHACHAL, GUWAHATI",LAKE,ASSAM,20,34,0.3,2.4,6.9,7.8,480,530,13.0,16.3,1.10,2.20,1100,2900,2700,4400,2020,"SILSAKO BEEL, CHACHAL, GUWAHATI"
3819.0,"SORU SOLA BEEL, PALTAN BAZAR, GUWAHATI",LAKE,ASSAM,20,33,0.3,2.3,6.8,7.5,471,526,25.0,28.5,1.00,7.00,1400,3900,3900,12000,2020,"SORU SOLA BEEL, PALTAN BAZAR, GUWAHATI"
3820.0,"BORSOLA BEEL, SARABBHATTI, GUWAHATI",LAKE,ASSAM,20,34,0.3,2.2,6.8,7.5,436,529,25.5,34.8,1.20,4.10,2000,4300,2800,15000,2020,"BORSOLA BEEL, SARABBHATTI, GUWAHATI"
3821.0,"DIPLAI BEEL AT SILGARA, KOKRAJHAR",LAKE,ASSAM,21,34,4.1,5.1,7.1,7.5,43,65,1.2,2.4,0.60,1.00,300,730,360,1400,2020,"DIPLAI BEEL AT SILGARA, KOKRAJHAR"
4337.0,"KAMALABARI LAKE INSIDE KAMALABARI CHILDREN,S PARK, GELEKY",LAKE,ASSAM,17,32,4.5,7.6,6.7,7.6,31,59,1.3,2.6,0.20,1.10,2,2,2,930,2020,"KAMALABARI LAKE INSIDE KAMALABARI CHILDREN,S PARK, GELEKY"
1263.0,"ELANGABEEL SYSTEM POND (CONNECTED TO R. KOLANG), ASSAM",POND,ASSAM,18,34,1.0,6.6,7.0,7.8,847,1004,2.3,2.9,1.20,1.80,300,1100,720,2800,2020,"ELANGABEEL SYSTEM POND (CONNECTED TO R. KOLANG), ASSAM"
2207.0,"BOR BEEL AT JAKAI., ASSAM",POND,ASSAM,20,26,4.2,7.7,6.9,7.4,153,203,1.0,2.8,0.60,1.10,300,910,720,2100,2020,"BOR BEEL AT JAKAI., ASSAM"
2208.0,"BORPUKHURI, NAZIRA, ASSAM",POND,ASSAM,19,31,5.2,7.4,7.1,7.8,28,62,1.4,2.4,0.60,1.10,2,360,2,910,2020,"BORPUKHURI, NAZIRA, ASSAM"
2209.0,"GAURISAGAR TANK, GAURISAGAR, ASSAM",POND,ASSAM,20,31,6.0,7.5,7.0,7.8,22,33,1.0,2.4,0.10,0.90,2,360,300,730,2020,"GAURISAGAR TANK, GAURISAGAR, ASSAM"
2210.0,"RAJMAW PUKHURI, JORHAT, ASSAM",POND,ASSAM,19,33,6.3,7.9,6.8,8.1,80,93,1.9,2.3,0.40,1.60,2,910,300,1500,2020,"RAJMAW PUKHURI, JORHAT, ASSAM"
2211.0,"PADUMPUKHURI, TEZPUR, ASSAM",POND,ASSAM,21,32,6.8,8.0,7.0,8.2,273,313,1.2,2.6,0.70,1.20,300,910,720,2000,2020,"PADUMPUKHURI, TEZPUR, ASSAM"
2212.0,"GOPHUR TANK, GOPHUR, ASSAM",POND,ASSAM,19,34,6.6,8.0,7.0,7.8,83,101,1.9,2.5,0.80,1.10,2,730,730,1500,2020,"GOPHUR TANK, GOPHUR, ASSAM"
2213.0,"JAIPAL PUKHURI, SIPAJHAR, ASSAM",POND,ASSAM,21,32,7.0,8.3,7.2,8.2,168,190,1.3,2.4,0.40,1.10,300,1100,720,2700,2020,"JAIPAL PUKHURI, SIPAJHAR, ASSAM"
2214.0,"BOTODRIVA SATRA POND, NAGAON, ASSAM",POND,ASSAM,20,34,4.2,7.6,7.0,7.7,41,60,1.6,2.6,0.70,1.60,300,730,720,2000,2020,"BOTODRIVA SATRA POND, NAGAON, ASSAM"
2215.0,"SARAN BEEL, ASSAM",POND,ASSAM,20,34,4.3,10.0,7.0,7.7,57,84,1.6,2.4,0.70,2.00,2,730,300,2000,2020,"SARAN BEEL, ASSAM"
2216.0,"DIGHALI PUKHURI, GUWAHATI, ASSAM",POND,ASSAM,20,34,5.1,10.5,7.2,8.0,176,227,2.2,2.8,0.80,1.50,300,910,730,2000,2020,"DIGHALI PUKHURI, GUWAHATI, ASSAM"
2217.0,"SUBHAGYA KUNDA POND KAMAKHYA TEMPLE, GUWAHATI, ASSAM",POND,ASSAM,18,32,5.2,10.6,7.0,7.6,229,395,2.2,2.6,1.00,2.10,730,1500,1400,3500,2020,"SUBHAGYA KUNDA POND KAMAKHYA TEMPLE, GUWAHATI, ASSAM"
2219.0,"BISHNU PUSKAR PUKHURI OF HAYAGRIB MADHAB TEMPLE, HAJO, ASSAM",POND,ASSAM,20,35,4.8,10.5,6.8,8.0,216,250,2.0,4.2,1.00,1.80,300,730,720,2100,2020,"BISHNU PUSKAR PUKHURI OF HAYAGRIB MADHAB TEMPLE, HAJO, ASSAM"
,,,,Min,Max,Min,Max,Min,Max,Min,Max,Min,Max,Min,Max,Min,Max,Min,Max,2020,
2220.0,"CHAND DUBI BEEL, CHAND DUBI, ASSAM",POND,ASSAM,20,34,5.5,11.4,6.8,7.7,30,92,1.4,2.4,0.60,1.00,2,910,360,2800,2020,"CHAND DUBI BEEL, CHAND DUBI, ASSAM"
2221.0,"GANGA PUKHURI, NALBARI (GORDON SCHOOL), ASSAM",POND,ASSAM,19,36,6.4,11.1,7.2,8.2,47,64,1.7,2.3,0.60,1.60,300,910,1100,2100,2020,"GANGA PUKHURI, NALBARI (GORDON SCHOOL), ASSAM"
2222.0,"RAJADINIA PUKHURI AT ABHAYAPURI, ASSAM",POND,ASSAM,22,36,4.0,4.9,7.3,8.2,27,65,1.3,2.4,0.60,1.10,300,720,720,1500,2020,"RAJADINIA PUKHURI AT ABHAYAPURI, ASSAM"
2223.0,"MAHAMAYA MANDIR PUKHURI, ASSAM",POND,ASSAM,22,35,4.1,4.8,7.2,7.7,49,70,1.3,2.7,0.40,1.10,2,910,360,2700,2020,"MAHAMAYA MANDIR PUKHURI, ASSAM"
2224.0,"RAJAPUKHURI AT GAURIPUR, ASSAM",POND,ASSAM,22,35,4.3,5.5,7.0,7.9,73,96,1.4,2.6,0.60,1.10,2,910,730,2100,2020,"RAJAPUKHURI AT GAURIPUR, ASSAM"
2225.0,"BASKANDI POND INSIDE THE BASKANDI MADRASA, BASKANDI, ASSAM",POND,ASSAM,20,24,4.1,5.2,7.2,7.6,96,131,2.0,2.7,0.70,1.30,300,730,300,2000,2020,"BASKANDI POND INSIDE THE BASKANDI MADRASA, BASKANDI, ASSAM"
2226.0,"SIVASAGAR TANK (BORPUKHURI) NEAR SIVADOL, ASSAM",POND,ASSAM,19,33,5.5,7.7,6.8,7.7,21,35,1.5,2.4,0.20,0.80,2,300,300,730,2020,"SIVASAGAR TANK (BORPUKHURI) NEAR SIVADOL, ASSAM"
2227.0,"HORDAI PUKHURI, CHARAIDEW, ASSAM",POND,ASSAM,19,32,4.8,7.2,6.7,7.8,22,57,1.8,2.5,0.40,1.10,2,2,2,730,2020,"HORDAI PUKHURI, CHARAIDEW, ASSAM"
2228.0,"GALA BEEL AT DERGAON, ASSAM",POND,ASSAM,20,30,6.7,9.5,7.0,7.7,36,65,1.3,2.3,0.50,1.00,300,910,360,2000,2020,"GALA BEEL AT DERGAON, ASSAM"
3772.0,BORPUKHURI AT SONARI,POND,ASSAM,18,32,5.3,7.9,6.9,7.7,69,89,1.6,2.4,0.60,1.70,2,360,2,1400,2020,BORPUKHURI AT SONARI
3806.0,POND WATER FROM RAMKRISHNA MISSION AT HAILAKANDI,POND,ASSAM,22,26,4.1,5.1,6.3,7.4,158,170,2.0,2.3,0.60,1.30,300,910,300,2100,2020,POND WATER FROM RAMKRISHNA MISSION AT HAILAKANDI
3809.0,JORPUKHURI AT UZANBAZAR (UGRATALA TEMPLE),POND,ASSAM,20,35,4.2,10.3,7.0,7.7,387,421,2.2,2.7,0.80,1.80,360,1100,910,3500,2020,JORPUKHURI AT UZANBAZAR (UGRATALA TEMPLE)
4006.0,NETAI PUKHURI AT NETAI PUKHURI,POND,ASSAM,20,31,5.6,8.0,6.8,7.9,21,34,1.9,2.5,0.30,1.40,2,300,300,730,2020,NETAI PUKHURI AT NETAI PUKHURI
4334.0,"THOWRADOLE PUKHURI, THOWRADOLE G.P. DEMOW BLOCK",POND,ASSAM,19,33,4.2,7.8,7.2,7.8,49,71,1.4,2.4,0.40,1.60,2,360,300,910,2020,"THOWRADOLE PUKHURI, THOWRADOLE G.P. DEMOW BLOCK"
1532.0,"GOYSAGAR TANK, SIBSAGAR, ASSAM",TANK,ASSAM,20,30,6.6,7.3,6.7,7.6,21,31,1.3,2.3,0.70,1.10,2,2,300,600,2020,"GOYSAGAR TANK, SIBSAGAR, ASSAM"
2557.0,"KAWAR LAKE, BEGUSARAI",LAKE,BIHAR,16,36,3.5,16.0,7.3,9.0,205,263,1.4,6.1,0.11,0.20,780,160000,2700,160000,2020,"KAWAR LAKE, BEGUSARAI"
2571.0,MOTI JHEEL AT MOTIHARII,LAKE,BIHAR,17,30,4.5,16.6,7.3,9.7,627,1050,1.8,26.0,0.09,0.95,1100,28000,3300,160000,2020,MOTI JHEEL AT MOTIHARII
4296.0,"SIKANDRAPUR, MUZAFFARPUR",LAKE,BIHAR,19,32,1.0,22.0,7.2,9.5,397,991,1.9,18.4,0.11,0.68,2100,54000,4600,92000,2020,"SIKANDRAPUR, MUZAFFARPUR"
,,,,Min,Max,Min,Max,Min,Max,Min,Max,Min,Max,Min,Max,Min,Max,Min,Max,2020,
2573.0,TIGHI TALAB AT GAYA,POND,BIHAR,14,30,2.9,13.0,7.1,9.0,470,968,1.2,5.0,0.18,5.99,17000,160000,22000,160000,2020,TIGHI TALAB AT GAYA
2574.0,SURAJ KUND AT GAYA,POND,BIHAR,14,31,6.0,14.0,7.5,8.6,237,688,3.0,8.0,0.05,1.01,360,160000,3300,160000,2020,SURAJ KUND AT GAYA
2046.0,"SUKHNA LAKE, CHANDIGARH",LAKE,CHANDIGARH,16,30,7.1,9.8,7.4,8.5,215,288,0.7,3.6,0.52,4.00,8,5449,9,80000,2020,"SUKHNA LAKE, CHANDIGARH"
3163.0,"HITKASA TAILING DAM, RAJHARA, CHHATISGARH.(DALLI RAJHARA IRON ORE MINES, DALLI RAJHARA)",LAKE,CHHATTISGARH,23,36,6.3,6.9,7.1,7.7,308,308,7.0,16.0,0.44,0.44,1,360,6,1600,2020,"HITKASA TAILING DAM, RAJHARA, CHHATISGARH.(DALLI RAJHARA IRON ORE MINES, DALLI RAJHARA)"
3164.0,"NEHRU NAGAR TALAB, BHILAI, CHHATISGARH.",POND,CHHATTISGARH,24,33,6.5,7.4,7.1,7.6,322,322,1.6,86.4,0.36,0.36,5,300,1,1600,2020,"NEHRU NAGAR TALAB, BHILAI, CHHATISGARH."
3030.0,"SANJAY LAKE, DELHI",LAKE,DELHI,-,-,14.2,14.2,8.1,8.1,840,840,13.0,13.0,5.90,5.90,1700,1700,16000,16000,2020,"SANJAY LAKE, DELHI"
3031.0,"BHALSWA LAKE, DELHI",LAKE,DELHI,-,-,-,-,8.1,8.1,5250,5250,82.0,82.0,1.74,1.74,8200,8200,920000,920000,2020,"BHALSWA LAKE, DELHI"
3476.0,"LAKE NEAR IIT FLYOVER, DELHI",LAKE,DELHI,-,-,14.2,14.2,8.2,8.2,670,670,38.0,38.0,24.92,24.92,220,220,3500,3500,2020,"LAKE NEAR IIT FLYOVER, DELHI"
1549.0,"SALAULIM LAKE AT SALAULIM - SANGUEM, GOA",LAKE,GOA,27,31,5.9,8.8,6.5,7.6,21,83,0.1,2.1,0.11,0.32,5,170,13,350,2020,"SALAULIM LAKE AT SALAULIM - SANGUEM, GOA"
2269.0,"MAYEM LAKE, BICHOLIM",LAKE,GOA,27,32,5.6,7.9,5.6,6.9,42,72,0.1,0.1,0.11,0.32,1100,2300,2200,4900,2020,"MAYEM LAKE, BICHOLIM"
3175.0,ANJUNEM LAKE,LAKE,GOA,27,30,3.9,7.7,5.8,7.4,41,78,0.1,2.0,0.11,0.32,8,540,13,920,2020,ANJUNEM LAKE
3176.0,RUMDER LAKE,LAKE,GOA,27,31,1.3,6.2,6.1,7.4,81,15330,0.1,6.2,0.11,3.61,1300,7900,1700,14000,2020,RUMDER LAKE
3177.0,CARAMBOLIM LAKE,LAKE,GOA,26,31,4.8,8.0,6.3,8.1,34,395,0.1,3.6,0.11,0.51,490,2300,790,4900,2020,CARAMBOLIM LAKE
3178.0,RAIA LAKE,LAKE,GOA,26,30,4.4,8.0,6.1,8.7,28,267,0.1,3.7,0.11,4.78,1300,4900,2300,7900,2020,RAIA LAKE
3179.0,SAIPEM LAKE,LAKE,GOA,28,30,4.1,5.8,7.0,7.3,176,358,0.1,5.0,0.63,2.59,3300,7000,4900,11000,2020,SAIPEM LAKE
3180.0,CURTORIM LAKE,LAKE,GOA,26,30,1.6,8.7,6.0,7.5,62,1671,0.1,6.2,0.11,1.96,1100,7000,2300,9400,2020,CURTORIM LAKE
4408.0,HARWALE WATER FALL,LAKE,GOA,27,31,7.3,8.0,6.2,7.3,55,153,0.1,2.3,0.11,0.45,1700,4900,3500,7000,2020,HARWALE WATER FALL
1343.0,"KANKORIA LAKE AT AHMEDABAD, NR. BALVATIKA,",LAKE,GUJARAT,25,30,5.2,8.7,7.9,8.9,2303,3840,1.8,21.0,0.07,0.41,6,82,94,430,2020,"KANKORIA LAKE AT AHMEDABAD, NR. BALVATIKA,"
1344.0,"CHANDOLA LAKE AT AHMEDABAD,",LAKE,GUJARAT,25,30,5.7,8.2,7.3,8.3,36,601,2.7,6.0,0.03,0.33,15,92,120,460,2020,"CHANDOLA LAKE AT AHMEDABAD,"
1345.0,"AJWAH LAKE AT SRI SAYAJI SABVAR, BARODA,",LAKE,GUJARAT,22,32,3.5,8.8,7.9,8.4,9,419,0.1,0.9,0.12,0.62,2,20,17,120,2020,"AJWAH LAKE AT SRI SAYAJI SABVAR, BARODA,"
1346.0,"SURSAGAR LAKE AT BARODA,",LAKE,GUJARAT,22,32,2.8,6.1,7.3,8.4,770,1299,0.1,5.1,0.18,0.74,21,540,120,920,2020,"SURSAGAR LAKE AT BARODA,"
,,,,Min,Max,Min,Max,Min,Max,Min,Max,Min,Max,Min,Max,Min,Max,Min,Max,2020,
1972.0,"NALSAROVAR LAKE (SANAND), DIST.AHMEDABAD",LAKE,GUJARAT,26,30,5.7,8.2,7.5,9.0,281,13220,1.8,17.0,0.09,0.35,8,170,110,350,2020,"NALSAROVAR LAKE (SANAND), DIST.AHMEDABAD"
1973.0,"BINDUSAROVAR, SIDDHPUR (DIST.PATAN)",LAKE,GUJARAT,21,33,5.5,8.2,7.2,8.2,1082,3113,0.9,6.0,0.05,6.90,5,33,40,170,2020,"BINDUSAROVAR, SIDDHPUR (DIST.PATAN)"
1975.0,"LAKHOTA TALAV, JAMNAGAR",LAKE,GUJARAT,24,26,2.6,6.3,7.1,8.4,450,1360,0.4,3.0,0.28,0.32,6,7,17,27,2020,"LAKHOTA TALAV, JAMNAGAR"
1976.0,NARSIMEHTA TALAV- JUNAGADH,LAKE,GUJARAT,22,28,2.6,8.9,7.3,8.4,355,1241,2.1,26.4,0.04,2.25,2,17,2,110,2020,NARSIMEHTA TALAV- JUNAGADH
1977.0,CITY LAKE OF NADIAD,LAKE,GUJARAT,20,34,3.1,7.0,7.4,8.7,651,1777,0.1,6.3,0.18,0.88,12,120,110,540,2020,CITY LAKE OF NADIAD
2076.0,ANKLESHWAR RESERVOIR AT GIDC ANKLESHWAR AT VALIA ROAD.,LAKE,GUJARAT,28,32,6.1,7.8,7.3,8.4,354,565,0.1,0.9,0.07,0.32,17,26,33,70,2020,ANKLESHWAR RESERVOIR AT GIDC ANKLESHWAR AT VALIA ROAD.
2077.0,"MOTICHER LAKE NEAR KAKARPAR ATOMIC POWER STATION, DIST. SURAT.",LAKE,GUJARAT,26,30,6.7,7.4,7.0,8.4,304,4533,0.2,1.5,0.05,0.15,2,12,12,63,2020,"MOTICHER LAKE NEAR KAKARPAR ATOMIC POWER STATION, DIST. SURAT."
2078.0,"KUWADAVA LAKE, VILL. KUWADAVA, DIST. RAJKOT.",LAKE,GUJARAT,25,30,4.2,7.3,7.3,8.3,922,2350,2.0,2.7,0.03,0.75,2,2,2,8,2020,"KUWADAVA LAKE, VILL. KUWADAVA, DIST. RAJKOT."
3197.0,"MACHHU-II DAM, RAFLESHWAR, MORBI, RAJKOT",LAKE,GUJARAT,24,30,5.4,7.2,6.4,8.5,502,1832,0.1,2.3,0.03,0.28,2,2,2,2,2020,"MACHHU-II DAM, RAFLESHWAR, MORBI, RAJKOT"
3198.0,"GOMTI LAKE, OPP, RANCHODAJI TEMPLE, DAKOR, KHEDA",LAKE,GUJARAT,21,31,4.1,6.3,7.2,8.2,383,562,0.6,2.6,0.12,0.68,12,94,84,350,2020,"GOMTI LAKE, OPP, RANCHODAJI TEMPLE, DAKOR, KHEDA"
3199.0,"HAMISAR TALAV, BHUJ",LAKE,GUJARAT,26,32,6.1,6.9,7.0,7.7,371,695,1.1,2.6,0.03,0.23,2,7,2,26,2020,"HAMISAR TALAV, BHUJ"
3200.0,MOONSAR LAKE OF VIRAMGAM,LAKE,GUJARAT,27,30,0.6,8.3,8.4,9.2,704,18330,6.0,170.0,0.15,0.50,21,540,220,920,2020,MOONSAR LAKE OF VIRAMGAM
3201.0,"MALAV TALAV, DHOLKA",LAKE,GUJARAT,27,30,4.6,8.6,9.0,9.3,2451,4408,6.0,24.0,0.04,0.32,26,540,120,920,2020,"MALAV TALAV, DHOLKA"
3202.0,VHERAIMATA TALAV AT ANAND,LAKE,GUJARAT,25,29,4.7,7.5,7.6,8.4,250,802,3.7,6.4,0.16,0.18,210,1600,920,1600,2020,VHERAIMATA TALAV AT ANAND
1979.0,"OLPAD, VILLAGE POND:OLPAD, SURAT",POND,GUJARAT,26,30,6.5,7.8,7.0,8.4,532,7359,0.3,2.6,0.06,0.25,9,47,41,430,2020,"OLPAD, VILLAGE POND:OLPAD, SURAT"
2079.0,"DHUDHIA TALAV AT NAVSARI, DIST. NAVSARI.",POND,GUJARAT,24,34,5.2,7.4,7.1,8.5,324,4317,0.2,1.8,0.03,0.28,2,36,2,84,2020,"DHUDHIA TALAV AT NAVSARI, DIST. NAVSARI."
1971.0,THOL TANK (KALOL) (DIST. MEHASANA),TANK,GUJARAT,24,30,4.3,8.2,7.2,8.4,420,843,4.0,20.0,0.04,0.66,4,170,8,470,2020,THOL TANK (KALOL) (DIST. MEHASANA)
1349.0,BRAHMSAROVAR LAKE AT KURUKSHETRA,LAKE,HARYANA,14,28,7.0,10.5,7.2,8.1,216,1850,1.6,5.2,0.09,2.30,200,2000,140,11000,2020,BRAHMSAROVAR LAKE AT KURUKSHETRA
1392.0,"KAUSSHALAYA LAKE, PINJORE, PANCHKULA",LAKE,HARYANA,14,29,6.7,9.6,7.0,8.4,329,905,1.2,7.6,0.06,3.14,130,26000,260,233000,2020,"KAUSSHALAYA LAKE, PINJORE, PANCHKULA"
,,,,Min,Max,Min,Max,Min,Max,Min,Max,Min,Max,Min,Max,Min,Max,Min,Max,2020,
3032.0,"SULTANPUR LAKE, DELHI",LAKE,HARYANA,-,-,-,-,7.7,7.7,300,300,2.1,2.1,7.41,7.41,2,2,2,2,2020,"SULTANPUR LAKE, DELHI"
3033.0,SOHNA LAKE,LAKE,HARYANA,5,13,6.0,6.8,7.0,7.9,340,920,4.0,19.0,2.10,9.30,-,-,-,-,2020,SOHNA LAKE
4857.0,"SANHIT SAROVAR, KURUSHETRA",POND,HARYANA,24,29,6.8,9.9,7.1,8.3,240,1720,2.2,7.5,0.05,2.38,100,100,110,1400,2020,"SANHIT SAROVAR, KURUSHETRA"
1291.0,GOBINDSAGAR LAKE AT BILASPUR,LAKE,HIMACHAL PRADESH,16,22,8.3,10.1,7.3,8.5,169,397,0.1,0.4,0.10,3.39,63,140,280,920,2020,GOBINDSAGAR LAKE AT BILASPUR
1292.0,"PONGDAM LAKE AT PONG VILLAGE,",LAKE,HIMACHAL PRADESH,13,28,8.1,9.6,6.7,8.0,178,306,0.1,0.3,0.07,1.30,2,2,25,70,2020,"PONGDAM LAKE AT PONG VILLAGE,"
1429.0,"RENUKA LAKE , 35 KM FROM PATNA SAHIB NORTH",LAKE,HIMACHAL PRADESH,15,27,6.1,7.6,6.7,7.6,483,6124,0.8,2.0,0.01,1.23,12,33,38,170,2020,"RENUKA LAKE , 35 KM FROM PATNA SAHIB NORTH"
2649.0,RIWALSAR LAKE,LAKE,HIMACHAL PRADESH,16,24,5.6,9.6,7.1,8.1,144,204,1.6,9.0,0.06,1.68,49,350,350,1600,2020,RIWALSAR LAKE
2650.0,KHAZIAR LAKE,LAKE,HIMACHAL PRADESH,3,22,5.9,6.7,6.6,7.9,60,139,0.4,6.5,0.22,1.63,2,20,32,240,2020,KHAZIAR LAKE
1309.0,DAL LAKE AT SRINAGAR,LAKE,JAMMU & KASHMIR,12,27,4.9,9.1,7.2,8.3,130,226,1.3,2.7,-,-,-,-,-,-,2020,DAL LAKE AT SRINAGAR
2738.0,(MANSAR LAKE AT MID POINT(MANSAR LAKE),LAKE,JAMMU & KASHMIR,15,24,7.6,7.8,7.2,7.7,105,220,0.3,0.4,0.01,0.02,-,-,-,-,2020,(MANSAR LAKE AT MID POINT(MANSAR LAKE)
2739.0,MANSAR LAKE POINT OF DISCHARGE OF WASTE WATER FROM DIFFERENT ESTABLISHMENTS NEAR NAG TEMPLE,LAKE,JAMMU & KASHMIR,15,24,6.2,7.6,7.3,7.9,110,234,0.4,0.6,0.02,0.03,-,-,-,-,2020,MANSAR LAKE POINT OF DISCHARGE OF WASTE WATER FROM DIFFERENT ESTABLISHMENTS NEAR NAG TEMPLE
2740.0,"(MANSAR LAKE AT MID POINT(SURINSAR LAKE), J&K",LAKE,JAMMU & KASHMIR,8,24,5.4,6.8,8.1,8.2,120,212,3.2,4.8,0.03,0.04,-,-,-,-,2020,"(MANSAR LAKE AT MID POINT(SURINSAR LAKE), J&K"
2741.0,SURINSAR LAKE POINT OF DISCHARGE OF WASTE WATER FROM DIFFERENT ESTABLISHMENTS,LAKE,JAMMU & KASHMIR,15,23,5.2,6.6,8.2,8.2,180,224,4.0,5.6,0.04,0.05,-,-,-,-,2020,SURINSAR LAKE POINT OF DISCHARGE OF WASTE WATER FROM DIFFERENT ESTABLISHMENTS
3251.0,DAL LAKE AT DALGATE,LAKE,JAMMU & KASHMIR,11,26,6.2,8.8,7.3,7.7,135,250,2.4,3.1,-,-,-,-,-,-,2020,DAL LAKE AT DALGATE
3252.0,DAL LAKE AT CHAIRCHINARI,LAKE,JAMMU & KASHMIR,18,29,5.5,8.7,7.4,8.2,128,234,2.0,3.3,-,-,-,-,-,-,2020,DAL LAKE AT CHAIRCHINARI
3253.0,DAL LAKE NEAR NISHAT LAM,LAKE,JAMMU & KASHMIR,18,27,4.5,9.6,7.3,8.6,154,284,3.0,5.6,-,-,-,-,-,-,2020,DAL LAKE NEAR NISHAT LAM
3254.0,DAL LAKE AT ABIKARPORA,LAKE,JAMMU & KASHMIR,19,29,3.7,8.5,7.1,8.4,126,239,2.2,3.2,-,-,-,-,-,-,2020,DAL LAKE AT ABIKARPORA
,,,,Min,Max,Min,Max,Min,Max,Min,Max,Min,Max,Min,Max,Min,Max,Min,Max,2020,
3256.0,DAL LAKE AT ENTRY POINT OF TALIBAL NALLAH,LAKE,JAMMU & KASHMIR,14,29,3.7,9.9,7.1,8.4,106,377,1.0,3.3,-,-,-,-,-,-,2020,DAL LAKE AT ENTRY POINT OF TALIBAL NALLAH
3257.0,DAL LAKE AT HABAK,LAKE,JAMMU & KASHMIR,19,28,4.6,8.9,7.3,8.0,214,359,3.2,5.3,-,-,-,-,-,-,2020,DAL LAKE AT HABAK
3258.0,DAL LAKE AT HAZRATBAL,LAKE,JAMMU & KASHMIR,21,28,4.8,8.6,7.4,8.1,146,305,1.6,4.8,-,-,-,-,-,-,2020,DAL LAKE AT HAZRATBAL
3259.0,DAL LAKE AT DHOBIGHAT,LAKE,JAMMU & KASHMIR,19,29,5.0,8.4,7.2,8.5,133,281,2.0,4.6,-,-,-,-,-,-,2020,DAL LAKE AT DHOBIGHAT
3260.0,DAL LAKE AT SONALANK,LAKE,JAMMU & KASHMIR,18,28,6.5,7.4,7.6,8.8,130,210,2.0,2.5,-,-,-,-,-,-,2020,DAL LAKE AT SONALANK
3261.0,"DAL LAKE AT NISHAT, WATER INTAKE POINT OF NISHAT WATER TREATMENT PLANT",LAKE,JAMMU & KASHMIR,20,28,3.9,7.8,7.9,8.6,148,258,2.6,4.2,-,-,-,-,-,-,2020,"DAL LAKE AT NISHAT, WATER INTAKE POINT OF NISHAT WATER TREATMENT PLANT"
3262.0,"DAL LAKE AT NIGEEN, WATER INTAKE PT OF POKHRIBAL WATER TREATMENT PLANT",LAKE,JAMMU & KASHMIR,20,28,5.2,8.7,7.5,8.5,132,241,1.0,2.8,-,-,-,-,-,-,2020,"DAL LAKE AT NIGEEN, WATER INTAKE PT OF POKHRIBAL WATER TREATMENT PLANT"
3263.0,WULAR LAKE AT NINGLI NALLAH,LAKE,JAMMU & KASHMIR,12,25,3.9,6.3,7.3,7.4,106,281,0.1,1.5,-,-,-,-,-,-,2020,WULAR LAKE AT NINGLI NALLAH
3264.0,WULAR LAKE AT WATLAB,LAKE,JAMMU & KASHMIR,17,25,3.6,8.7,7.1,7.4,108,269,0.1,3.1,-,-,-,-,-,-,2020,WULAR LAKE AT WATLAB
3265.0,WULAR LAKE ATKANIBATH,LAKE,JAMMU & KASHMIR,20,24,4.1,8.4,7.2,7.3,250,278,2.0,4.1,-,-,-,-,-,-,2020,WULAR LAKE ATKANIBATH
3266.0,WULAR LAKE AT ENTRY PT OF ERIN NALLAH,LAKE,JAMMU & KASHMIR,15,21,3.3,5.4,7.2,7.3,108,180,0.1,2.2,-,-,-,-,-,-,2020,WULAR LAKE AT ENTRY PT OF ERIN NALLAH
4040.0,DAL AT ASHAIBAGH BRIDGE,LAKE,JAMMU & KASHMIR,19,30,5.6,8.7,7.6,8.2,143,227,1.0,2.6,-,-,-,-,-,-,2020,DAL AT ASHAIBAGH BRIDGE
4041.0,DAL AT NAYADYAR,LAKE,JAMMU & KASHMIR,14,29,0.9,3.4,7.0,7.7,316,686,3.2,16.9,-,-,-,-,-,-,2020,DAL AT NAYADYAR
4042.0,DAL AT JOGILANKER,LAKE,JAMMU & KASHMIR,14,29,0.5,3.2,7.1,7.5,350,708,3.6,17.4,-,-,-,-,-,-,2020,DAL AT JOGILANKER
4043.0,ANCHAR AT SINDH INFLOW,LAKE,JAMMU & KASHMIR,13,27,2.7,8.0,7.3,7.8,125,528,1.4,3.6,-,-,-,-,-,-,2020,ANCHAR AT SINDH INFLOW
4044.0,ANCHAR AT CENTRAL SITE,LAKE,JAMMU & KASHMIR,16,30,2.7,7.2,7.1,7.6,228,417,1.6,4.5,-,-,-,-,-,-,2020,ANCHAR AT CENTRAL SITE
4045.0,ANCHAR AT SANGAM,LAKE,JAMMU & KASHMIR,17,29,0.7,4.5,7.1,7.3,185,520,2.4,4.9,-,-,-,-,-,-,2020,ANCHAR AT SANGAM
4046.0,ANCHAR NEAR LKIMS,LAKE,JAMMU & KASHMIR,19,29,0.7,2.6,7.1,8.3,205,505,3.4,6.4,-,-,-,-,-,-,2020,ANCHAR NEAR LKIMS
,,,,Min,Max,Min,Max,Min,Max,Min,Max,Min,Max,Min,Max,Min,Max,Min,Max,2020,
4047.0,ANCHAR AT JENAB SAHAB SOURA,LAKE,JAMMU & KASHMIR,17,27,1.0,2.2,7.0,7.2,194,493,4.0,6.2,-,-,-,-,-,-,2020,ANCHAR AT JENAB SAHAB SOURA
4048.0,WULAR AT SADERKOTE,LAKE,JAMMU & KASHMIR,19,24,1.8,7.3,7.0,7.2,103,499,2.4,10.4,-,-,-,-,-,-,2020,WULAR AT SADERKOTE
4049.0,WULAR AT ZALWAN,LAKE,JAMMU & KASHMIR,18,19,2.8,7.2,7.0,7.6,90,241,1.6,5.8,-,-,-,-,-,-,2020,WULAR AT ZALWAN
4050.0,WULAR AT LANKRISH PORA,LAKE,JAMMU & KASHMIR,16,16,3.5,3.5,7.1,7.1,260,260,5.8,5.8,-,-,-,-,-,-,2020,WULAR AT LANKRISH PORA
2394.0,TOP CHANCHI LAKE,LAKE,JHARKHAND,15,33,7.4,7.9,7.4,7.6,-,-,0.9,1.5,-,-,-,-,-,-,2020,TOP CHANCHI LAKE
2398.0,"DIMNA LAKE, DIMNA",LAKE,JHARKHAND,15,33,7.2,7.8,7.4,7.5,152,162,0.7,1.1,1.28,1.76,-,-,-,-,2020,"DIMNA LAKE, DIMNA"
2402.0,HAZARIBAGH MEETHAJHIL,LAKE,JHARKHAND,16,29,6.4,8.3,6.7,7.6,-,-,1.1,2.8,-,-,-,-,-,-,2020,HAZARIBAGH MEETHAJHIL
2393.0,"SHIV GANGA POND, DEOGHAR",POND,JHARKHAND,16,35,8.0,8.8,7.2,8.6,308,318,2.1,18.8,-,-,-,-,-,-,2020,"SHIV GANGA POND, DEOGHAR"
4491.0,"HOLY POND OF SHIV GANGA JARMUNDI, DUMKA",POND,JHARKHAND,15,37,4.5,4.8,8.2,8.6,300,312,2.2,2.6,-,-,-,-,-,-,2020,"HOLY POND OF SHIV GANGA JARMUNDI, DUMKA"
4740.0,"LOCO TALAB ) PUMPU TALAB), AT- BARMASIA, DHANBAD",POND,JHARKHAND,15,32,1.8,5.6,7.2,7.7,-,-,4.8,15.1,-,-,-,-,-,-,2020,"LOCO TALAB ) PUMPU TALAB), AT- BARMASIA, DHANBAD"
4741.0,"RANIBANDH TALAB NEAR ISM, DHANBAD",POND,JHARKHAND,14,30,1.8,6.0,7.1,7.6,-,-,10.5,14.0,-,-,-,-,-,-,2020,"RANIBANDH TALAB NEAR ISM, DHANBAD"
1388.0,"ULSOOR LAKE TRAINING CENTRE OF FISH BREEDING,",LAKE,KARNATAKA,25,27,3.4,8.5,7.0,9.3,317,479,3.0,60.0,0.50,4.31,940,34000,5400,240000,2020,"ULSOOR LAKE TRAINING CENTRE OF FISH BREEDING,"
1446.0,"HEBALLA VALLEY LAKE AT D/S ROAD BRIDGE NR. MANDYA,",LAKE,KARNATAKA,23,28,2.0,6.1,7.5,8.2,387,891,3.0,5.8,2.40,7.50,330,1200,2200,4300,2020,"HEBALLA VALLEY LAKE AT D/S ROAD BRIDGE NR. MANDYA,"
3582.0,HEBBAL LAKE,LAKE,KARNATAKA,20,34,0.3,3.6,7.4,8.5,1076,2490,9.0,17.2,0.83,11.30,2100,4300,8400,13000,2020,HEBBAL LAKE
3583.0,KUKKARAHALLI LAKE,LAKE,KARNATAKA,21,29,6.0,6.9,7.9,9.2,512,633,2.8,5.2,1.00,2.80,580,1700,4300,6300,2020,KUKKARAHALLI LAKE
3584.0,DALAVAI LAKE,LAKE,KARNATAKA,21,32,0.5,3.2,7.3,8.3,722,1176,7.4,15.2,1.90,5.30,2100,6300,8400,14000,2020,DALAVAI LAKE
3585.0,YENNEHOLE LAKE,LAKE,KARNATAKA,19,33,0.3,2.8,7.4,8.4,919,1168,9.6,16.0,2.10,8.40,2100,7000,8400,15000,2020,YENNEHOLE LAKE
3586.0,LIMBHABUDI LAKE,LAKE,KARNATAKA,20,32,4.5,6.0,7.5,8.8,612,1270,3.5,7.5,3.40,7.60,1100,2200,4800,7000,2020,LIMBHABUDI LAKE
3587.0,SHETTYKERE LAKE,LAKE,KARNATAKA,20,32,5.2,6.5,7.5,8.8,494,978,3.0,6.0,1.20,6.50,910,2100,4800,6300,2020,SHETTYKERE LAKE
3591.0,KEMPAMBUDHI LAKE,LAKE,KARNATAKA,24,31,4.1,11.5,6.6,8.3,397,723,3.4,17.0,0.01,4.00,1700,330000,9200,3500000,2020,KEMPAMBUDHI LAKE
3592.0,YEDIYUR LAKE,LAKE,KARNATAKA,24,30,4.0,8.4,7.3,9.2,250,725,3.0,16.0,0.31,3.20,940,15000,5400,160000,2020,YEDIYUR LAKE
3593.0,ULSOOR LAKE TEMPLE,LAKE,KARNATAKA,25,27,3.5,11.3,7.0,9.0,320,500,3.0,25.0,0.90,2.35,4100,210000,24000,1600000,2020,ULSOOR LAKE TEMPLE
,,,,Min,Max,Min,Max,Min,Max,Min,Max,Min,Max,Min,Max,Min,Max,Min,Max,2020,
3601.0,KARIHOBANAHALLI LAKE,LAKE,KARNATAKA,23,30,0.9,5.3,6.5,7.9,992,2644,6.0,32.0,1.00,57.00,630,94000,5400,540000,2020,KARIHOBANAHALLI LAKE
3602.0,BELLANDUR LAKE,LAKE,KARNATAKA,25,29,0.3,6.5,6.5,7.5,554,2107,0.5,32.0,1.61,16.00,12000,7000000,92000,54000000,2020,BELLANDUR LAKE
3608.0,VARTHUR LAKE,LAKE,KARNATAKA,25,29,0.3,6.8,6.5,8.1,880,1520,3.0,174.0,1.85,7.60,7000,23000000,54000,240000000,2020,VARTHUR LAKE
3609.0,IBBALUR LAKE,LAKE,KARNATAKA,25,28,0.5,6.2,6.6,8.0,328,1386,3.5,31.0,0.51,10.00,330,3300000,3500,24000000,2020,IBBALUR LAKE
3610.0,TUBRAHALLI LAKE,LAKE,KARNATAKA,24,30,0.5,10.5,6.8,8.4,1250,2050,6.0,70.0,1.20,4.56,4800,2100000,7000,16000000,2020,TUBRAHALLI LAKE
3611.0,KAIKONDANAHALLI LAKE,LAKE,KARNATAKA,25,29,3.4,6.5,6.9,8.0,702,1961,3.0,20.0,0.60,9.00,3300,94000,24000,540000,2020,KAIKONDANAHALLI LAKE
3612.0,AGARAM LAKE,LAKE,KARNATAKA,25,28,3.7,6.8,6.8,7.5,814,1103,3.4,15.0,0.72,8.00,4800,70000,35000,920000,2020,AGARAM LAKE
3613.0,GOTTIGERE LAKE,LAKE,KARNATAKA,25,25,6.1,6.1,6.5,6.5,1101,1101,4.0,4.0,1.90,1.90,17000,17000,92000,92000,2020,GOTTIGERE LAKE
3614.0,PUTTENAHALLI LAKE (S),LAKE,KARNATAKA,25,28,3.8,7.1,6.7,7.9,688,1410,2.7,9.0,0.65,4.50,330,110000,3500,920000,2020,PUTTENAHALLI LAKE (S)
3615.0,ARAKERE LAKE,LAKE,KARNATAKA,25,28,2.6,7.2,6.5,7.9,720,1961,3.0,45.0,1.20,6.50,790,46000,9200,350000,2020,ARAKERE LAKE
3616.0,KALENA AGRAHARA LAKE,LAKE,KARNATAKA,25,29,3.4,7.0,6.6,7.9,682,1338,3.1,13.0,0.64,12.00,340,70000,3500,920000,2020,KALENA AGRAHARA LAKE
3617.0,HULIMAVU LAKE,LAKE,KARNATAKA,25,28,4.0,7.1,6.5,7.7,370,1343,2.6,11.0,1.00,2.40,840,79000,9200,540000,2020,HULIMAVU LAKE
3618.0,SINGASANDRA LAKE,LAKE,KARNATAKA,25,29,4.1,11.5,6.4,8.0,378,1472,2.6,20.0,0.70,3.21,630,120000,5400,920000,2020,SINGASANDRA LAKE
3620.0,PARAPPANA AGRAHARA LAKE,LAKE,KARNATAKA,25,28,1.0,6.2,6.4,8.1,641,1482,3.0,24.0,1.06,3.30,630,130000,5400,920000,2020,PARAPPANA AGRAHARA LAKE
3621.0,HARALAKUNTE LAKE,LAKE,KARNATAKA,25,29,0.3,8.4,6.7,7.9,510,1069,3.4,39.0,0.71,11.00,410,3400000,3500,24000000,2020,HARALAKUNTE LAKE
3624.0,PUTTENAHALLI LAKE,LAKE,KARNATAKA,25,30,3.8,6.7,5.3,8.0,575,1100,3.0,13.0,0.84,12.00,460,140000,5400,920000,2020,PUTTENAHALLI LAKE
3625.0,HEBBAL LAKE,LAKE,KARNATAKA,25,28,2.4,6.5,6.0,7.7,178,702,2.0,15.0,0.40,5.89,1500,1400000,16000,9200000,2020,HEBBAL LAKE
3627.0,JAKKUR LAKE,LAKE,KARNATAKA,25,31,2.3,5.8,6.4,9.8,702,1160,7.0,39.0,0.90,7.32,630,1200000,5400,9200000,2020,JAKKUR LAKE
3628.0,AMRUTHAHALLI LAKE,LAKE,KARNATAKA,25,30,3.0,6.1,6.4,8.2,266,1184,3.0,17.0,0.46,3.77,1700,940000,16000,5400000,2020,AMRUTHAHALLI LAKE
3644.0,MULBHAGAL LAKE,LAKE,KARNATAKA,25,25,5.3,5.3,6.9,6.9,1264,1264,7.0,7.0,2.40,2.40,4600,4600,35000,35000,2020,MULBHAGAL LAKE
3645.0,DEVARAYASAMUDRA LAKE,LAKE,KARNATAKA,25,25,6.3,6.3,6.6,6.6,182,182,4.0,4.0,0.46,0.46,4100,4100,24000,24000,2020,DEVARAYASAMUDRA LAKE
3646.0,NARASAPURA LAKE,LAKE,KARNATAKA,23,28,3.4,9.0,7.4,8.2,685,924,3.0,8.0,1.40,5.20,940,12000,5400,92000,2020,NARASAPURA LAKE
3649.0,BUGUDANAHALLI LAKE,LAKE,KARNATAKA,18,32,4.5,7.0,6.1,8.3,135,1612,2.0,8.0,0.12,3.83,390,1200000,5400,9200000,2020,BUGUDANAHALLI LAKE
3654.0,GOTTIGERE LAKE,LAKE,KARNATAKA,25,33,0.5,6.0,5.5,7.8,340,2014,6.0,36.0,0.86,10.00,84,40000,920,350000,2020,GOTTIGERE LAKE
3679.0,BHUTANALA LAKE,LAKE,KARNATAKA,24,30,6.1,8.9,8.1,8.8,386,1200,1.1,9.9,0.61,3.96,500,920,900,1600,2020,BHUTANALA LAKE
,,,,Min,Max,Min,Max,Min,Max,Min,Max,Min,Max,Min,Max,Min,Max,Min,Max,2020,
3680.0,KILLA LAKE,LAKE,KARNATAKA,22,26,6.3,8.9,7.7,8.8,316,456,1.0,4.7,0.52,3.76,350,920,900,1600,2020,KILLA LAKE
3685.0,NAVALOORU LAKE,LAKE,KARNATAKA,24,26,6.5,7.1,7.4,8.3,525,790,3.3,4.3,0.69,0.99,9,120,120,788,2020,NAVALOORU LAKE
4094.0,"GANGONDANA HALLI LAKE, BENGALURU NORTH",LAKE,KARNATAKA,24,36,0.2,6.9,5.7,7.2,243,2887,4.0,258.0,0.87,16.00,3300,1200000,24000,9200000,2020,"GANGONDANA HALLI LAKE, BENGALURU NORTH"
4095.0,"CHIKKABANVARA LAKE, CHIKKABANWARA, BENGALURU NORTH",LAKE,KARNATAKA,25,32,0.6,6.0,6.0,7.9,419,1954,3.3,36.0,1.40,11.00,1700,84000,9200,1600000,2020,"CHIKKABANVARA LAKE, CHIKKABANWARA, BENGALURU NORTH"
4096.0,"ANDHRAHALLI LAKE, ANDHRAHALLI, BENGALURU",LAKE,KARNATAKA,24,36,0.1,6.4,6.5,8.2,306,1572,4.0,30.0,0.72,15.00,940,460000,5400,5400000,2020,"ANDHRAHALLI LAKE, ANDHRAHALLI, BENGALURU"
4097.0,"KACHOHALLI LAKE, KACHOHALLI, BENGALURU NORTH",LAKE,KARNATAKA,24,37,0.5,6.7,6.7,7.5,1204,2278,2.0,39.0,1.30,13.00,490,150000,5400,1600000,2020,"KACHOHALLI LAKE, KACHOHALLI, BENGALURU NORTH"
4504.0,SARAKKI LAKE,LAKE,KARNATAKA,24,30,3.5,7.0,6.6,8.2,329,920,3.0,9.0,0.34,14.00,1100,34000,9200,240000,2020,SARAKKI LAKE
4505.0,NELAMANGALA LAKE,LAKE,KARNATAKA,25,30,4.0,6.5,6.2,9.2,121,2047,3.0,35.0,0.33,20.10,700,1700000,5400,9200000,2020,NELAMANGALA LAKE
4506.0,ABBIGERE LAKE,LAKE,KARNATAKA,24,33,0.4,5.9,6.5,7.0,425,1553,5.0,11.0,0.80,14.00,700,63000,5400,540000,2020,ABBIGERE LAKE
4507.0,CHELEKERE LAKE,LAKE,KARNATAKA,25,31,3.2,7.4,6.1,8.0,267,945,2.0,16.0,0.48,5.60,480,170000,3500,1600000,2020,CHELEKERE LAKE
4508.0,SINGAPURA LAKE,LAKE,KARNATAKA,25,31,0.5,6.0,6.4,8.0,594,1954,3.0,30.0,1.20,13.90,4000,1200000,35000,92000000,2020,SINGAPURA LAKE
4509.0,NARASIPURA LAKE,LAKE,KARNATAKA,24,31,4.0,7.2,6.0,7.9,267,741,2.0,8.0,0.68,4.00,790,2300000,9200,35000000,2020,NARASIPURA LAKE
4510.0,RACHENAHALLI LAKE,LAKE,KARNATAKA,25,31,2.1,5.7,6.6,9.7,729,1368,4.0,30.0,0.77,6.00,6300,46000,54000,540000,2020,RACHENAHALLI LAKE
4514.0,SADRAMANGALA LAKE,LAKE,KARNATAKA,25,28,3.4,6.2,6.1,7.8,577,1405,4.0,10.0,0.03,3.40,480,63000,2400,540000,2020,SADRAMANGALA LAKE
4515.0,BATTARAHALLI LAKE,LAKE,KARNATAKA,25,28,2.4,6.8,6.6,8.2,757,1164,5.0,15.0,0.90,3.08,4600,490000,34000,2400000,2020,BATTARAHALLI LAKE
4516.0,KUNDALAHALLI LAKE,LAKE,KARNATAKA,24,26,4.2,6.9,7.1,7.8,882,1405,3.0,10.0,0.03,3.30,480,17000,3500,160000,2020,KUNDALAHALLI LAKE
4517.0,KOWDHENAHALLI LAKE,LAKE,KARNATAKA,25,27,3.2,8.2,6.1,7.1,287,928,3.0,15.0,1.20,6.71,4100,150000,54000,1600000,2020,KOWDHENAHALLI LAKE
4518.0,GARUDACHARPALYA LAKE,LAKE,KARNATAKA,25,26,2.0,6.1,6.4,8.7,470,885,4.0,15.0,0.48,10.00,700,21000,5400,160000,2020,GARUDACHARPALYA LAKE
4519.0,RAMPURA LAKE,LAKE,KARNATAKA,25,26,0.3,3.0,6.1,7.2,528,1413,6.6,128.0,0.91,13.30,11000,940000,92000,5400000,2020,RAMPURA LAKE
4520.0,CHINNAPANHALLI LAKE,LAKE,KARNATAKA,24,27,0.5,5.2,7.0,9.2,729,1309,6.0,37.5,1.50,11.00,4100,94000,35000,920000,2020,CHINNAPANHALLI LAKE
4521.0,DEVARABEESANAHALLI LAKE,LAKE,KARNATAKA,25,29,2.8,11.0,6.6,8.0,680,1228,3.2,14.0,0.13,3.30,460,63000,3500,540000,2020,DEVARABEESANAHALLI LAKE
4523.0,NALLURAHALLI LAKE,LAKE,KARNATAKA,29,29,1.4,3.0,7.2,7.3,1176,1314,10.0,17.0,4.00,14.00,46000,70000,540000,540000,2020,NALLURAHALLI LAKE
4524.0,PATTANDUR AGARAHARA,LAKE,KARNATAKA,24,29,1.0,5.8,6.7,7.6,445,1415,4.0,12.0,0.70,10.00,4100,330000,24000,3500000,2020,PATTANDUR AGARAHARA
,,,,Min,Max,Min,Max,Min,Max,Min,Max,Min,Max,Min,Max,Min,Max,Min,Max,2020,
4525.0,SEETHARAM PALYA LAKE,LAKE,KARNATAKA,24,29,1.0,4.1,6.7,7.5,1082,2293,9.0,37.0,0.19,16.00,3300,150000,35000,1600000,2020,SEETHARAM PALYA LAKE
4529.0,KASAVANAHALLI LAKE,LAKE,KARNATAKA,25,28,3.6,5.6,6.8,8.0,738,1330,3.0,10.0,1.15,1.90,7900,4800000,54000,35000000,2020,KASAVANAHALLI LAKE
4533.0,ULLALU LAKE,LAKE,KARNATAKA,23,29,2.4,7.2,6.9,8.2,917,1883,4.0,9.0,2.61,47.00,460,11000,3500,92000,2020,ULLALU LAKE
4534.0,SOMPURA LAKE,LAKE,KARNATAKA,25,32,4.7,7.0,6.3,7.6,268,871,2.0,5.0,0.30,4.47,1200,43000,9200,540000,2020,SOMPURA LAKE
4535.0,GUBBALAL KERE,LAKE,KARNATAKA,25,31,0.6,6.5,6.7,7.8,1073,2298,4.0,32.0,3.00,7.00,460,4800000,3500,35000000,2020,GUBBALAL KERE
4536.0,HOSAKEREHALLI LAKE,LAKE,KARNATAKA,20,32,2.4,6.7,6.3,7.9,380,1648,3.0,16.0,1.09,4.10,540,700000,9200,5400000,2020,HOSAKEREHALLI LAKE
4537.0,CHINNAKURCHI KERE,LAKE,KARNATAKA,24,32,5.0,6.9,6.5,8.2,248,593,3.0,5.0,0.61,5.00,1200,70000,9200,350000,2020,CHINNAKURCHI KERE
4538.0,MACHOHALLI LAKE,LAKE,KARNATAKA,23,37,1.0,6.6,6.0,7.4,607,3008,2.0,57.0,1.11,8.11,630,94000,5400,540000,2020,MACHOHALLI LAKE
4539.0,DODDABIDARAKALLU LAKE,LAKE,KARNATAKA,24,35,0.1,7.0,6.5,7.9,294,2086,3.0,38.0,1.39,20.00,1100,1200000,16000,9200000,2020,DODDABIDARAKALLU LAKE
4540.0,KAMMGONDANAHALLI LAKE,LAKE,KARNATAKA,24,32,1.0,6.1,6.1,8.5,313,1553,3.6,120.0,2.00,6.32,790,1100000,5400,9200000,2020,KAMMGONDANAHALLI LAKE
4542.0,BASAVANAPURA LAKE,LAKE,KARNATAKA,25,28,1.9,9.4,6.8,7.9,600,1254,4.0,13.0,0.97,3.40,460,48000,3500,350000,2020,BASAVANAPURA LAKE
4543.0,KODI SINGASANDRA LAKE,LAKE,KARNATAKA,25,29,3.8,6.5,6.7,8.0,337,1104,3.4,18.0,0.68,13.20,1700,110000,9200,1600000,2020,KODI SINGASANDRA LAKE
4544.0,KOTHUNURU LAKE,LAKE,KARNATAKA,25,28,2.6,12.0,6.7,7.6,332,1000,4.2,30.0,0.47,3.30,790,23000,9200,350000,2020,KOTHUNURU LAKE
4545.0,JUNGU KERE,LAKE,KARNATAKA,28,28,3.5,6.2,7.3,7.6,868,1197,4.0,16.0,3.00,9.00,700,7900,5400,92000,2020,JUNGU KERE
4546.0,JAKKSANDRA LAKE,LAKE,KARNATAKA,25,28,1.0,6.3,6.8,7.5,625,1236,4.0,10.0,0.67,13.00,1200,14000,9200,92000,2020,JAKKSANDRA LAKE
4547.0,SWARANA KUNTE,LAKE,KARNATAKA,25,28,4.1,6.0,7.0,7.8,660,1066,4.0,8.0,0.78,3.00,940,140000,5400,1600000,2020,SWARANA KUNTE
3559.0,HULLIGE TANK,TANK,KARNATAKA,20,28,6.8,7.2,7.1,8.7,260,418,3.0,6.0,0.10,0.30,350,1100,1600,3500,2020,HULLIGE TANK
3560.0,MAVENAKERE TANK,TANK,KARNATAKA,24,30,3.8,8.6,8.6,9.4,810,3142,16.0,39.0,0.10,1.25,6300,28000,22000,92000,2020,MAVENAKERE TANK
3561.0,HUNDIKERE (KOPPAL) TANK,TANK,KARNATAKA,20,28,6.8,7.2,7.5,9.1,278,521,4.0,6.0,0.10,0.30,580,1100,2100,3500,2020,HUNDIKERE (KOPPAL) TANK
3565.0,PILIKULA TANK,TANK,KARNATAKA,27,32,5.3,7.6,6.6,7.4,128,166,2.0,3.0,0.08,2.49,2,1600,7,1600,2020,PILIKULA TANK
3588.0,KARANJIKERE TANK,TANK,KARNATAKA,21,26,4.5,6.7,7.2,8.4,552,868,3.0,7.2,1.50,5.00,780,1300,4300,6300,2020,KARANJIKERE TANK
3589.0,MADIWALA TANK,TANK,KARNATAKA,25,28,4.5,6.9,6.5,7.6,487,1661,3.0,9.0,0.83,3.80,940,940000,5400,9200000,2020,MADIWALA TANK
3590.0,LALBAGH TANK,TANK,KARNATAKA,24,30,4.0,8.2,6.9,8.2,399,592,4.0,9.0,0.12,3.31,230,14000,3500,160000,2020,LALBAGH TANK
3594.0,SANKEY TANK,TANK,KARNATAKA,25,27,3.6,7.6,6.5,8.6,357,570,3.0,8.0,0.18,4.59,230,70000,3500,540000,2020,SANKEY TANK
3595.0,BYRASANDRA TANK,TANK,KARNATAKA,25,28,0.5,6.3,6.0,8.3,426,1469,4.0,41.0,0.58,4.00,4600,210000,54000,1600000,2020,BYRASANDRA TANK
,,,,Min,Max,Min,Max,Min,Max,Min,Max,Min,Max,Min,Max,Min,Max,Min,Max,2020,
3596.0,NAYANDANAHALLI TANK,TANK,KARNATAKA,22,28,4.0,6.8,5.6,6.6,187,415,3.0,6.0,0.41,2.89,700,150000,5400,1600000,2020,NAYANDANAHALLI TANK
3597.0,HESARAGHATTA TANK,TANK,KARNATAKA,24,34,0.9,6.7,6.3,7.7,76,1852,2.0,31.0,0.82,4.50,790,170000,9200,1600000,2020,HESARAGHATTA TANK
3598.0,HEROHALLI TANK,TANK,KARNATAKA,23,36,2.5,12.0,6.7,8.7,124,1228,4.0,29.0,1.15,4.70,700,1200000,5400,9200000,2020,HEROHALLI TANK
3599.0,MADAVARA TANK,TANK,KARNATAKA,23,35,3.0,6.2,6.2,8.5,525,1594,4.0,20.0,1.00,5.90,79,48000,9200,350000,2020,MADAVARA TANK
3600.0,SHIVAPURA TANK,TANK,KARNATAKA,22,30,0.5,8.4,6.5,8.2,1114,3780,6.0,46.0,2.42,16.00,1100,1500000,9200,16000000,2020,SHIVAPURA TANK
3603.0,VENGAIHNAKERE,TANK,KARNATAKA,25,33,0.5,6.5,6.6,7.5,277,1791,4.0,50.0,1.66,12.20,840,480000,9200,5400000,2020,VENGAIHNAKERE
3604.0,DODDANAKUNDI TANK,TANK,KARNATAKA,25,25,4.6,5.3,6.2,6.9,714,791,5.0,8.0,1.10,3.61,6300,17000,54000,92000,2020,DODDANAKUNDI TANK
3605.0,YELLAMALLAPPA TANK,TANK,KARNATAKA,25,28,0.5,5.8,6.3,7.7,637,1988,4.0,51.0,1.40,29.00,790,94000,16000,920000,2020,YELLAMALLAPPA TANK
3606.0,DASARAHALLI TANK,TANK,KARNATAKA,24,33,0.6,13.5,6.4,7.6,243,1354,3.0,13.0,0.73,13.00,700,48000,5400,350000,2020,DASARAHALLI TANK
3607.0,KALKERE TANK,TANK,KARNATAKA,25,28,0.5,8.6,6.0,8.2,525,1973,4.0,40.0,0.83,7.40,4600,1400000,35000,9200000,2020,KALKERE TANK
3619.0,BEGUR TANK,TANK,KARNATAKA,25,28,2.0,6.2,6.5,7.9,726,1478,3.0,29.0,0.60,8.73,400,120000,3500,920000,2020,BEGUR TANK
3623.0,ANEKAL DODDAKERE TANK,TANK,KARNATAKA,25,30,3.3,8.2,6.5,8.3,351,2770,2.0,22.0,1.10,7.46,460,140000,3500,920000,2020,ANEKAL DODDAKERE TANK
3626.0,NAGAVARA TANK,TANK,KARNATAKA,25,32,2.1,8.5,6.4,7.9,267,1185,3.0,21.0,0.80,5.80,120,46000000,920,350000000,2020,NAGAVARA TANK
3629.0,ALLASANDRA TANK,TANK,KARNATAKA,25,30,3.0,7.5,7.0,9.0,474,1445,4.0,13.0,1.00,3.30,4600,3300000,35000,24000000,2020,ALLASANDRA TANK
3630.0,YELAHANKA TANK,TANK,KARNATAKA,25,31,0.5,7.8,5.9,9.7,428,1443,2.0,35.0,1.22,6.90,3300,110000,35000,1600000,2020,YELAHANKA TANK
3632.0,VEERAPURA TANK,TANK,KARNATAKA,24,26,0.5,6.1,6.3,7.8,262,2880,4.0,77.0,0.90,5.74,630,940000,5400,5400000,2020,VEERAPURA TANK
3633.0,SUBRAMANYAPURA TANK,TANK,KARNATAKA,25,34,3.8,7.0,6.4,7.9,920,1853,4.0,28.0,1.40,7.72,580,58000,9200,920000,2020,SUBRAMANYAPURA TANK
3634.0,DEVARAKERE TANK,TANK,KARNATAKA,24,35,3.5,6.8,6.5,7.7,261,1936,2.6,9.0,0.61,2.18,460,130000,5400,920000,2020,DEVARAKERE TANK
3635.0,MALATHAHALLI TANK,TANK,KARNATAKA,20,29,0.3,5.2,6.6,7.9,912,1570,5.0,95.0,2.10,11.00,6300,15000000,54000,160000000,2020,MALATHAHALLI TANK
3636.0,BANDEMATTA TANK,TANK,KARNATAKA,24,29,0.5,6.1,6.5,8.0,670,1276,4.0,15.0,2.00,11.70,4300,15000,35000,160000,2020,BANDEMATTA TANK
3637.0,BYRAMANGALA TANK,TANK,KARNATAKA,25,26,0.9,6.5,6.5,7.6,850,1330,4.0,28.0,0.32,5.40,1400,140000,9200,1600000,2020,BYRAMANGALA TANK
3638.0,ANNAYAPPA TANK,TANK,KARNATAKA,24,31,4.3,6.7,6.5,8.0,225,400,3.0,8.0,0.02,3.10,480,11000,3500,92000,2020,ANNAYAPPA TANK
3639.0,KENGERI TANK,TANK,KARNATAKA,24,30,2.8,6.8,6.5,7.6,314,1822,3.2,13.0,0.65,6.81,4600,94000,35000,920000,2020,KENGERI TANK
3640.0,UTTARAHALLI DORAIKERE,TANK,KARNATAKA,25,35,2.5,5.8,6.7,9.0,165,681,5.0,59.0,0.50,5.78,2300,940000,35000,5400000,2020,UTTARAHALLI DORAIKERE
3641.0,DHOREKERE TANK,TANK,KARNATAKA,24,35,0.5,7.5,6.5,8.1,402,990,4.0,83.0,0.19,6.00,940,460000,9200,3500000,2020,DHOREKERE TANK
,,,,Min,Max,Min,Max,Min,Max,Min,Max,Min,Max,Min,Max,Min,Max,Min,Max,2020,
3642.0,JIGANI TNAK,TANK,KARNATAKA,25,27,3.6,8.5,6.3,8.2,393,1378,3.0,18.0,1.00,5.90,460,170000,5400,1600000,2020,JIGANI TNAK
3643.0,BEENNIGANAHALLI TANK,TANK,KARNATAKA,24,27,0.8,8.3,6.6,8.2,302,865,3.0,16.0,1.00,2.50,1200,46000,9200,540000,2020,BEENNIGANAHALLI TANK
3648.0,MYDALA TANK,TANK,KARNATAKA,25,32,3.2,7.6,6.6,8.0,133,415,2.0,12.0,0.29,4.00,460,11000,5400,92000,2020,MYDALA TANK
3650.0,MELEKOTE TANK,TANK,KARNATAKA,20,32,1.0,6.0,6.5,7.9,519,1443,4.0,12.0,0.49,9.00,460,940000,5400,5400000,2020,MELEKOTE TANK
3651.0,BHEEMSANDRA TANK,TANK,KARNATAKA,19,32,1.0,6.4,6.8,7.9,926,1719,6.1,19.0,1.00,20.50,460,70000,3500,350000,2020,BHEEMSANDRA TANK
3653.0,DODDAKERE TANK,TANK,KARNATAKA,24,31,4.5,7.6,6.2,8.2,136,556,2.0,8.0,0.32,4.40,63,15000,540,160000,2020,DODDAKERE TANK
3656.0,NALLIKATTE KERE TANK,TANK,KARNATAKA,27,27,4.6,4.6,7.7,7.7,510,510,3.0,3.0,0.20,0.20,680,680,3900,3900,2020,NALLIKATTE KERE TANK
3657.0,KANCHANAHALLI KOPPALU KERE,TANK,KARNATAKA,24,28,3.6,5.2,8.0,8.2,1410,3260,4.0,8.0,0.70,1.30,680,930,4300,7900,2020,KANCHANAHALLI KOPPALU KERE
3659.0,MAKANA KERE,TANK,KARNATAKA,24,28,2.8,5.1,7.3,7.8,580,1190,3.6,6.0,0.13,0.68,920,3400,7000,17000,2020,MAKANA KERE
3660.0,HUNASINA KERE TANK,TANK,KARNATAKA,24,28,4.9,6.5,7.5,7.9,430,530,1.8,3.0,0.14,0.20,340,780,2400,4900,2020,HUNASINA KERE TANK
3661.0,KOKKANAGHATTADODDAKERE TANK,TANK,KARNATAKA,24,28,4.7,6.8,7.7,8.5,470,1470,3.0,5.0,0.32,1.40,320,780,2400,4000,2020,KOKKANAGHATTADODDAKERE TANK
3662.0,KOUSHIKA KERE,TANK,KARNATAKA,23,28,5.3,6.9,7.7,8.0,390,450,2.0,2.4,0.13,0.26,170,260,1100,2200,2020,KOUSHIKA KERE
3663.0,JOLADAKATTE TANK,TANK,KARNATAKA,23,27,4.8,6.8,7.7,8.1,450,620,2.0,3.0,0.14,0.30,270,470,2200,3500,2020,JOLADAKATTE TANK
3664.0,BASAVANAHALLIKERE TANK,TANK,KARNATAKA,24,28,4.5,6.9,7.7,8.0,390,480,2.2,3.0,0.20,0.25,320,680,2200,4000,2020,BASAVANAHALLIKERE TANK
3665.0,LINGAPPANAKATTE TANK,TANK,KARNATAKA,23,28,5.1,6.3,7.8,8.1,450,640,2.2,3.0,0.17,0.30,320,780,1600,4000,2020,LINGAPPANAKATTE TANK
3666.0,GANIGARAHOSAHALLIKERE TANK,TANK,KARNATAKA,24,28,4.9,7.4,7.8,8.1,410,480,2.0,3.0,0.10,0.20,140,390,920,2800,2020,GANIGARAHOSAHALLIKERE TANK
3667.0,SATHENAHALLIDODDAKERE TANK,TANK,KARNATAKA,24,28,4.8,6.2,7.8,8.1,500,1100,2.0,3.8,0.20,1.10,260,700,1700,5400,2020,SATHENAHALLIDODDAKERE TANK
3668.0,SOUDRALLI KERE,TANK,KARNATAKA,23,28,5.0,6.4,7.5,8.0,440,760,2.0,3.0,0.10,0.29,210,490,1700,3500,2020,SOUDRALLI KERE
3669.0,PEREMINAHALLI KERE,TANK,KARNATAKA,24,27,4.9,6.2,7.6,7.9,400,560,2.0,3.0,0.10,0.20,170,490,2100,3500,2020,PEREMINAHALLI KERE
3670.0,INORKATTE KERE,TANK,KARNATAKA,24,27,4.2,7.0,7.5,7.8,340,460,1.8,3.0,0.13,0.25,320,490,1700,2800,2020,INORKATTE KERE
3671.0,HANUMANTHAPURAKATTE TANK,TANK,KARNATAKA,24,28,5.2,7.1,7.5,7.7,380,460,2.0,3.0,0.17,0.24,210,400,1300,2800,2020,HANUMANTHAPURAKATTE TANK
3672.0,SANKALAPURAKERE TANK,TANK,KARNATAKA,25,28,4.8,5.8,7.5,7.9,410,470,2.0,3.0,0.18,0.23,170,260,1100,1400,2020,SANKALAPURAKERE TANK
3673.0,AVALI KERE,TANK,KARNATAKA,24,28,3.0,4.6,7.6,8.1,1280,1820,4.0,6.0,0.80,1.60,610,940,4600,5400,2020,AVALI KERE
3674.0,SATHYAMANGALA KERE,TANK,KARNATAKA,24,28,5.2,6.6,7.6,8.0,340,400,2.0,2.6,0.10,0.20,120,400,1100,2200,2020,SATHYAMANGALA KERE
,,,,Min,Max,Min,Max,Min,Max,Min,Max,Min,Max,Min,Max,Min,Max,Min,Max,2020,
3675.0,B KATIHALLI KERE,TANK,KARNATAKA,24,28,5.1,7.2,7.5,8.0,280,420,2.0,2.8,0.16,0.26,140,220,920,1700,2020,B KATIHALLI KERE
3676.0,GAVENAHALLIKERE,TANK,KARNATAKA,23,27,4.9,6.6,7.6,8.2,280,360,2.0,2.6,0.10,0.18,110,270,940,1700,2020,GAVENAHALLIKERE
3677.0,SHARANABAWESHWARA KERE TANK,TANK,KARNATAKA,26,31,6.8,7.4,7.5,8.9,938,2296,4.5,16.0,0.10,0.86,700,2200,2800,9200,2020,SHARANABAWESHWARA KERE TANK
3681.0,ANGOL MI TANK,TANK,KARNATAKA,21,30,0.3,6.7,6.8,8.0,394,658,3.4,17.1,0.72,4.15,900,1800,1600,3200,2020,ANGOL MI TANK
3682.0,KAKATI POND,TANK,KARNATAKA,21,28,4.9,8.7,8.4,9.4,760,4300,1.5,5.2,0.81,4.96,900,920,1600,1600,2020,KAKATI POND
3683.0,HEREKERE TANK,TANK,KARNATAKA,23,26,5.2,5.7,6.9,7.5,806,1597,4.5,8.4,1.17,1.70,70,187,278,698,2020,HEREKERE TANK
3684.0,KELEGERE TANK,TANK,KARNATAKA,23,25,7.1,7.9,7.4,8.3,358,452,3.1,3.9,0.44,0.63,8,177,94,849,2020,KELEGERE TANK
3686.0,NIRASAGARAKERE TANK,TANK,KARNATAKA,24,26,7.2,7.8,7.6,8.3,301,903,2.1,3.7,0.27,0.82,2,39,11,175,2020,NIRASAGARAKERE TANK
3687.0,NUGGIKERE TANK,TANK,KARNATAKA,24,26,6.8,7.2,7.3,8.2,554,869,3.2,4.2,0.42,0.72,5,96,39,302,2020,NUGGIKERE TANK
3688.0,SUDANAKERE TANK,TANK,KARNATAKA,23,25,6.8,7.4,7.2,8.3,650,1070,3.2,3.7,0.47,0.75,5,48,109,1161,2020,SUDANAKERE TANK
3689.0,SOMESHWARAKERE TANK,TANK,KARNATAKA,23,25,6.6,6.9,7.2,8.2,693,1169,3.4,4.2,0.13,1.29,2,58,27,154,2020,SOMESHWARAKERE TANK
3690.0,UNAKALKERE TANK,TANK,KARNATAKA,24,26,7.1,7.3,7.4,8.3,809,975,3.5,4.3,0.75,1.08,13,253,130,1005,2020,UNAKALKERE TANK
3691.0,VIMANABHUTHIKERE TANK,TANK,KARNATAKA,26,29,6.7,7.6,7.0,8.2,110,270,1.8,2.5,0.30,1.00,240,500,800,900,2020,VIMANABHUTHIKERE TANK
3692.0,KUNDUVADAKERE TANK,TANK,KARNATAKA,25,29,4.0,7.3,7.2,8.2,120,298,2.0,5.0,0.30,5.90,600,15000,900,160000,2020,KUNDUVADAKERE TANK
3693.0,BHATHIKERE TANK,TANK,KARNATAKA,27,29,5.2,7.0,6.9,8.3,320,1070,3.4,16.0,0.30,23.20,5000,11000,7000,22000,2020,BHATHIKERE TANK
3694.0,SHANTHISAGARKERE TANK,TANK,KARNATAKA,26,33,6.8,7.8,7.1,8.2,152,290,2.4,3.0,0.30,0.90,500,900,1400,2200,2020,SHANTHISAGARKERE TANK
3695.0,KONDAGGIKERE TANK,TANK,KARNATAKA,27,30,4.1,7.9,7.0,8.3,182,676,2.8,4.0,0.30,0.70,900,1400,2200,2800,2020,KONDAGGIKERE TANK
3696.0,AIANAKERE TANK,TANK,KARNATAKA,25,29,2.2,6.9,8.2,8.5,1020,1390,4.6,102.0,0.30,4.30,50000,140000,110000,220000,2020,AIANAKERE TANK
3697.0,MATTADAKERE TANK,TANK,KARNATAKA,25,31,3.9,7.1,7.1,8.3,530,1080,4.8,32.0,0.30,35.00,5000,40000,8000,60000,2020,MATTADAKERE TANK
4092.0,"MANCHALAPUR TANK, MANCHALAPUR, RAICHUR TQ & DIST",TANK,KARNATAKA,25,31,6.5,7.4,7.5,9.2,978,2553,9.0,16.0,0.10,0.32,2400,11000,9200,43000,2020,"MANCHALAPUR TANK, MANCHALAPUR, RAICHUR TQ & DIST"
4498.0,"SANAVALLI DAM, MUNGOD",TANK,KARNATAKA,24,26,7.1,7.7,6.7,7.6,128,217,2.3,2.6,0.21,0.72,4,26,14,94,2020,"SANAVALLI DAM, MUNGOD"
4501.0,MANCHANABALE DAM,TANK,KARNATAKA,25,26,3.2,7.2,7.0,8.5,842,1306,4.0,9.0,0.29,18.40,400,17000,2400,92000,2020,MANCHANABALE DAM
4502.0,RAMAMMANA KERE,TANK,KARNATAKA,25,26,0.9,6.0,7.1,8.6,898,1325,6.0,16.0,0.62,18.60,630,15000,5400,160000,2020,RAMAMMANA KERE
4503.0,MADHURE TANK,TANK,KARNATAKA,24,26,0.1,7.2,6.4,8.5,187,1178,2.3,78.0,0.50,6.62,4300,7000000,35000,54000000,2020,MADHURE TANK
,,,,Min,Max,Min,Max,Min,Max,Min,Max,Min,Max,Min,Max,Min,Max,Min,Max,2020,
4512.0,MANCHANABALE DAM,TANK,KARNATAKA,25,37,0.3,6.1,6.5,7.4,161,1648,4.0,114.0,0.76,12.00,790,1200000,9200,9200000,2020,MANCHANABALE DAM
4513.0,RAMAMMANA KERE,TANK,KARNATAKA,24,34,0.6,7.0,6.3,7.6,301,2297,3.0,13.0,0.66,11.00,460,13000,5400,160000,2020,RAMAMMANA KERE
4526.0,DYAVASANDRA TANK,TANK,KARNATAKA,25,29,2.9,6.1,6.5,7.1,414,685,3.5,11.0,0.90,3.60,630,17000,5400,92000,2020,DYAVASANDRA TANK
4530.0,KAMMASANDRA TANK,TANK,KARNATAKA,20,25,0.3,5.5,6.8,7.8,637,2414,8.0,45.0,2.72,4.74,840,170000,5400,1600000,2020,KAMMASANDRA TANK
4531.0,RAYASANDRA LAKE,TANK,KARNATAKA,20,25,4.1,7.0,6.7,8.6,757,1775,4.0,19.0,0.34,10.47,1500,110000,16000,920000,2020,RAYASANDRA LAKE
4532.0,CHANDAPURA LAKE,TANK,KARNATAKA,21,25,0.5,6.5,6.8,7.9,749,2775,7.0,39.0,2.16,13.10,940,110000,5400,1600000,2020,CHANDAPURA LAKE
4541.0,ALUR KERE,TANK,KARNATAKA,25,25,0.5,6.3,6.1,7.6,76,2307,4.0,12.0,1.00,4.00,1200,6300,9200,54000,2020,ALUR KERE
1383.0,"ORUVATHILKOTTA LAKE, KERALA",LAKE,KERALA,26,29,0.9,2.6,6.2,7.8,241,475,2.3,10.2,0.01,0.11,200,1000,1300,2400,2020,"ORUVATHILKOTTA LAKE, KERALA"
1385.0,"SASTHAMCOTTA LAKE, KERALA",LAKE,KERALA,20,25,6.8,7.5,6.8,7.9,140,174,1.2,2.7,0.67,0.73,40,100,180,380,2020,"SASTHAMCOTTA LAKE, KERALA"
1441.0,"ASHTHAMUDI LAKE AT QUILON, KERALA",LAKE,KERALA,20,23,3.6,5.6,6.6,8.1,18200,19220,2.9,4.5,2.20,2.60,100,220,310,540,2020,"ASHTHAMUDI LAKE AT QUILON, KERALA"
1574.0,"PARAVUR, KERALA",LAKE,KERALA,19,24,6.1,6.8,6.9,7.9,13120,14910,1.7,2.0,1.10,1.70,80,200,310,540,2020,"PARAVUR, KERALA"
1575.0,"VEMBANAD LAKE,KOCHI (OIL TANKER JETTY), KERALA",LAKE,KERALA,27,30,2.3,6.7,6.6,7.7,320,46270,0.1,3.4,0.07,1.39,480,24000,1100,46000,2020,"VEMBANAD LAKE,KOCHI (OIL TANKER JETTY), KERALA"
1576.0,"PERIYAR LAKE AT THEKKADY, KERALA",LAKE,KERALA,21,30,6.7,8.4,6.5,8.0,33,52,0.1,0.9,0.01,0.05,2,400,2,600,2020,"PERIYAR LAKE AT THEKKADY, KERALA"
1577.0,"KODUNGALLOOR, KERALA",LAKE,KERALA,26,31,6.0,8.2,6.7,7.9,300,36100,0.9,2.7,0.04,0.50,17,1700,49,4300,2020,"KODUNGALLOOR, KERALA"
1578.0,"KAYAMKULAM, KERALA",LAKE,KERALA,25,31,2.6,5.7,6.8,8.0,2348,7690,2.7,5.4,0.01,0.32,2,1200,2,2500,2020,"KAYAMKULAM, KERALA"
1579.0,"ALAPPUZHA, KERALA",LAKE,KERALA,25,31,3.9,7.9,6.9,7.9,171,1172,1.1,4.8,0.01,0.77,100,1400,400,2400,2020,"ALAPPUZHA, KERALA"
1580.0,"POOKOTE, KERALA",LAKE,KERALA,24,30,6.8,8.5,6.9,7.5,24,32,0.1,1.6,0.01,0.10,4,120,14,150,2020,"POOKOTE, KERALA"
2312.0,LAKE VEMBANAD AT PATHIRAMANAL (ALAPPUZHA),LAKE,KERALA,25,31,4.9,7.8,6.8,7.4,180,1351,1.8,3.1,0.01,0.24,2,400,2,700,2020,LAKE VEMBANAD AT PATHIRAMANAL (ALAPPUZHA)
2318.0,PAZHASSI RESERVOIR (KANNUR),LAKE,KERALA,24,30,6.6,8.0,6.7,7.5,38,74,0.1,1.4,0.01,0.06,40,140,120,540,2020,PAZHASSI RESERVOIR (KANNUR)
2328.0,RSVR AT MALAMPUZHA,LAKE,KERALA,23,28,6.8,7.9,6.7,7.8,91,128,0.1,1.2,0.01,1.47,2,600,2,920,2020,RSVR AT MALAMPUZHA
2329.0,RSVR AT BHOOTHATHANKETU,LAKE,KERALA,24,29,7.6,8.3,6.3,7.4,20,51,0.1,2.1,0.05,0.95,40,2200,58,7000,2020,RSVR AT BHOOTHATHANKETU
2330.0,RSVR AT EDAMALAYAR,LAKE,KERALA,25,29,7.4,8.2,6.7,7.4,16,30,0.1,1.8,0.01,0.12,10,140,17,330,2020,RSVR AT EDAMALAYAR
,,,,Min,Max,Min,Max,Min,Max,Min,Max,Min,Max,Min,Max,Min,Max,Min,Max,2020,
3470.0,"VELLAYANI LAKE AT VANDITHADOM, THIRUVANANTHAPURAM",LAKE,KERALA,26,29,1.8,6.9,6.0,7.2,102,212,1.4,13.2,0.01,0.01,100,400,400,1400,2020,"VELLAYANI LAKE AT VANDITHADOM, THIRUVANANTHAPURAM"
2325.0,POND AT (PADMANABHA) SREE PADMANABHA SWAMY TEMPLE (TVPM),POND,KERALA,26,29,0.9,4.7,6.8,8.2,265,362,6.6,23.4,0.01,0.01,400,1000,1700,2800,2020,POND AT (PADMANABHA) SREE PADMANABHA SWAMY TEMPLE (TVPM)
3462.0,MANANCHIRA POND AT KOZHEKODE,POND,KERALA,23,29,5.7,8.0,6.5,8.1,51,73,0.1,1.0,0.01,0.38,31,920,54,1200,2020,MANANCHIRA POND AT KOZHEKODE
1401.0,POND NEAR JUMA MASJID,POND,LAKSHADWEEP,31,32,-,-,8.7,8.7,471,586,-,-,-,-,-,-,-,-,2020,POND NEAR JUMA MASJID
4557.0,POND C/O MOHIDHEEN PALLI,POND,LAKSHADWEEP,27,29,-,-,7.2,9.5,490,1648,-,-,-,-,-,-,-,-,2020,POND C/O MOHIDHEEN PALLI
4568.0,POND NEAR KULAPPINAKKAL,POND,LAKSHADWEEP,27,29,-,-,6.8,7.7,646,1663,-,-,-,-,-,-,-,-,2020,POND NEAR KULAPPINAKKAL
1373.0,"UPPER LAKE AT BHOPAL (INTAKE POINT), M.P.",LAKE,MADHYA PRADESH,19,31,6.0,10.7,7.2,8.9,162,914,0.9,2.5,1.02,3.71,2,360,40,22000,2020,"UPPER LAKE AT BHOPAL (INTAKE POINT), M.P."
1374.0,LOWER LAKE AT BHOPAL OUTLET M.P.,LAKE,MADHYA PRADESH,19,31,4.9,8.7,6.9,8.6,347,901,2.9,19.0,0.32,7.44,39,22000,920,1600000,2020,LOWER LAKE AT BHOPAL OUTLET M.P.
1466.0,"MULTAI TANK LAKE AT VILLA. KHARI ON BETUL-AMRAVATI ROAD M.P(.TAPTI NEAR AMARAWATI, ROAD BRIDGE AT VILLAGE KHEDA)",LAKE,MADHYA PRADESH,21,38,7.1,7.2,7.4,8.2,618,813,1.2,11.8,2.20,2.60,3,7,14,75,2020,"MULTAI TANK LAKE AT VILLA. KHARI ON BETUL-AMRAVATI ROAD M.P(.TAPTI NEAR AMARAWATI, ROAD BRIDGE AT VILLAGE KHEDA)"
2128.0,KHANDARI RESERVOIR WATER OFF TAKE POINT,LAKE,MADHYA PRADESH,16,25,7.0,8.4,7.1,8.3,160,482,0.8,1.8,0.21,1.34,2,2,10,47,2020,KHANDARI RESERVOIR WATER OFF TAKE POINT
2130.0,"MADHAV LAKE, SHIVPURI",LAKE,MADHYA PRADESH,20,26,5.9,7.6,7.5,8.3,318,730,1.8,2.9,0.32,1.20,1,8,32,110,2020,"MADHAV LAKE, SHIVPURI"
2131.0,YASHWANT SAGAR AT INDORE,LAKE,MADHYA PRADESH,20,25,6.6,8.2,7.3,8.2,314,795,0.8,1.7,0.82,1.39,1,1,41,110,2020,YASHWANT SAGAR AT INDORE
2132.0,BILAWALI TALAB AT INDORE,LAKE,MADHYA PRADESH,16,28,6.1,8.0,7.7,8.5,373,1080,0.9,1.6,0.64,1.74,1,1,41,158,2020,BILAWALI TALAB AT INDORE
2133.0,SIRPUR TALAB AT INDORE,LAKE,MADHYA PRADESH,16,25,6.6,8.6,7.6,8.1,280,642,1.0,1.4,0.01,1.68,1,1,43,110,2020,SIRPUR TALAB AT INDORE
2134.0,NAGCHUN TALAB AT KHANDWA,LAKE,MADHYA PRADESH,19,24,6.0,7.8,7.2,8.3,265,492,0.9,1.3,0.62,1.37,1,2,39,63,2020,NAGCHUN TALAB AT KHANDWA
2135.0,GOVINDGARH LAKE,LAKE,MADHYA PRADESH,19,31,6.6,8.3,7.1,8.1,209,382,0.7,2.0,0.18,0.67,2,18,32,49,2020,GOVINDGARH LAKE
2136.0,"SHAHPURA LAKE AT WEIR NEAR AYUSHMAN HOSPITAL, BHOPAL",LAKE,MADHYA PRADESH,19,31,5.9,10.3,7.2,8.4,512,667,1.2,20.0,1.02,15.94,10,35000,540,1600000,2020,"SHAHPURA LAKE AT WEIR NEAR AYUSHMAN HOSPITAL, BHOPAL"
,,,,Min,Max,Min,Max,Min,Max,Min,Max,Min,Max,Min,Max,Min,Max,Min,Max,2020,
2137.0,UPPER LAKE AT YATCH CLUB,LAKE,MADHYA PRADESH,20,31,8.0,10.3,7.5,8.8,93,902,0.1,2.0,1.02,3.95,2,1600,34,28000,2020,UPPER LAKE AT YATCH CLUB
2138.0,UPPER LAKE AT KARBALA CLUB,LAKE,MADHYA PRADESH,20,31,8.3,10.9,7.7,8.2,160,905,1.2,3.9,1.29,3.48,2,2400,47,43000,2020,UPPER LAKE AT KARBALA CLUB
2139.0,UPPER LAKE AT BAIRAGARH CLUB,LAKE,MADHYA PRADESH,19,31,7.9,10.2,7.7,8.4,180,922,1.4,3.4,1.32,7.44,2,17000,46,92000,2020,UPPER LAKE AT BAIRAGARH CLUB
2140.0,"KERWA DAM NEAR REST HOUSE, BPL",LAKE,MADHYA PRADESH,20,32,3.4,9.7,7.4,8.0,212,857,0.1,2.7,1.02,3.50,2,84,21,17000,2020,"KERWA DAM NEAR REST HOUSE, BPL"
2141.0,JANUNIA TALAB NEAR W/S,LAKE,MADHYA PRADESH,28,30,8.6,9.0,7.8,8.2,273,476,1.6,2.3,0.65,0.82,2,2,21,70,2020,JANUNIA TALAB NEAR W/S
2142.0,"KALISINDH RESERVOIR AT SARANGPUR, RAJGARH",LAKE,MADHYA PRADESH,12,26,6.8,8.0,7.2,7.9,210,666,1.2,1.8,0.10,2.00,2,3,24,52,2020,"KALISINDH RESERVOIR AT SARANGPUR, RAJGARH"
3296.0,CHORAL DAM NEAR INDORE,LAKE,MADHYA PRADESH,20,25,6.8,7.8,7.3,8.2,264,665,0.6,2.1,0.71,1.84,1,1,32,63,2020,CHORAL DAM NEAR INDORE
4614.0,SUPTAL JABALPUR,LAKE,MADHYA PRADESH,16,24,6.4,7.6,7.3,8.1,220,802,1.8,4.8,0.25,2.10,2,70,17,1600,2020,SUPTAL JABALPUR
4615.0,GANGA SAGAR JABALPUR,LAKE,MADHYA PRADESH,16,24,5.5,7.8,6.3,8.4,180,911,2.5,7.8,0.12,1.60,2,170,11,1600,2020,GANGA SAGAR JABALPUR
4622.0,KOPTAL LAKE AT WATER SUPPLY INTAKE POINT CHHATARPUR,LAKE,MADHYA PRADESH,19,31,6.8,7.5,7.1,7.8,168,294,0.8,1.8,0.01,0.17,2,2,2,27,2020,KOPTAL LAKE AT WATER SUPPLY INTAKE POINT CHHATARPUR
3297.0,"MITHA TALAB, DEWAS",POND,MADHYA PRADESH,22,24,6.6,7.6,7.3,7.9,350,493,1.8,3.4,0.75,1.25,2,36,29,150,2020,"MITHA TALAB, DEWAS"
3298.0,POND WATER AT LAKODA,POND,MADHYA PRADESH,24,26,7.2,7.6,7.6,7.8,264,768,1.6,2.0,0.48,0.82,2,2,40,49,2020,POND WATER AT LAKODA
3299.0,HANUMANTAL JABALPUR,POND,MADHYA PRADESH,16,24,6.0,7.8,7.4,7.8,226,641,0.8,4.8,0.12,2.00,1,120,17,540,2020,HANUMANTAL JABALPUR
3300.0,"RANITAL TALAB, JABALPUR",POND,MADHYA PRADESH,16,26,5.0,7.6,7.1,7.9,310,857,1.9,4.2,0.12,3.20,2,220,20,1600,2020,"RANITAL TALAB, JABALPUR"
3301.0,MOTI TALAB AT BALAGHAT,POND,MADHYA PRADESH,16,29,6.1,7.6,7.1,8.2,234,513,0.9,4.2,0.01,1.60,2,27,7,540,2020,MOTI TALAB AT BALAGHAT
3302.0,"PIPLIYA PALA TALAB, INDORE",POND,MADHYA PRADESH,16,25,6.8,8.5,7.6,8.4,382,618,1.1,1.6,0.83,2.02,1,1,48,140,2020,"PIPLIYA PALA TALAB, INDORE"
3303.0,"RANI TALAB, REWA",POND,MADHYA PRADESH,19,32,6.3,7.8,7.2,8.1,270,544,0.7,1.9,0.19,0.80,2,18,27,48,2020,"RANI TALAB, REWA"
3304.0,"RIHAND RESRVOIR, SINGRAULI",POND,MADHYA PRADESH,18,38,6.7,7.1,7.5,7.5,150,520,0.1,1.8,0.40,2.30,-,-,-,-,2020,"RIHAND RESRVOIR, SINGRAULI"
3830.0,"GOKALPUR TALAB, DIST JABALPUR",POND,MADHYA PRADESH,17,24,5.4,7.8,7.3,8.6,45,964,0.9,4.2,0.12,1.10,2,280,25,1600,2020,"GOKALPUR TALAB, DIST JABALPUR"
,,,,Min,Max,Min,Max,Min,Max,Min,Max,Min,Max,Min,Max,Min,Max,Min,Max,2020,
3831.0,"DAL SAGAR TALAB, DIST SEONI",POND,MADHYA PRADESH,17,26,6.0,8.2,6.7,8.6,290,5640,0.9,4.0,0.18,1.60,2,11,7,920,2020,"DAL SAGAR TALAB, DIST SEONI"
3849.0,SITAPAT TALAB DHAR,POND,MADHYA PRADESH,19,26,6.2,7.6,7.6,8.8,302,525,0.8,1.4,0.09,2.68,1,1,31,63,2020,SITAPAT TALAB DHAR
3850.0,BAGDOON TALAB PITHAMPUR SANJAY JALASHAY PITHAMPUR,POND,MADHYA PRADESH,19,24,6.9,7.9,7.1,8.1,220,496,0.8,1.3,0.62,1.37,1,1,16,63,2020,BAGDOON TALAB PITHAMPUR SANJAY JALASHAY PITHAMPUR
2129.0,PERIAT TANK NEAR WSS INTAKE POINT JABALPUR,TANK,MADHYA PRADESH,17,25,7.0,8.2,7.0,8.2,162,391,0.8,1.9,0.21,1.10,2,2,11,48,2020,PERIAT TANK NEAR WSS INTAKE POINT JABALPUR
1425.0,LOKTAK LAKE AT THANA,LAKE,MANIPUR,20,28,6.9,7.3,6.9,7.6,130,224,3.0,3.5,-,-,5,30,35,110,2020,LOKTAK LAKE AT THANA
1426.0,LOKTAK LAKE AT BISHNUPUR,LAKE,MANIPUR,20,29,6.6,7.8,6.7,7.5,150,220,2.9,3.4,-,-,5,35,35,90,2020,LOKTAK LAKE AT BISHNUPUR
1629.0,LOKTAK LAKE AT SENDRA,LAKE,MANIPUR,20,28,6.3,7.5,7.1,7.5,120,240,2.8,3.7,-,-,10,25,45,80,2020,LOKTAK LAKE AT SENDRA
1630.0,LOKTAK LAKE AT KARANG ISLAND,LAKE,MANIPUR,20,28,6.7,7.5,7.1,7.6,125,380,3.0,3.8,-,-,2,10,15,55,2020,LOKTAK LAKE AT KARANG ISLAND
2837.0,PUMLEN LAKE AT TOKPACHING,LAKE,MANIPUR,18,28,6.7,7.7,7.2,7.6,140,380,3.2,3.8,-,-,10,35,15,60,2020,PUMLEN LAKE AT TOKPACHING
2839.0,PUKHRI AT LANGMEIDONG,POND,MANIPUR,18,28,6.7,7.8,7.3,7.6,210,370,3.3,3.8,-,-,10,10,30,90,2020,PUKHRI AT LANGMEIDONG
2840.0,LAMJAO PUKHURI AT ACHOUBA,POND,MANIPUR,18,29,6.6,7.4,7.4,7.6,180,360,3.1,3.4,-,-,2,2,10,95,2020,LAMJAO PUKHURI AT ACHOUBA
2841.0,HIRANMEI PUKHURI AT THOUBAL,POND,MANIPUR,17,28,5.6,7.3,6.7,7.6,70,510,3.0,4.2,-,-,20,60,75,195,2020,HIRANMEI PUKHURI AT THOUBAL
2842.0,LANGMEIDONG PUKHURI AT THOUBAL,POND,MANIPUR,18,29,6.4,7.6,7.2,7.5,205,330,3.0,3.8,-,-,5,25,35,105,2020,LANGMEIDONG PUKHURI AT THOUBAL
2843.0,POND AT LALAMBUNG,POND,MANIPUR,18,28,5.9,7.1,7.0,7.5,80,380,3.0,3.9,-,-,5,20,40,70,2020,POND AT LALAMBUNG
2844.0,LILONG PUKHURI,POND,MANIPUR,16,28,6.3,7.5,7.2,8.1,70,310,3.0,4.2,-,-,5,10,25,65,2020,LILONG PUKHURI
2845.0,POND AT NGAIRANGBAM,POND,MANIPUR,3,28,6.1,7.2,6.4,8.1,125,240,3.2,3.8,-,-,-,-,5,75,2020,POND AT NGAIRANGBAM
2846.0,POND AT MOIDANGPOK,POND,MANIPUR,19,28,6.3,7.3,6.3,7.7,50,215,3.0,3.6,-,-,9,9,15,45,2020,POND AT MOIDANGPOK
2847.0,POND AT MAIBAM LOKPACHING,POND,MANIPUR,20,29,5.7,7.9,6.8,7.5,140,264,2.8,4.1,-,-,10,35,35,93,2020,POND AT MAIBAM LOKPACHING
2848.0,POND AT KAKWA BAZAR,POND,MANIPUR,18,28,5.3,6.7,7.2,8.1,150,670,3.3,4.3,-,-,25,45,85,165,2020,POND AT KAKWA BAZAR
2849.0,CHANAM PUKHURI,POND,MANIPUR,18,29,5.6,6.7,7.1,8.7,150,600,3.3,4.2,-,-,20,40,65,155,2020,CHANAM PUKHURI
2850.0,NINGTHEM PUKHURI,POND,MANIPUR,17,28,5.1,8.1,7.1,7.8,90,370,3.0,4.5,-,-,15,45,15,145,2020,NINGTHEM PUKHURI
,,,,Min,Max,Min,Max,Min,Max,Min,Max,Min,Max,Min,Max,Min,Max,Min,Max,2020,
2851.0,POND AT KONGBA BAZAR,POND,MANIPUR,17,29,5.1,6.5,7.1,8.4,530,680,3.5,4.8,-,-,35,80,170,440,2020,POND AT KONGBA BAZAR
1347.0,UMIAM LAKE AT BARAPANI,LAKE,MEGHALAYA,15,25,5.6,6.9,7.1,8.0,67,110,4.8,6.0,0.50,2.73,340,790,420,2100,2020,UMIAM LAKE AT BARAPANI
1348.0,WARD'S LAKE AT SHILLONG,LAKE,MEGHALAYA,15,26,7.0,8.0,7.1,7.9,120,155,3.1,4.2,0.30,0.98,84,170,390,790,2020,WARD'S LAKE AT SHILLONG
1459.0,"THADLASKEIN LAKE, JOWAI",LAKE,MEGHALAYA,6,21,6.0,7.8,6.7,7.3,35,390,1.4,5.8,0.39,0.78,9,420,94,1200,2020,"THADLASKEIN LAKE, JOWAI"
3346.0,UMIAM LAKE AT OUTFALL OF UMIAM INTO LAKE,LAKE,MEGHALAYA,14,29,4.8,6.0,6.9,8.3,70,118,5.5,7.3,0.52,2.72,330,790,790,1700,2020,UMIAM LAKE AT OUTFALL OF UMIAM INTO LAKE
3347.0,UMIAM LAKE AT MIDDLE POINT,LAKE,MEGHALAYA,16,28,5.9,6.8,7.2,8.1,65,112,4.8,6.7,0.02,2.91,310,430,580,1300,2020,UMIAM LAKE AT MIDDLE POINT
3348.0,UMIAM LAKE ATNEAR UNITED CHRISTIAN COLLEGE,LAKE,MEGHALAYA,12,28,5.6,6.8,6.9,7.7,65,109,4.9,6.2,0.30,3.21,310,630,630,1200,2020,UMIAM LAKE ATNEAR UNITED CHRISTIAN COLLEGE
3349.0,"TASEK LAKE AT SONGSAK (NAPHAK),",LAKE,MEGHALAYA,19,30,6.8,7.5,7.0,7.2,55,79,1.6,2.2,0.32,0.47,21,120,130,520,2020,"TASEK LAKE AT SONGSAK (NAPHAK),"
3723.0,"TAMDIL LAKE, SAITUAL",LAKE,MIZORAM,13,25,7.3,10.2,6.3,10.0,38,130,0.9,1.6,0.01,0.07,-,-,-,-,2020,"TAMDIL LAKE, SAITUAL"
3722.0,LAWBUAI FISHPOND,POND,MIZORAM,17,27,3.6,8.7,6.3,7.8,198,356,0.9,2.0,0.02,0.09,-,-,-,-,2020,LAWBUAI FISHPOND
3755.0,"POND NEAR THERMAL POWER PLANT, BAIRABI",POND,MIZORAM,18,33,3.1,11.0,7.1,8.6,185,265,0.3,2.8,0.02,0.20,-,-,-,-,2020,"POND NEAR THERMAL POWER PLANT, BAIRABI"
3743.0,"PHE RESERVOIR, HELIPAD, NEW SAIHA",TANK,MIZORAM,13,30,4.5,8.1,4.9,8.0,33,329,1.3,2.1,0.01,0.20,-,-,-,-,2020,"PHE RESERVOIR, HELIPAD, NEW SAIHA"
2886.0,"PUDUMPUKHURI, DIMAPUR",LAKE,NAGALAND,19,32,3.9,6.4,6.7,7.5,72,132,1.8,2.4,0.09,3.50,-,-,-,-,2020,"PUDUMPUKHURI, DIMAPUR"
2887.0,"BANGLA FISHERY, DIMAPUR",LAKE,NAGALAND,20,31,4.8,7.1,6.7,8.6,120,170,1.7,2.4,0.08,1.50,-,-,-,-,2020,"BANGLA FISHERY, DIMAPUR"
2437.0,CHILKA LAKE AT SATAPADA (RAMSAR SITE),LAKE,ODISHA,22,32,6.1,8.2,7.0,8.4,1830,47720,0.5,1.8,0.02,3.22,2,1300,45,2400,2020,CHILKA LAKE AT SATAPADA (RAMSAR SITE)
2438.0,ANSHUPA LAKE KADALIBARI,LAKE,ODISHA,20,37,5.1,7.8,6.9,8.4,92,1888,0.6,2.5,0.02,1.86,170,2200,490,5400,2020,ANSHUPA LAKE KADALIBARI
3953.0,CHILKA AT RAMBHA,LAKE,ODISHA,13,31,5.8,8.5,7.4,8.6,6898,21180,0.9,2.6,0.04,1.02,2,220,20,1100,2020,CHILKA AT RAMBHA
3954.0,TAMPADA LAKE AT CHHATRAPUR,LAKE,ODISHA,12,30,3.0,9.7,7.8,8.7,305,1614,2.1,8.3,0.02,1.88,130,3300,230,17000,2020,TAMPADA LAKE AT CHHATRAPUR
3955.0,ANSHUPA AT SUBARANAPUR,LAKE,ODISHA,18,38,4.0,8.4,6.6,8.4,108,239,0.6,2.1,0.02,4.66,110,1100,220,3500,2020,ANSHUPA AT SUBARANAPUR
3956.0,ANSHUPA AT BISHNUPUR,LAKE,ODISHA,19,34,4.6,7.8,6.9,7.9,112,209,0.5,2.4,0.02,1.62,20,2200,110,3500,2020,ANSHUPA AT BISHNUPUR
3957.0,ANSHUPA AT SARANDAGARH,LAKE,ODISHA,18,37,4.8,9.2,6.6,8.3,90,219,0.6,2.4,0.02,1.07,45,1300,170,3500,2020,ANSHUPA AT SARANDAGARH
2431.0,BINDUSAGAR ( RELIGIOUS POND OF BHUBANESWAR,POND,ODISHA,20,29,6.4,9.6,6.8,8.4,208,498,1.3,2.9,0.02,1.67,20,22000,490,160000,2020,BINDUSAGAR ( RELIGIOUS POND OF BHUBANESWAR
,,,,Min,Max,Min,Max,Min,Max,Min,Max,Min,Max,Min,Max,Min,Max,Min,Max,2020,
,CITY) (NORTH) (LINGRAJ TEMPLE),,,,,,,,,,,,,,,,,,,2020,CITY) (NORTH) (LINGRAJ TEMPLE)
2432.0,NARENDRA POKHARI ( RILIGIOUS POND OF PURI CITY),POND,ODISHA,22,33,4.5,12.4,7.9,8.7,461,1381,2.3,6.3,0.02,2.02,2,14000,20,22000,2020,NARENDRA POKHARI ( RILIGIOUS POND OF PURI CITY)
2433.0,MARKANDA POKHARI ( RILIGIOUS POND OF PURI CITY),POND,ODISHA,23,32,2.8,17.0,7.7,8.8,513,735,3.7,8.8,0.23,8.91,2,1700,36,4900,2020,MARKANDA POKHARI ( RILIGIOUS POND OF PURI CITY)
2434.0,INDRADYUMNA TANK ( RILIGIOUS POND OF PURI CITY),POND,ODISHA,20,32,3.1,10.9,7.4,8.5,267,1279,3.5,6.7,0.02,14.57,2,7900,78,24000,2020,INDRADYUMNA TANK ( RILIGIOUS POND OF PURI CITY)
2435.0,SWETAGANGA ( RILIGIOUS POND OF PURI CITY),POND,ODISHA,22,32,2.9,18.1,7.9,8.9,424,1155,3.6,8.7,0.02,6.88,2,11000,2,22000,2020,SWETAGANGA ( RILIGIOUS POND OF PURI CITY)
2436.0,PARVATI SAGAR ( RILIGIOUS POND OF PURI CITY),POND,ODISHA,15,33,3.5,12.3,7.2,8.5,288,519,3.3,8.4,0.19,4.29,2,7900,45,24000,2020,PARVATI SAGAR ( RILIGIOUS POND OF PURI CITY)
3962.0,JAGANNATH SAGAR POND OF JEYPORE,POND,ODISHA,16,32,5.4,8.4,7.1,8.2,176,369,0.9,2.7,0.02,2.30,220,3300,790,7900,2020,JAGANNATH SAGAR POND OF JEYPORE
3963.0,RANIGUDA POND,POND,ODISHA,19,29,2.8,10.1,7.3,8.0,246,1080,2.0,8.4,0.02,2.80,220,7900,790,13000,2020,RANIGUDA POND
1396.0,OUSTERI LAKE,LAKE,PUDUCHERRY,27,32,5.2,6.6,7.2,7.5,182,905,0.8,2.0,0.05,0.92,13,1600,23,1600,2020,OUSTERI LAKE
1686.0,BAHOUR LAKE,LAKE,PUDUCHERRY,28,28,4.0,7.0,6.9,7.2,287,332,1.0,1.5,0.02,1.42,240,1600,1600,1600,2020,BAHOUR LAKE
4634.0,KANAGAN LAKE,LAKE,PUDUCHERRY,13,32,5.1,8.5,7.2,8.8,218,1542,1.5,11.0,0.03,0.82,2,3900,1600,11000,2020,KANAGAN LAKE
1297.0,"HARIKE LAKE AT HARIKE VILLAGE, PUNJAB",LAKE,PUNJAB,11,32,6.5,8.8,7.4,8.1,207,280,1.1,1.8,0.50,1.20,110,610,700,1700,2020,"HARIKE LAKE AT HARIKE VILLAGE, PUNJAB"
1382.0,"HARIKE LAKE D/S FROM CANAL, PUNJAB",LAKE,PUNJAB,12,33,7.0,8.9,7.5,8.2,204,310,1.1,1.9,0.60,0.90,140,920,1000,2700,2020,"HARIKE LAKE D/S FROM CANAL, PUNJAB"
2912.0,"RANJIT SAGAR RESERVOIR, PUNJAB",LAKE,PUNJAB,6,34,0.3,8.6,7.5,8.4,138,246,0.1,1.1,0.10,0.60,11,46,61,94,2020,"RANJIT SAGAR RESERVOIR, PUNJAB"
1285.0,"PICHOLA LAKE AT UDAIPUR (WATER INTAKE POINT), RAJASTHAN",LAKE,RAJASTHAN,23,26,6.9,8.6,8.0,8.8,420,660,1.2,2.7,1.68,2.16,21,75,28,150,2020,"PICHOLA LAKE AT UDAIPUR (WATER INTAKE POINT), RAJASTHAN"
1286.0,UDAISAGAR LAKE AT UDAIPUR (INTAKE PT.) RAJASTHAN,LAKE,RAJASTHAN,20,26,5.1,6.8,7.6,8.8,1060,1250,1.2,3.8,1.66,3.09,64,150,120,240,2020,UDAISAGAR LAKE AT UDAIPUR (INTAKE PT.) RAJASTHAN
1414.0,"PUSHKAR LAKE, RAJASTHAN",LAKE,RAJASTHAN,21,31,1.2,5.8,7.7,8.9,190,560,1.5,5.3,1.55,4.72,14,75,28,210,2020,"PUSHKAR LAKE, RAJASTHAN"
1481.0,"FATEH SAGAR LAKE AT UDAIPUR INTAKE POINT OF PHED, RAJASTHAN",LAKE,RAJASTHAN,24,26,7.0,8.8,8.3,8.8,540,1590,0.7,3.2,1.15,1.75,64,93,120,150,2020,"FATEH SAGAR LAKE AT UDAIPUR INTAKE POINT OF PHED, RAJASTHAN"
1716.0,"NAKKI LAKE, MT. ABU, RAJASTHAN",LAKE,RAJASTHAN,14,28,3.4,7.3,7.8,8.2,230,330,0.7,2.7,1.14,2.63,39,93,75,210,2020,"NAKKI LAKE, MT. ABU, RAJASTHAN"
,,,,Min,Max,Min,Max,Min,Max,Min,Max,Min,Max,Min,Max,Min,Max,Min,Max,2020,
2935.0,"JET SAGAR LAKE, BUNDI, RAJASTHAN",LAKE,RAJASTHAN,20,30,1.6,6.9,7.9,8.6,310,510,1.1,3.3,0.92,2.29,39,240,75,460,2020,"JET SAGAR LAKE, BUNDI, RAJASTHAN"
2937.0,"SILISERH LAKE, ALWAR, RAJASTHAN",LAKE,RAJASTHAN,20,32,5.2,6.8,7.0,8.3,210,280,0.6,3.1,0.08,1.76,14,23,21,64,2020,"SILISERH LAKE, ALWAR, RAJASTHAN"
2938.0,"RAJSAMAND LAKE , RAJSAMAND- POINT NO. 1, RAJSAMAND, RAJASTHAN",LAKE,RAJASTHAN,17,22,4.1,6.6,8.3,8.7,310,630,1.0,3.4,0.92,2.10,39,150,75,240,2020,"RAJSAMAND LAKE , RAJSAMAND- POINT NO. 1, RAJSAMAND, RAJASTHAN"
2939.0,"RAJSAMAND LAKE , RAJSAMAND- POINT NO. 2, RAJSAMAND, RAJASTHAN",LAKE,RAJASTHAN,17,22,4.0,6.9,8.4,8.8,420,640,0.8,2.8,1.10,2.06,39,240,64,460,2020,"RAJSAMAND LAKE , RAJSAMAND- POINT NO. 2, RAJSAMAND, RAJASTHAN"
2940.0,"GAPE- SAGAR LAKE, DUNGARPUR, RAJASTHAN",LAKE,RAJASTHAN,22,25,5.1,7.6,8.1,8.8,560,750,0.8,4.3,1.54,2.29,64,240,120,1100,2020,"GAPE- SAGAR LAKE, DUNGARPUR, RAJASTHAN"
2941.0,"JAISAMAND LAKE, SALUMBER, UDAIPUR, POINT NO. 1, RAJASTHAN",LAKE,RAJASTHAN,22,26,7.2,9.0,8.4,8.8,470,520,1.0,2.3,1.24,1.66,23,75,39,150,2020,"JAISAMAND LAKE, SALUMBER, UDAIPUR, POINT NO. 1, RAJASTHAN"
2942.0,"JAISAMAND LAKE, SALUMBER, UDAIPUR, POINT NO. 2, RAJASTHAN",LAKE,RAJASTHAN,22,26,7.0,8.8,8.3,8.6,480,720,1.5,2.2,1.24,2.62,23,64,64,120,2020,"JAISAMAND LAKE, SALUMBER, UDAIPUR, POINT NO. 2, RAJASTHAN"
2943.0,"LODHA TALAB, BANSWARA- DUNGARPUR ROAD, BANSWARA, RAJASTHAN",LAKE,RAJASTHAN,19,34,1.0,5.8,7.6,8.1,430,1010,1.6,4.4,2.07,3.05,75,460,150,2400,2020,"LODHA TALAB, BANSWARA- DUNGARPUR ROAD, BANSWARA, RAJASTHAN"
4177.0,SWAROOP SAGAR LAKE,LAKE,RAJASTHAN,20,26,4.8,7.6,7.9,9.4,390,650,1.0,2.4,1.25,2.50,14,150,21,460,2020,SWAROOP SAGAR LAKE
4178.0,"GOVERDHAN SAGAR, UDAIPUR",LAKE,RAJASTHAN,20,26,3.0,6.4,8.0,9.0,690,920,1.4,4.1,1.35,2.29,64,460,120,1100,2020,"GOVERDHAN SAGAR, UDAIPUR"
4795.0,"NELA TALAB, SECTOR-14 HIRAN MARG, UDAIPUR",LAKE,RAJASTHAN,20,26,3.2,5.1,7.9,8.7,540,880,1.1,4.4,1.56,2.33,93,150,150,240,2020,"NELA TALAB, SECTOR-14 HIRAN MARG, UDAIPUR"
4179.0,"BADI KA TALAB, UDAIPUR",POND,RAJASTHAN,24,26,7.2,8.8,7.9,8.6,360,430,1.0,2.3,1.02,1.82,20,64,39,120,2020,"BADI KA TALAB, UDAIPUR"
1420.0,"KODAI KANAL LAKE, TAMILNADU",LAKE,TAMIL NADU,18,30,6.0,6.5,6.0,7.8,68,182,2.0,4.0,0.32,2.36,36,49,60,96,2020,"KODAI KANAL LAKE, TAMILNADU"
1421.0,"UDHAGAMADALEM LAKE (OOTY), TAMILNADU",LAKE,TAMIL NADU,17,23,4.6,6.6,6.7,7.9,345,517,2.0,11.1,0.04,0.96,12,220,34,540,2020,"UDHAGAMADALEM LAKE (OOTY), TAMILNADU"
1452.0,"YERCAUD LAKE, SALEM, TAMILNADU",LAKE,TAMIL NADU,20,24,5.9,7.1,6.5,8.0,286,378,0.1,2.0,0.22,0.77,25,260,120,630,2020,"YERCAUD LAKE, SALEM, TAMILNADU"
3007.0,"VEERANAM LAKE AT CUDDALORE, TAMILNADU",LAKE,TAMIL NADU,23,27,5.7,7.0,7.9,8.4,454,725,0.1,2.4,0.15,0.84,31,94,70,280,2020,"VEERANAM LAKE AT CUDDALORE, TAMILNADU"
3008.0,"POONDI LAKE AT THIRUVALLUR, TAMILNADU",LAKE,TAMIL NADU,26,32,5.0,7.0,7.2,8.3,358,615,2.0,3.0,0.32,1.05,2,2,2,170,2020,"POONDI LAKE AT THIRUVALLUR, TAMILNADU"
,,,,Min,Max,Min,Max,Min,Max,Min,Max,Min,Max,Min,Max,Min,Max,Min,Max,2020,
3009.0,"REDD HILLS AT THIRUVALLUR, TAMILNADU",LAKE,TAMIL NADU,26,31,4.9,6.4,7.0,8.3,340,531,1.0,3.0,0.14,2.05,2,93,2,490,2020,"REDD HILLS AT THIRUVALLUR, TAMILNADU"
3010.0,"PORUR LAKE AT THIRUVALLUR, TAMILNADU",LAKE,TAMIL NADU,26,30,5.0,7.0,7.2,8.7,836,1657,1.0,3.0,0.32,1.85,2,120,40,1300,2020,"PORUR LAKE AT THIRUVALLUR, TAMILNADU"
3011.0,"PULICATE LAKE AT THIRUVALLUR, TAMILNADU",LAKE,TAMIL NADU,26,32,4.8,5.7,7.3,8.6,13010,65200,2.0,4.0,0.32,2.21,2,45,2,330,2020,"PULICATE LAKE AT THIRUVALLUR, TAMILNADU"
1391.0,"HUSSAIN SAGAR LAKE, BUDAMERU",LAKE,TELANGANA,25,31,0.4,6.0,6.9,8.1,1066,1566,8.0,28.0,2.59,51.00,14,540,350,1600,2020,"HUSSAIN SAGAR LAKE, BUDAMERU"
1788.0,"SAROORNAGAR , RANGA REDDY DIST.",LAKE,TELANGANA,26,33,0.1,3.9,6.8,7.9,1070,1498,8.0,46.0,0.10,9.00,8,70,31,1600,2020,"SAROORNAGAR , RANGA REDDY DIST."
1789.0,"HIMAYAT SAGAR LAKE , R.R.DIST.",LAKE,TELANGANA,27,30,4.0,7.5,7.2,8.2,272,602,2.1,3.0,0.29,2.10,2,8,5,154,2020,"HIMAYAT SAGAR LAKE , R.R.DIST."
2340.0,"LAXMINARAYANA CHERUVU AT EDULABAD, RANGAREDDY",LAKE,TELANGANA,22,29,0.1,5.8,7.1,8.6,1084,1630,2.7,20.0,0.70,8.00,2,24,2,430,2020,"LAXMINARAYANA CHERUVU AT EDULABAD, RANGAREDDY"
2341.0,"MIRALAM LAKE NEAR ZOO PARK, RANGAREDDY",LAKE,TELANGANA,26,32,0.1,5.4,6.9,8.2,1048,1547,6.0,20.0,1.10,107.00,2,36,220,1600,2020,"MIRALAM LAKE NEAR ZOO PARK, RANGAREDDY"
2342.0,"NOOR MD. KUNTA, KATTEDAN, RANGAREDDY",LAKE,TELANGANA,26,29,0.1,0.3,7.0,7.7,1072,2710,12.0,98.0,3.90,19.00,2,70,110,1600,2020,"NOOR MD. KUNTA, KATTEDAN, RANGAREDDY"
3068.0,"RAMAPPA LAKE, WARANGAL",LAKE,TELANGANA,27,27,5.8,6.8,7.4,8.6,155,274,2.1,4.0,0.01,7.00,2,2,2,70,2020,"RAMAPPA LAKE, WARANGAL"
3069.0,"SHAMEERPET LAKE, SHAMEERPET, RANGA REDDY",LAKE,TELANGANA,26,30,4.2,6.0,6.9,8.3,408,699,2.0,4.0,0.40,3.50,2,10,18,280,2020,"SHAMEERPET LAKE, SHAMEERPET, RANGA REDDY"
3070.0,"FOX SAGAR, JEEDIMETLA, RANGA REDDY",LAKE,TELANGANA,26,31,0.1,4.8,7.1,7.8,1066,2496,6.0,48.0,1.64,12.00,2,49,79,1600,2020,"FOX SAGAR, JEEDIMETLA, RANGA REDDY"
3071.0,"LANGARHOUSE LAKE, HYDERABAD",LAKE,TELANGANA,26,32,0.1,3.4,6.9,7.7,840,1414,4.0,28.0,0.40,19.00,2,36,20,540,2020,"LANGARHOUSE LAKE, HYDERABAD"
3072.0,"SAFILGUDA LAKE, RANGA REDDY",LAKE,TELANGANA,25,30,0.1,2.0,6.9,7.6,816,1776,6.0,28.0,2.04,22.00,8,26,26,430,2020,"SAFILGUDA LAKE, RANGA REDDY"
3073.0,"HASMATHPET LAKE, HASMATHPET, RANGA REDDY",LAKE,TELANGANA,24,30,0.1,1.2,6.9,7.5,928,1728,10.0,32.0,0.70,25.00,17,150,230,1600,2020,"HASMATHPET LAKE, HASMATHPET, RANGA REDDY"
3074.0,"BANJARA LAKE, BANJARA HILLS, RANGA REDDY",LAKE,TELANGANA,26,30,0.3,0.9,7.0,7.8,1080,1144,8.0,12.0,1.18,1.51,14,130,280,920,2020,"BANJARA LAKE, BANJARA HILLS, RANGA REDDY"
4229.0,NEKNAMPUR LAKE,LAKE,TELANGANA,25,35,0.1,5.2,7.0,7.7,1160,2021,2.9,34.0,1.40,7.87,2,32,74,430,2020,NEKNAMPUR LAKE
4234.0,"UMDA SAGAR LAKE, SHAMSHABAD",LAKE,TELANGANA,27,28,0.1,4.7,6.7,8.9,712,1480,4.0,30.0,0.30,13.00,4,130,180,540,2020,"UMDA SAGAR LAKE, SHAMSHABAD"
4235.0,LAKE KAMUNI ( SHAMSHABAD LAKE),LAKE,TELANGANA,23,32,0.1,5.1,7.1,8.5,645,1894,2.6,28.0,1.00,20.00,2,36,74,430,2020,LAKE KAMUNI ( SHAMSHABAD LAKE)
4667.0,"SURRAM CHERUVU (PALLE CHERUVU), BANDLAGUDA (V),",LAKE,TELANGANA,26,30,0.1,3.0,6.8,8.3,1081,2518,8.0,42.0,3.40,18.00,2,46,63,540,2020,"SURRAM CHERUVU (PALLE CHERUVU), BANDLAGUDA (V),"
,,,,Min,Max,Min,Max,Min,Max,Min,Max,Min,Max,Min,Max,Min,Max,Min,Max,2020,
,BANDLAGUDA (NEW MANDAL),,,,,,,,,,,,,,,,,,,2020,BANDLAGUDA (NEW MANDAL)
4668.0,"CHINNARAYAN CHERUVU, ALWAL (V)",LAKE,TELANGANA,26,30,0.1,4.5,6.9,7.9,1105,1992,8.0,32.0,1.00,16.00,2,20,49,430,2020,"CHINNARAYAN CHERUVU, ALWAL (V)"
4669.0,"PEDDA CHERUVU, GANGARAM (V) SERLINGAMPALLY (NEW MANDAL)",LAKE,TELANGANA,20,28,0.1,3.9,6.7,8.4,1122,2485,6.0,32.0,3.10,16.00,12,36,120,540,2020,"PEDDA CHERUVU, GANGARAM (V) SERLINGAMPALLY (NEW MANDAL)"
4670.0,MADDELLA KUNTA/ BAIRAMALGUDA CHERUVU,LAKE,TELANGANA,27,29,0.1,4.3,6.9,8.2,474,1360,2.2,18.0,0.30,4.10,2,17,70,220,2020,MADDELLA KUNTA/ BAIRAMALGUDA CHERUVU
4672.0,"MEDI KUNTA (WIPRO LAKE), NANAKRAMGUDA",LAKE,TELANGANA,22,35,0.1,5.0,7.2,8.4,887,1480,4.0,22.0,1.00,8.50,4,36,84,430,2020,"MEDI KUNTA (WIPRO LAKE), NANAKRAMGUDA"
4673.0,"MEEDI KUNTA (BK ENCLAVE LAKE), MAQTA MAHBOOBPET, (MADEENAGUDA)",LAKE,TELANGANA,18,29,0.1,3.2,6.9,7.4,685,1553,6.0,34.0,0.80,5.00,4,26,110,920,2020,"MEEDI KUNTA (BK ENCLAVE LAKE), MAQTA MAHBOOBPET, (MADEENAGUDA)"
4674.0,"MEEDI KUNTA, HAFEEZPET (V)",LAKE,TELANGANA,19,28,0.3,3.0,7.3,7.8,729,1216,4.0,12.0,1.20,11.40,2,15,84,430,2020,"MEEDI KUNTA, HAFEEZPET (V)"
4676.0,"BANDA CHERUVU, MALKAJIGIRI (V), MALKAJIGIRI (NEW MANDAL)",LAKE,TELANGANA,26,30,0.1,2.8,6.9,7.8,1216,1642,7.0,32.0,1.80,22.00,2,70,63,430,2020,"BANDA CHERUVU, MALKAJIGIRI (V), MALKAJIGIRI (NEW MANDAL)"
4677.0,"LINGAM CHERUVU, SURARAM (V), QUTHUBULLAPUR",LAKE,TELANGANA,26,30,0.1,5.0,6.9,7.9,1267,1800,7.0,25.0,2.10,28.00,2,49,110,480,2020,"LINGAM CHERUVU, SURARAM (V), QUTHUBULLAPUR"
4678.0,"PATEL CHERUVU, NACHARAM (V), UPPAL (NEW MANDAL)",LAKE,TELANGANA,19,29,0.1,1.0,7.0,7.9,1220,1820,8.0,32.0,0.80,12.00,5,70,33,540,2020,"PATEL CHERUVU, NACHARAM (V), UPPAL (NEW MANDAL)"
4679.0,HUDA PARK LAKE/ BUMRUKH KHAN DOWLA,LAKE,TELANGANA,22,35,0.1,2.6,6.8,7.9,1546,2299,10.0,36.0,2.40,5.70,8,79,110,540,2020,HUDA PARK LAKE/ BUMRUKH KHAN DOWLA
4680.0,"LAKNAVARAM CHERUVU, MULUGU (V)",LAKE,TELANGANA,28,29,5.5,6.8,6.5,8.0,98,640,2.0,12.0,0.36,4.20,2,17,20,170,2020,"LAKNAVARAM CHERUVU, MULUGU (V)"
4681.0,"PHAKAL CHERUVU, NARSAMPET",LAKE,TELANGANA,27,30,4.4,6.4,7.6,8.2,175,376,2.0,2.8,0.10,2.00,2,26,14,240,2020,"PHAKAL CHERUVU, NARSAMPET"
4682.0,"BANDAM CHERUVU, HANAMKONDA",LAKE,TELANGANA,27,28,0.1,5.6,7.2,8.2,808,1480,3.0,18.0,0.30,4.00,18,74,140,430,2020,"BANDAM CHERUVU, HANAMKONDA"
4683.0,"PEDDA CHERUVU, MADIKONDA",LAKE,TELANGANA,27,28,2.2,5.8,7.3,8.3,420,715,2.2,12.0,0.20,1.74,2,22,27,120,2020,"PEDDA CHERUVU, MADIKONDA"
4684.0,"CAMPUS LAKE, ICRISAT",LAKE,TELANGANA,17,28,5.2,7.1,6.8,7.4,158,950,2.2,4.0,2.10,7.29,3,84,170,350,2020,"CAMPUS LAKE, ICRISAT"
4685.0,SURISIGAL LAKE ICRISAT,LAKE,TELANGANA,17,26,5.2,7.2,6.8,7.4,242,762,2.4,5.0,2.16,8.33,3,240,170,1600,2020,SURISIGAL LAKE ICRISAT
4686.0,"ICRISAT LAKE, ICRISAT",LAKE,TELANGANA,18,26,5.7,6.8,6.6,7.3,238,903,2.8,5.0,1.49,15.28,3,36,33,540,2020,"ICRISAT LAKE, ICRISAT"
4687.0,"RED LAKE, ICRISAT",LAKE,TELANGANA,18,25,5.8,6.9,6.6,7.5,345,1220,2.2,5.6,4.20,18.36,4,13,110,430,2020,"RED LAKE, ICRISAT"
,,,,Min,Max,Min,Max,Min,Max,Min,Max,Min,Max,Min,Max,Min,Max,Min,Max,2020,
4688.0,NARINJA LAKE,LAKE,TELANGANA,24,24,6.5,7.4,6.9,7.4,154,283,2.1,3.0,1.24,3.25,2,33,6,110,2020,NARINJA LAKE
4690.0,"BANJARA KUNTA (SINGADI KUNTA(, SHAIKPET",LAKE,TELANGANA,26,29,0.1,3.8,6.8,8.1,942,1346,8.0,34.0,2.01,12.00,2,79,110,430,2020,"BANJARA KUNTA (SINGADI KUNTA(, SHAIKPET"
4691.0,"NAGOLE CHERUVU, UPPAL (V)",LAKE,TELANGANA,22,31,0.1,2.8,6.8,7.8,1034,1883,6.0,44.0,0.80,14.00,2,84,220,920,2020,"NAGOLE CHERUVU, UPPAL (V)"
4693.0,"PATEL CHERUVU, UPPAL (V)",LAKE,TELANGANA,19,26,0.1,2.2,6.8,7.4,966,1503,5.0,20.0,1.20,12.00,8,79,150,540,2020,"PATEL CHERUVU, UPPAL (V)"
4696.0,"PARKI CHERUVU, KUKATPALLY (V), BALANAGAR",LAKE,TELANGANA,25,29,0.1,3.8,6.8,8.4,1043,1818,10.0,36.0,2.90,29.00,2,79,13,920,2020,"PARKI CHERUVU, KUKATPALLY (V), BALANAGAR"
4697.0,"MUKKIDI CHERUVU (RAMAKRISHNAPURAM LAKE), MALKAJIGRI",LAKE,TELANGANA,27,27,5.2,5.2,8.5,8.5,561,561,6.0,6.0,16.00,16.00,5,5,33,33,2020,"MUKKIDI CHERUVU (RAMAKRISHNAPURAM LAKE), MALKAJIGRI"
4698.0,"MANNEVARI KUNTA, MACHABOLLARAM (V) ALWAL",LAKE,TELANGANA,26,31,0.1,4.0,7.0,7.8,1146,2014,9.0,52.0,1.90,13.00,2,34,63,430,2020,"MANNEVARI KUNTA, MACHABOLLARAM (V) ALWAL"
4699.0,"KAPRAI CHERUVU, SAHEBNAGAR (V), HAYATHNAGAR",LAKE,TELANGANA,25,28,1.2,4.8,6.6,7.8,388,959,2.1,8.0,0.30,3.00,2,115,28,540,2020,"KAPRAI CHERUVU, SAHEBNAGAR (V), HAYATHNAGAR"
4701.0,"LINGAM KUNTA, CHANDANAGAR (V) SERLINGAMPALLY",LAKE,TELANGANA,20,29,0.1,3.2,6.8,7.8,1172,1737,5.0,28.0,1.62,12.00,2,94,94,540,2020,"LINGAM KUNTA, CHANDANAGAR (V) SERLINGAMPALLY"
4702.0,"PEDDA CHERUVU - KHAJA GUDA, KHJAGUDA (V), SERLINGAMPALLY 9NEW MANDAL)",LAKE,TELANGANA,22,30,2.1,5.9,7.2,8.1,1132,1793,8.0,34.0,13.00,41.00,13,280,49,1600,2020,"PEDDA CHERUVU - KHAJA GUDA, KHJAGUDA (V), SERLINGAMPALLY 9NEW MANDAL)"
4705.0,"KOTHA CHERUVU (ALWAL CHERUVU), ALWAL (V)",LAKE,TELANGANA,26,30,0.1,2.8,7.0,7.6,1700,1916,10.0,38.0,5.00,22.30,11,49,130,430,2020,"KOTHA CHERUVU (ALWAL CHERUVU), ALWAL (V)"
2344.0,"NALLA CHERUVU, RANGAREDDY",POND,TELANGANA,26,30,0.3,2.4,7.6,7.7,1499,1669,10.0,14.0,1.90,3.41,2,20,8,350,2020,"NALLA CHERUVU, RANGAREDDY"
2345.0,"SAI CHERUVU, NEAR TANNERY INDUSTRIES, DESAIPET, WARANGAL",POND,TELANGANA,28,29,0.1,4.7,6.8,8.4,2491,14650,21.0,82.0,1.90,11.00,2,58,18,430,2020,"SAI CHERUVU, NEAR TANNERY INDUSTRIES, DESAIPET, WARANGAL"
2346.0,"BHADRAKALI CHERUVU, BHADRAKALI TEMPLE, WARANGAL",POND,TELANGANA,27,29,4.2,6.7,7.5,8.5,350,590,2.1,3.2,0.60,2.00,2,2,6,58,2020,"BHADRAKALI CHERUVU, BHADRAKALI TEMPLE, WARANGAL"
2347.0,"ASANI KUNTA, KAJIPALLY, MEDAK",POND,TELANGANA,18,32,0.1,0.3,6.3,7.6,1409,12540,51.0,486.0,0.64,61.63,2,350,28,1600,2020,"ASANI KUNTA, KAJIPALLY, MEDAK"
2357.0,DURGAM CHERUVU,POND,TELANGANA,27,30,0.1,4.8,7.1,8.7,814,1256,6.0,18.0,0.20,8.00,2,36,140,1600,2020,DURGAM CHERUVU
2359.0,PEDDA CHERUVU,POND,TELANGANA,26,32,0.1,1.1,7.1,7.8,914,1615,12.0,60.0,0.20,20.00,12,49,210,1600,2020,PEDDA CHERUVU
,,,,Min,Max,Min,Max,Min,Max,Min,Max,Min,Max,Min,Max,Min,Max,Min,Max,2020,
3075.0,"RANGADHAMUNI CHERUVU, RANGA REDDY",POND,TELANGANA,26,30,0.1,4.0,6.8,8.2,762,1549,5.0,32.0,0.80,18.00,2,70,140,540,2020,"RANGADHAMUNI CHERUVU, RANGA REDDY"
3076.0,"AMBER CHERUVU, KUKATPALLY, RANGA REDDY",POND,TELANGANA,26,32,0.1,2.9,7.0,7.8,994,1864,8.0,34.0,1.57,18.00,2,84,230,540,2020,"AMBER CHERUVU, KUKATPALLY, RANGA REDDY"
3077.0,"KAPRA CHERUVU, KAPRA, RANGA REDDY",POND,TELANGANA,27,29,0.1,4.6,7.0,7.9,1139,1667,8.0,12.0,1.20,4.10,15,49,210,920,2020,"KAPRA CHERUVU, KAPRA, RANGA REDDY"
3078.0,"PRAGATHINAGAR CHERUVU, KUKATPALLY, RANGA REDDY",POND,TELANGANA,26,32,0.1,2.8,7.0,7.7,998,1716,8.0,38.0,1.50,14.00,22,130,350,920,2020,"PRAGATHINAGAR CHERUVU, KUKATPALLY, RANGA REDDY"
4236.0,PEDDA CHERUVU (NACHARAM CHERUVU),POND,TELANGANA,28,28,0.3,0.3,7.5,7.5,1498,1498,15.0,15.0,2.83,2.83,-,-,-,-,2020,PEDDA CHERUVU (NACHARAM CHERUVU)
4665.0,"OUTLET OF KTPP ASH POND JOINING TO MORANCHA VAGU, CHELPUR, GHANPUR",POND,TELANGANA,27,29,3.4,5.7,7.4,8.4,480,990,2.3,5.0,0.50,2.20,2,23,18,130,2020,"OUTLET OF KTPP ASH POND JOINING TO MORANCHA VAGU, CHELPUR, GHANPUR"
4675.0,"LOTUS POND, HAKIMPET (V), SHAIK PET (NEW MANDAL)",POND,TELANGANA,25,29,0.8,5.0,6.9,8.3,600,880,3.0,16.0,1.20,32.00,2,32,21,350,2020,"LOTUS POND, HAKIMPET (V), SHAIK PET (NEW MANDAL)"
1447.0,DHARMASAGAR TANK NEAR WARANGAL,TANK,TELANGANA,27,28,5.6,6.5,7.5,8.8,187,380,2.0,3.0,0.30,2.00,2,2,4,39,2020,DHARMASAGAR TANK NEAR WARANGAL
1464.0,BIBINAGAR TANK,TANK,TELANGANA,16,28,5.6,6.9,7.0,7.5,408,582,3.0,4.0,2.14,7.32,2,13,27,110,2020,BIBINAGAR TANK
1780.0,"GANDIGUDEM TANK , MEDAK DISTRICT",TANK,TELANGANA,17,34,5.6,6.6,6.9,7.4,773,2938,3.8,7.0,6.19,20.35,2,13,13,120,2020,"GANDIGUDEM TANK , MEDAK DISTRICT"
1783.0,"KISTAREDDYPET TANK , MEDAK DIST.",TANK,TELANGANA,18,30,4.9,7.2,6.7,7.4,1120,6250,4.0,9.0,8.11,31.24,2,26,16,110,2020,"KISTAREDDYPET TANK , MEDAK DIST."
2343.0,"PREMAJIPET TANK, KATTEDAN, RANGAREDDY",TANK,TELANGANA,27,33,0.1,3.8,6.8,8.5,1670,6110,16.0,68.0,0.50,18.00,2,36,14,540,2020,"PREMAJIPET TANK, KATTEDAN, RANGAREDDY"
2348.0,"KAJIPALLY TANK, KAJIPALLY, MEDAK",TANK,TELANGANA,21,25,4.1,6.3,6.9,7.4,2080,3510,3.0,5.4,12.18,57.32,2,4,8,79,2020,"KAJIPALLY TANK, KAJIPALLY, MEDAK"
2358.0,MALLAPUR TANK,TANK,TELANGANA,25,30,0.1,0.3,7.0,7.8,1270,2343,16.0,52.0,1.60,17.00,14,430,350,1600,2020,MALLAPUR TANK
3084.0,"WADDEPALLY TANK, KAZIPET, WARANGAL",TANK,TELANGANA,18,29,4.2,6.5,6.9,8.4,319,1321,2.0,6.0,0.30,8.21,2,8,24,84,2020,"WADDEPALLY TANK, KAZIPET, WARANGAL"
3085.0,"CHINNA WADDEPALLY TANK, WARANGAL",TANK,TELANGANA,27,29,0.1,5.8,6.9,9.5,481,1296,2.1,40.0,0.80,17.00,2,39,63,540,2020,"CHINNA WADDEPALLY TANK, WARANGAL"
3086.0,"SAKI TANK, PATANCHERU, RANGA REDDY",TANK,TELANGANA,18,26,5.0,7.1,7.1,7.4,495,2083,3.0,6.4,0.32,9.18,2,9,25,84,2020,"SAKI TANK, PATANCHERU, RANGA REDDY"
4222.0,"KONERU, KONDAGATTU TEMPLE, JAGITIYAL",TANK,TELANGANA,27,27,2.0,4.8,7.1,7.6,951,1332,4.0,10.0,4.00,4.60,14,70,320,350,2020,"KONERU, KONDAGATTU TEMPLE, JAGITIYAL"
4223.0,"VEMULAWADA TEMPLE KONERU, KARIMNAGAR",TANK,TELANGANA,26,28,2.1,3.4,7.1,7.3,1079,1290,12.0,18.0,4.00,5.00,20,26,280,430,2020,"VEMULAWADA TEMPLE KONERU, KARIMNAGAR"
,,,,Min,Max,Min,Max,Min,Max,Min,Max,Min,Max,Min,Max,Min,Max,Min,Max,2020,
4225.0,"JOGULAMBA TEMPLE, GADWAL",TANK,TELANGANA,26,31,4.8,6.2,6.9,8.4,660,1808,2.0,4.0,0.20,4.00,2,13,6,70,2020,"JOGULAMBA TEMPLE, GADWAL"
4228.0,"IBRAHIM CHERUVU, RAJENDRA NAGAR",TANK,TELANGANA,30,32,0.3,1.7,6.9,7.3,1246,1686,8.0,12.0,1.20,6.90,2,27,33,920,2020,"IBRAHIM CHERUVU, RAJENDRA NAGAR"
4230.0,"KISTAIPALLY TANK, KAZIPET, WARANGAL",TANK,TELANGANA,21,37,0.9,6.2,7.1,7.4,1391,3075,2.1,12.0,6.90,24.38,2,27,2,920,2020,"KISTAIPALLY TANK, KAZIPET, WARANGAL"
4231.0,"RAYAM CHERUVU, BONTHAPALLY VILLAGE, JINNARAM MANDAL, SANGAREDDY DISTRICT",TANK,TELANGANA,21,37,5.0,6.4,7.0,7.4,234,625,2.1,3.4,2.16,9.00,2,5,2,110,2020,"RAYAM CHERUVU, BONTHAPALLY VILLAGE, JINNARAM MANDAL, SANGAREDDY DISTRICT"
4232.0,"KOMATI CHERUVU, SIDDIPET TOWN, SIDIPET DISTRICT",TANK,TELANGANA,24,37,5.8,6.8,7.0,7.4,323,943,2.1,4.2,2.08,10.37,2,68,2,70,2020,"KOMATI CHERUVU, SIDDIPET TOWN, SIDIPET DISTRICT"
4233.0,"GADDAPOTHARAM CHERUVU, GADDAPOTHARAM VILLAGE, JINNARAM MANDAL, SANGAREDDY DIST",TANK,TELANGANA,21,37,4.0,5.1,6.3,7.4,2600,6600,6.0,10.0,13.31,37.42,2,17,2,220,2020,"GADDAPOTHARAM CHERUVU, GADDAPOTHARAM VILLAGE, JINNARAM MANDAL, SANGAREDDY DIST"
4237.0,"MULLAKATWA CHERUVU, JI TECH CITY, MADHAPUR,",TANK,TELANGANA,25,32,0.1,0.3,6.9,7.8,1158,1558,6.0,22.0,0.50,6.00,5,33,170,920,2020,"MULLAKATWA CHERUVU, JI TECH CITY, MADHAPUR,"
4238.0,"AMEENPUR CHERUVU, AMEENPUR (V & M) SANGAREDDY DISTRICT",TANK,TELANGANA,21,26,5.0,6.1,6.9,7.4,685,1680,3.4,5.0,1.28,19.31,2,24,92,280,2020,"AMEENPUR CHERUVU, AMEENPUR (V & M) SANGAREDDY DISTRICT"
4239.0,MAHABOOBSAGAR TANK SANGAREDDY (V & M) SANGAREDDY DISTRICT,TANK,TELANGANA,17,26,5.0,6.0,6.7,7.5,448,1861,2.8,5.2,3.13,16.28,3,92,33,240,2020,MAHABOOBSAGAR TANK SANGAREDDY (V & M) SANGAREDDY DISTRICT
4240.0,"MUTHANGI TANK, MUTHANGI (V), PATANCHERU (M) SANGAREDDY DISTRICT",TANK,TELANGANA,23,24,4.9,5.4,7.2,7.3,249,325,2.8,3.2,3.10,4.14,2,4,17,22,2020,"MUTHANGI TANK, MUTHANGI (V), PATANCHERU (M) SANGAREDDY DISTRICT"
4241.0,"CHITKUL TANK, CHITKUL (V) PATANCHERU (M) SANGAREDDY DISTRICT",TANK,TELANGANA,19,26,4.5,5.4,6.9,7.3,725,2680,2.8,5.8,7.17,26.28,2,68,20,130,2020,"CHITKUL TANK, CHITKUL (V) PATANCHERU (M) SANGAREDDY DISTRICT"
4242.0,"LAKADARAM CHERUVU, LAKADARAM (V) PATANCHERU (M) SANGAREDDY DISTRICT",TANK,TELANGANA,16,26,4.6,5.7,6.6,7.4,610,1962,3.0,6.0,4.12,17.37,2,12,20,94,2020,"LAKADARAM CHERUVU, LAKADARAM (V) PATANCHERU (M) SANGAREDDY DISTRICT"
4243.0,"ISNAPUR TANK, ISNAPUR (V) PATANCHERU 9M) SANGAREDDY DISTRICT",TANK,TELANGANA,18,26,3.5,5.0,6.7,7.4,1328,11200,4.2,86.0,8.39,45.31,2,33,24,210,2020,"ISNAPUR TANK, ISNAPUR (V) PATANCHERU 9M) SANGAREDDY DISTRICT"
4244.0,"YERDANOOR TANK, YERDANOOR (V) SANGAREDDY DISTRICT",TANK,TELANGANA,18,24,6.0,6.4,6.8,7.4,420,1843,2.4,3.6,4.11,16.53,2,6,47,63,2020,"YERDANOOR TANK, YERDANOOR (V) SANGAREDDY DISTRICT"
,,,,Min,Max,Min,Max,Min,Max,Min,Max,Min,Max,Min,Max,Min,Max,Min,Max,2020,
4245.0,MALLEPALLY TANK MALLEPALLY (V) KONDAPUR (M) SANGAREDDY DISTRICT,TANK,TELANGANA,20,24,5.4,6.2,6.8,7.4,405,3013,3.0,5.0,2.10,22.58,2,15,31,70,2020,MALLEPALLY TANK MALLEPALLY (V) KONDAPUR (M) SANGAREDDY DISTRICT
4246.0,PASHAMYLARAM TANK,TANK,TELANGANA,19,19,4.7,4.7,7.2,7.2,5500,5500,7.0,7.0,23.30,23.30,2,2,70,70,2020,PASHAMYLARAM TANK
4247.0,"MUCHARLA NAGARAM CHERUVU, WARANGAL",TANK,TELANGANA,25,29,1.0,5.5,7.4,8.5,527,1010,2.2,16.0,0.30,3.00,2,26,28,430,2020,"MUCHARLA NAGARAM CHERUVU, WARANGAL"
4248.0,"KOTI CHERUVU, HANAMKONDA, WARANGAL",TANK,TELANGANA,27,29,0.1,4.3,6.8,8.4,698,1124,4.0,18.0,0.60,8.00,2,22,14,540,2020,"KOTI CHERUVU, HANAMKONDA, WARANGAL"
4249.0,"RANGASAMUDRAM, WARANGAL",TANK,TELANGANA,27,29,0.1,4.8,7.2,8.4,644,1585,3.8,18.0,0.30,4.00,8,38,73,430,2020,"RANGASAMUDRAM, WARANGAL"
4302.0,"RUDRARAM TANK, RUDRARAM (V)PATANCHERU (M) SANGAREDDY DISTRICT",TANK,TELANGANA,18,28,5.0,6.6,6.7,7.5,715,2979,2.6,5.0,6.10,24.21,2,9,20,84,2020,"RUDRARAM TANK, RUDRARAM (V)PATANCHERU (M) SANGAREDDY DISTRICT"
4689.0,"SUNNAM KUNTA, JUBILLE HILLS",TANK,TELANGANA,26,29,0.1,4.5,7.1,8.0,434,1030,4.0,26.0,0.88,18.00,2,26,58,350,2020,"SUNNAM KUNTA, JUBILLE HILLS"
4700.0,"LARGE TANK, SAROORNAGAR (V)",TANK,TELANGANA,25,29,0.1,2.5,6.7,7.6,1296,1620,6.0,30.0,0.62,8.00,2,94,130,540,2020,"LARGE TANK, SAROORNAGAR (V)"
4703.0,"BULBUL KUNTA, LAXMI NAGAR (V), RAJENDRANAGAR",TANK,TELANGANA,22,30,0.1,3.2,7.1,7.8,1326,2158,14.0,34.0,1.40,8.00,17,110,320,920,2020,"BULBUL KUNTA, LAXMI NAGAR (V), RAJENDRANAGAR"
4704.0,"PEDDA CHERUVU, MANSOORABAD (V), SAROORNAGAR",TANK,TELANGANA,27,30,0.1,3.3,6.9,11.1,573,1720,6.0,30.0,0.30,20.00,2,41,130,430,2020,"PEDDA CHERUVU, MANSOORABAD (V), SAROORNAGAR"
1727.0,"LAXMI NARAYAN BARI PALACE COMPOUND, TRIPURA",LAKE,TRIPURA,23,30,5.7,6.7,7.0,8.3,126,179,0.9,1.4,0.30,1.28,15,38,47,150,2020,"LAXMI NARAYAN BARI PALACE COMPOUND, TRIPURA"
1728.0,"RUDRASAGAR, SONUMURA, TRIPURA",LAKE,TRIPURA,22,29,5.1,6.3,6.7,7.3,118,1229,1.0,2.7,0.78,1.92,25,58,94,280,2020,"RUDRASAGAR, SONUMURA, TRIPURA"
3391.0,"DHAMBUR LAKE, DHALAI",LAKE,TRIPURA,22,29,5.4,6.9,6.8,7.7,124,191,0.1,1.4,0.69,1.18,17,47,63,170,2020,"DHAMBUR LAKE, DHALAI"
4192.0,MBB COLLEGE LAKE,LAKE,TRIPURA,22,30,5.0,6.5,6.9,7.5,116,166,0.1,1.3,0.31,0.89,15,48,84,240,2020,MBB COLLEGE LAKE
4193.0,"DIMASAGAR LAKE, NORTH GATE",LAKE,TRIPURA,23,29,5.2,6.8,6.3,6.9,106,161,0.7,1.6,0.30,1.17,15,58,58,220,2020,"DIMASAGAR LAKE, NORTH GATE"
4642.0,"RUDRASAGAR NORTH LAKE,TRIPURA",LAKE,TRIPURA,22,29,5.8,6.8,6.7,7.2,109,181,0.5,2.3,0.27,1.17,17,58,58,210,2020,"RUDRASAGAR NORTH LAKE,TRIPURA"
4643.0,RUDRASAGAR EAST LAKE TRIPURA,LAKE,TRIPURA,22,29,5.3,6.4,6.8,7.5,121,184,0.1,1.8,0.27,1.28,17,63,84,150,2020,RUDRASAGAR EAST LAKE TRIPURA
4644.0,RUDRASAGAR WEST LAKE TRIPURA,LAKE,TRIPURA,22,29,5.6,6.5,6.7,7.2,117,169,0.3,1.6,0.32,1.19,17,58,58,210,2020,RUDRASAGAR WEST LAKE TRIPURA
,,,,Min,Max,Min,Max,Min,Max,Min,Max,Min,Max,Min,Max,Min,Max,Min,Max,2020,
3392.0,"SHIPAHIJALA POND, WEST TRIPURA",POND,TRIPURA,13,27,5.0,6.1,6.4,7.1,119,169,0.6,1.6,0.70,1.72,17,38,47,130,2020,"SHIPAHIJALA POND, WEST TRIPURA"
3393.0,"BRAMAKUNDA POND, WEST TRIPURA",POND,TRIPURA,22,29,6.0,6.8,6.9,7.3,122,193,0.6,1.6,0.68,1.65,17,40,58,130,2020,"BRAMAKUNDA POND, WEST TRIPURA"
3394.0,"KALYANSAGAR AT MATARBARI, SOUTH TRIPURA",POND,TRIPURA,22,30,6.0,6.9,6.5,7.4,123,192,0.7,2.1,0.68,2.27,25,63,94,220,2020,"KALYANSAGAR AT MATARBARI, SOUTH TRIPURA"
3395.0,"MAHADEB DIGHI, SOUTH TRIPURA",POND,TRIPURA,22,29,6.1,6.9,7.0,7.4,127,173,0.1,1.5,0.46,1.29,15,58,48,150,2020,"MAHADEB DIGHI, SOUTH TRIPURA"
3396.0,"JAGANNATH DIGHI, SOUTH TRIPURA",POND,TRIPURA,22,29,5.9,7.0,6.7,7.1,106,174,0.6,1.4,0.55,1.09,17,31,41,120,2020,"JAGANNATH DIGHI, SOUTH TRIPURA"
4194.0,LALBAHADUR DIGHI POND,POND,TRIPURA,22,29,5.3,6.5,6.5,7.1,127,172,1.1,2.0,0.48,1.25,15,48,41,140,2020,LALBAHADUR DIGHI POND
4195.0,DURGABARI POND,POND,TRIPURA,22,29,5.0,6.6,6.4,6.9,128,179,0.1,1.3,0.43,1.09,12,25,40,120,2020,DURGABARI POND
4196.0,RADHANAGAR POND,POND,TRIPURA,22,30,5.1,6.8,6.6,7.1,114,191,2.1,4.0,0.68,1.51,32,63,110,280,2020,RADHANAGAR POND
4197.0,CHATURDASH DEBATA BARI POND,POND,TRIPURA,22,29,6.0,7.1,6.1,7.1,119,184,0.1,1.3,0.75,1.08,15,39,46,120,2020,CHATURDASH DEBATA BARI POND
4221.0,KATAL DIGHI POND,POND,TRIPURA,23,29,5.5,6.9,6.5,7.4,127,184,0.5,1.6,0.31,1.12,15,49,40,150,2020,KATAL DIGHI POND
1364.0,"RAMGARH LAKE, U.P.",LAKE,UTTAR PRADESH,14,26,6.2,9.4,8.0,8.3,426,498,4.8,6.2,-,-,18000,28000,30000,50000,2020,"RAMGARH LAKE, U.P."
2499.0,"SAMARPUR JHEEL, RAEBARELI",LAKE,UTTAR PRADESH,21,28,0.3,8.0,7.8,8.2,259,411,4.0,4.6,0.78,0.90,3900,4900,5100,7000,2020,"SAMARPUR JHEEL, RAEBARELI"
2500.0,"MAAHIL POND, URAI TEHSIL, JALAUN",POND,UTTAR PRADESH,18,36,1.3,3.1,7.7,8.6,1170,2460,26.0,48.0,-,-,1400,26000,21000,43000,2020,"MAAHIL POND, URAI TEHSIL, JALAUN"
2501.0,"LAXMI POND, JHANSI",POND,UTTAR PRADESH,17,33,1.3,2.3,7.3,8.7,1012,1664,36.0,80.0,-,-,2100,35000,35000,92000,2020,"LAXMI POND, JHANSI"
1362.0,NAINI LAKE AT NAINITAL (WATER INTAKE POINT),LAKE,UTTARAKHAND,10,24,6.8,8.6,7.2,8.1,330,470,1.0,2.6,-,-,415,415,620,620,2020,NAINI LAKE AT NAINITAL (WATER INTAKE POINT)
3437.0,BHEEMTAL LAKE,LAKE,UTTARAKHAND,12,25,6.6,9.0,7.3,8.2,160,230,1.0,1.8,-,-,220,220,350,350,2020,BHEEMTAL LAKE
1765.0,"RABINDRASAROVAR NATIONAL LAKE, CALCUTTA, WEST BENGAL",LAKE,WEST BENGAL,19,36,4.8,10.4,6.9,8.5,299,987,1.1,5.5,0.99,3.54,450,1100,1300,2800,2020,"RABINDRASAROVAR NATIONAL LAKE, CALCUTTA, WEST BENGAL"
2503.0,"HATISHALA GHAT ON DUDHPUKUR AT TARAKESHWAR, HOOGHLY",LAKE,WEST BENGAL,24,34,4.8,9.0,7.9,8.6,607,786,4.0,7.2,0.33,0.61,200,35000,400,54000,2020,"HATISHALA GHAT ON DUDHPUKUR AT TARAKESHWAR, HOOGHLY"
2504.0,"MAINH GHAT ON DUDHPUKUR AT TARAKESHWAR, HOOGHLY",LAKE,WEST BENGAL,24,34,4.5,8.8,7.9,8.7,604,777,3.5,6.5,0.36,0.77,4000,54000,8000,92000,2020,"MAINH GHAT ON DUDHPUKUR AT TARAKESHWAR, HOOGHLY"
,,,,Min,Max,Min,Max,Min,Max,Min,Max,Min,Max,Min,Max,Min,Max,Min,Max,2020,
2505.0,"HANUMAN GHAT ON DUDHPUKUR AT TARAKESHWAR, HOOGHLY",LAKE,WEST BENGAL,24,33,5.5,9.2,8.1,8.6,615,800,2.2,6.6,0.37,0.63,200,22000,400,35000,2020,"HANUMAN GHAT ON DUDHPUKUR AT TARAKESHWAR, HOOGHLY"
2519.0,"KOCHBIHAR LAKE (SAGAR DIGHI), COOCHBEHAR",LAKE,WEST BENGAL,16,29,6.4,7.4,6.7,7.8,39,107,1.2,2.6,0.30,1.75,2100,14000,7000,14000,2020,"KOCHBIHAR LAKE (SAGAR DIGHI), COOCHBEHAR"
2520.0,"MIRIKH LAKE, DARJEELING",LAKE,WEST BENGAL,8,17,5.4,7.4,6.5,7.6,18,128,1.0,2.8,0.30,2.39,90,3400,170,17000,2020,"MIRIKH LAKE, DARJEELING"
2521.0,"WATER RESERVIOR AT DELO LAKE, DARJELLING",LAKE,WEST BENGAL,7,21,7.0,7.6,6.9,7.8,13,33,1.0,1.2,0.30,1.16,80,230,110,1100,2020,"WATER RESERVIOR AT DELO LAKE, DARJELLING"
2522.0,SINCHAL LAKE FOR DARJEELING,LAKE,WEST BENGAL,3,12,7.1,8.6,6.9,7.8,12,28,1.0,1.2,0.30,0.82,70,170,120,300,2020,SINCHAL LAKE FOR DARJEELING
2539.0,"BELBONI LAKE NEAR BARJORA, BANKURA",LAKE,WEST BENGAL,19,34,7.9,8.7,6.9,7.8,122,222,1.4,2.1,0.30,0.30,450,1700,830,2200,2020,"BELBONI LAKE NEAR BARJORA, BANKURA"
2544.0,SAHEBBANDH AT PURULIA,LAKE,WEST BENGAL,18,35,8.5,9.5,7.3,8.3,314,467,2.9,4.0,0.30,0.30,2500,4100,3800,8400,2020,SAHEBBANDH AT PURULIA
4720.0,LAKE RASIKBHEEL AT COOCHBEHAR,LAKE,WEST BENGAL,19,28,6.7,8.1,7.1,8.4,32,109,1.4,2.1,0.30,2.76,90,1300,700,3500,2020,LAKE RASIKBHEEL AT COOCHBEHAR
4725.0,WATER RESERVIOR ST. HELENS SCHOOL,LAKE,WEST BENGAL,4,27,7.1,8.2,7.1,7.7,14,32,1.0,2.1,0.30,2.76,70,1300,170,3400,2020,WATER RESERVIOR ST. HELENS SCHOOL
4729.0,JOREPOKHARI LAKE AT SUKHIAPOKHARI,LAKE,WEST BENGAL,4,14,6.9,7.8,6.8,8.0,10,135,1.0,1.4,0.30,2.28,60,260,110,330,2020,JOREPOKHARI LAKE AT SUKHIAPOKHARI
4368.0,"KOLLERU LAKE KOKKIRAYALANKA (V), KAILALUR (M)",LAKE,ANDHRA PRADESH,24.0,27.0,3.2,6.5,7.0,8.0,245,5160,1.6,3.2,1.02,3.60,9,21,120,210,2021,"KOLLERU LAKE KOKKIRAYALANKA (V), KAILALUR (M)"
2353.0,"KONDAKARLA-AAVA LAKE, PARAWADA PHARMA CITY, VISHAKHAPATNAM",LAKE,ANDHRA PRADESH,26.0,29.0,3.0,6.8,6.9,7.8,599,1179,1.9,4.6,0.77,3.56,15,23,150,240,2021,"KONDAKARLA-AAVA LAKE, PARAWADA PHARMA CITY, VISHAKHAPATNAM"
1790.0,"PULICATE LAKE , NELLORE DIST",LAKE,ANDHRA PRADESH,18.0,24.0,4.2,6.0,7.2,8.2,28000,56900,2.4,2.8,1.20,1.64,3,3,47,150,2021,"PULICATE LAKE , NELLORE DIST"
4391.0,"CHENGAMBAKAM TANK IN SRI CITY SEZ, TIRUPATHI",TANK,ANDHRA PRADESH,22.0,29.0,5.4,6.2,6.3,7.9,180,476,1.0,2.5,0.34,2.30,24,365,170,549,2021,"CHENGAMBAKAM TANK IN SRI CITY SEZ, TIRUPATHI"
4921.0,ANNAMAYYA PROJECT ON CHEYYERU RESERVOIR,WETLAND,ANDHRA PRADESH,21.0,30.0,5.4,6.5,7.3,8.0,496,734,1.0,2.3,0.35,1.00,43,289,240,727,2021,ANNAMAYYA PROJECT ON CHEYYERU RESERVOIR
4936.0,ANUMANAPALLE CHERUVU,WETLAND,ANDHRA PRADESH,22.0,23.0,6.8,7.5,7.1,9.0,158,320,1.2,2.2,0.42,1.79,3,4,63,150,2021,ANUMANAPALLE CHERUVU
4919.0,BRAMHASAGAR,WETLAND,ANDHRA PRADESH,20.0,29.0,5.1,6.4,7.1,7.9,381,608,1.0,2.2,0.32,0.67,45,322,210,602,2021,BRAMHASAGAR
4926.0,DALI TANK,WETLAND,ANDHRA PRADESH,22.0,31.0,4.2,7.3,7.1,8.5,274,18950,1.5,2.5,0.38,2.82,4,15,2,150,2021,DALI TANK
4931.0,GACCHAKAYALA PORA (LAGOON),WETLAND,ANDHRA PRADESH,27.0,31.0,4.5,7.2,7.1,8.6,12230,56900,1.4,3.6,0.63,2.86,4,15,64,120,2021,GACCHAKAYALA PORA (LAGOON)
4917.0,GANGINENI CHERUVU,WETLAND,ANDHRA PRADESH,21.0,30.0,3.8,5.8,6.6,8.1,802,1326,2.2,3.5,1.08,4.51,191,659,540,1120,2021,GANGINENI CHERUVU
4934.0,INTERU SWAMPS,WETLAND,ANDHRA PRADESH,25.0,26.0,6.1,7.5,7.3,7.9,16170,26800,2.4,2.8,1.12,1.80,3,3,63,150,2021,INTERU SWAMPS
4918.0,KATTAMANCHI CHERUVU,WETLAND,ANDHRA PRADESH,23.0,30.0,4.3,5.6,6.8,8.1,733,1303,1.8,3.2,0.65,2.91,170,525,430,1120,2021,KATTAMANCHI CHERUVU
4933.0,KRISHNA MANGROVES,WETLAND,ANDHRA PRADESH,24.0,28.0,5.1,6.2,7.1,8.0,24000,34500,2.4,2.8,1.03,1.81,3,3,71,150,2021,KRISHNA MANGROVES
4916.0,MID PENNAR RESERVOIR,WETLAND,ANDHRA PRADESH,21.0,27.0,5.3,6.3,7.0,7.9,346,560,1.0,1.7,0.33,2.57,84,376,220,659,2021,MID PENNAR RESERVOIR
4925.0,NAUPADA SWAMPS,WETLAND,ANDHRA PRADESH,22.0,32.0,2.0,8.0,7.2,8.3,330,58500,1.8,4.1,1.00,6.16,7,28,2,1100,2021,NAUPADA SWAMPS
4930.0,P .S. CHINNAIAH PALEM,WETLAND,ANDHRA PRADESH,24.0,30.0,5.8,8.0,6.8,8.2,460,1340,1.5,4.1,0.32,1.92,4,21,64,210,2021,P .S. CHINNAIAH PALEM
4924.0,PATATEKALLI CHERUVU,WETLAND,ANDHRA PRADESH,22.0,32.0,3.5,8.5,6.9,8.6,271,53100,1.5,22.0,1.02,3.87,9,23,120,460,2021,PATATEKALLI CHERUVU
4915.0,PATHAKOTHA CHERUVU,WETLAND,ANDHRA PRADESH,23.0,28.0,4.6,6.1,7.1,8.1,931,1702,1.8,3.0,0.42,2.94,180,629,430,1046,2021,PATHAKOTHA CHERUVU
4928.0,PEDDA CHERUVU,WETLAND,ANDHRA PRADESH,26.0,32.0,0.3,7.5,6.6,7.7,620,1450,1.9,54.0,1.96,6.09,21,39,240,2400,2021,PEDDA CHERUVU
4923.0,SANGAMESWARA BACKWATERS,WETLAND,ANDHRA PRADESH,22.0,27.0,5.1,6.4,6.8,7.9,357,1210,1.2,2.7,0.38,2.34,41,356,220,840,2021,SANGAMESWARA BACKWATERS
4920.0,SOMASILA BACK WATER,WETLAND,ANDHRA PRADESH,21.0,29.0,5.2,6.5,7.2,7.9,480,795,1.0,1.8,0.34,0.94,25,373,240,594,2021,SOMASILA BACK WATER
4927.0,TATIPUDI RESERVOIR,WETLAND,ANDHRA PRADESH,25.0,32.0,4.1,8.0,7.0,8.2,216,392,1.2,2.4,0.34,2.29,3,4,39,75,2021,TATIPUDI RESERVOIR
4929.0,UPPALANKA MUDFLATS,WETLAND,ANDHRA PRADESH,25.0,29.0,2.3,8.0,7.0,8.0,730,39600,1.8,5.8,0.46,3.02,4,15,49,150,2021,UPPALANKA MUDFLATS
4935.0,UPPALAPADU TANK,WETLAND,ANDHRA PRADESH,21.0,24.0,6.4,7.6,7.0,8.4,641,937,2.6,4.4,1.27,4.52,3,4,150,2400,2021,UPPALAPADU TANK
4932.0,YERRAKALUVA RESERVOIR,WETLAND,ANDHRA PRADESH,23.0,28.0,2.2,8.2,7.1,8.0,185,1175,1.4,2.8,0.42,2.29,4,7,43,93,2021,YERRAKALUVA RESERVOIR
3785.0,"BORBEEL NO. 1 , RAM NAGAR, DIGBOI, PUBLIC WATER SUPPLY, TINSUKIA",LAKE,ASSAM,24.0,24.0,1.0,1.0,7.7,7.8,278,282,2.3,2.4,1.00,1.00,2,2,2,2,2021,"BORBEEL NO. 1 , RAM NAGAR, DIGBOI, PUBLIC WATER SUPPLY, TINSUKIA"
3789.0,"BORDOIBAM BEELMUKH BIRD SANCTUARY, DHEMAJI",LAKE,ASSAM,22.0,26.0,3.8,8.5,7.0,7.7,179,208,2.0,2.7,0.60,1.20,300,910,1400,2000,2021,"BORDOIBAM BEELMUKH BIRD SANCTUARY, DHEMAJI"
3820.0,"BORSOLA BEEL, SARABBHATTI, GUWAHATI",LAKE,ASSAM,21.0,32.0,0.3,6.3,7.3,7.8,452,470,23.6,29.2,2.00,2.80,2300,3900,4400,6400,2021,"BORSOLA BEEL, SARABBHATTI, GUWAHATI"
2206.0,"DALONI BEEL NEAR JOGIGHOPA, ASSAM",LAKE,ASSAM,24.0,36.0,4.5,5.5,7.0,7.8,66,81,1.6,2.6,0.70,1.10,300,730,610,1500,2021,"DALONI BEEL NEAR JOGIGHOPA, ASSAM"
2218.0,"DEEPAR BEEL AT BORAGAON NEAR IASST, GUWAHATI, ASSAM",LAKE,ASSAM,21.0,31.0,4.6,10.8,7.2,7.8,156,288,2.0,5.0,0.60,2.00,300,730,1100,1600,2021,"DEEPAR BEEL AT BORAGAON NEAR IASST, GUWAHATI, ASSAM"
1529.0,"DEEPAR BEEL, ASSAM",LAKE,ASSAM,20.0,31.0,4.2,10.8,7.2,7.8,150,291,2.2,5.2,0.80,1.80,300,730,910,1600,2021,"DEEPAR BEEL, ASSAM"
3821.0,"DIPLAI BEEL AT SILGARA, KOKRAJHAR",LAKE,ASSAM,22.0,34.0,4.2,5.5,7.0,7.6,64,98,2.0,2.9,0.70,1.40,300,730,910,1600,2021,"DIPLAI BEEL AT SILGARA, KOKRAJHAR"
3787.0,"HOLUDUNGA BEEL NEAR GAI NADI/ RIVER AT SOMARAJAN, DHEMA JI",LAKE,ASSAM,22.0,25.0,4.2,8.4,7.0,7.6,84,130,2.0,2.8,0.60,0.90,300,730,910,1500,2021,"HOLUDUNGA BEEL NEAR GAI NADI/ RIVER AT SOMARAJAN, DHEMA JI"
4337.0,"KAMALABARI LAKE INSIDE KAMALABARI CHILDREN,S PARK, GELEKY",LAKE,ASSAM,20.0,35.0,5.4,7.6,6.8,7.6,53,85,1.9,2.5,0.70,1.20,300,360,360,910,2021,"KAMALABARI LAKE INSIDE KAMALABARI CHILDREN,S PARK, GELEKY"
3812.0,"KAMALPUR BEEL, KAMALPUR",LAKE,ASSAM,21.0,27.0,0.3,3.8,7.2,7.8,1046,1150,25.2,30.4,2.20,3.40,360,1400,910,2700,2021,"KAMALPUR BEEL, KAMALPUR"
3800.0,MALINI BEEL NEAR INDUTRIAL AREA AT RAMNAGAR,LAKE,ASSAM,20.0,25.0,4.0,6.2,7.0,7.7,126,164,2.1,2.8,0.60,1.00,300,610,610,1600,2021,MALINI BEEL NEAR INDUTRIAL AREA AT RAMNAGAR
2205.0,"MER BEEL AT MADHABPUR, ASSAM",LAKE,ASSAM,22.0,25.0,4.0,7.8,7.2,8.0,136,161,2.3,2.8,0.80,1.10,300,720,910,2000,2021,"MER BEEL AT MADHABPUR, ASSAM"
3808.0,PARASHALI BEEL AT DEMORIA,LAKE,ASSAM,20.0,30.0,5.8,10.2,7.0,7.6,120,152,2.2,2.8,0.60,1.20,300,930,910,2000,2021,PARASHALI BEEL AT DEMORIA
3798.0,SAMAGURI BEEL IN NAGAON DISTRICT,LAKE,ASSAM,19.0,34.0,4.0,7.1,7.0,7.5,118,143,2.0,2.9,0.60,1.10,300,730,720,2000,2021,SAMAGURI BEEL IN NAGAON DISTRICT
3814.0,"SILSAKO BEEL, CHACHAL, GUWAHATI",LAKE,ASSAM,20.0,33.0,0.3,1.4,7.1,7.6,511,532,14.0,19.0,1.20,2.60,1400,2300,2700,4300,2021,"SILSAKO BEEL, CHACHAL, GUWAHATI"
3804.0,SON BEEL WATER AT KARIMGANJ,LAKE,ASSAM,21.0,25.0,4.0,4.3,6.8,7.5,123,158,2.2,2.8,0.60,1.20,300,910,730,2100,2021,SON BEEL WATER AT KARIMGANJ
3819.0,"SORU SOLA BEEL, PALTAN BAZAR, GUWAHATI",LAKE,ASSAM,21.0,32.0,0.3,6.7,7.0,8.0,462,486,24.6,29.4,2.00,2.80,2600,3600,4200,5300,2021,"SORU SOLA BEEL, PALTAN BAZAR, GUWAHATI"
2225.0,"BASKANDI POND INSIDE THE BASKANDI MADRASA, BASKANDI, ASSAM",POND,ASSAM,18.0,24.0,4.2,4.8,7.2,7.5,101,130,2.1,2.6,0.60,1.20,300,910,1100,2000,2021,"BASKANDI POND INSIDE THE BASKANDI MADRASA, BASKANDI, ASSAM"
2219.0,"BISHNU PUSKAR PUKHURI OF HAYAGRIB MADHAB TEMPLE, HAJO, ASSAM",POND,ASSAM,20.0,27.0,4.5,10.0,7.0,7.6,210,242,2.0,2.6,1.00,1.30,300,2300,730,4300,2021,"BISHNU PUSKAR PUKHURI OF HAYAGRIB MADHAB TEMPLE, HAJO, ASSAM"
2207.0,"BOR BEEL AT JAKAI., ASSAM",POND,ASSAM,21.0,25.0,4.0,7.0,7.2,7.8,200,297,2.0,2.8,0.60,1.10,300,730,610,1500,2021,"BOR BEEL AT JAKAI., ASSAM"
3772.0,BORPUKHURI AT SONARI,POND,ASSAM,18.0,33.0,5.8,7.4,6.8,8.0,68,111,2.0,2.6,0.60,1.10,300,360,360,1100,2021,BORPUKHURI AT SONARI
2208.0,"BORPUKHURI, NAZIRA, ASSAM",POND,ASSAM,19.0,34.0,5.6,7.6,6.9,7.7,56,96,2.0,2.5,0.70,1.10,300,360,300,910,2021,"BORPUKHURI, NAZIRA, ASSAM"
2214.0,"BOTODRIVA SATRA POND, NAGAON, ASSAM",POND,ASSAM,20.0,30.0,4.0,6.2,7.2,7.6,63,88,2.0,2.8,0.80,1.10,300,730,730,1500,2021,"BOTODRIVA SATRA POND, NAGAON, ASSAM"
2220.0,"CHAND DUBI BEEL, CHAND DUBI, ASSAM",POND,ASSAM,22.0,32.0,4.6,10.3,7.2,7.7,83,108,2.1,2.6,0.70,1.10,300,730,720,1500,2021,"CHAND DUBI BEEL, CHAND DUBI, ASSAM"
2216.0,"DIGHALI PUKHURI, GUWAHATI, ASSAM",POND,ASSAM,20.0,35.0,4.2,11.2,7.1,7.7,218,321,2.3,3.0,1.00,1.80,360,730,910,2000,2021,"DIGHALI PUKHURI, GUWAHATI, ASSAM"
1263.0,"ELANGABEEL SYSTEM POND (CONNECTED TO R. KOLANG), ASSAM",POND,ASSAM,19.0,29.0,4.0,6.8,7.0,7.6,206,882,2.2,2.8,0.80,1.30,300,910,730,2100,2021,"ELANGABEEL SYSTEM POND (CONNECTED TO R. KOLANG), ASSAM"
2228.0,"GALA BEEL AT DERGAON, ASSAM",POND,ASSAM,20.0,30.0,6.8,9.2,7.3,7.8,63,103,2.1,2.5,0.70,1.10,300,720,720,1500,2021,"GALA BEEL AT DERGAON, ASSAM"
2221.0,"GANGA PUKHURI, NALBARI (GORDON SCHOOL), ASSAM",POND,ASSAM,21.0,27.0,4.5,10.2,7.0,7.8,70,89,1.8,2.8,0.60,1.10,300,730,610,1500,2021,"GANGA PUKHURI, NALBARI (GORDON SCHOOL), ASSAM"
2209.0,"GAURISAGAR TANK, GAURISAGAR, ASSAM",POND,ASSAM,20.0,36.0,4.8,7.0,6.4,7.6,65,83,1.3,2.7,0.70,1.40,2,730,360,1500,2021,"GAURISAGAR TANK, GAURISAGAR, ASSAM"
2212.0,"GOPHUR TANK, GOPHUR, ASSAM",POND,ASSAM,20.0,32.0,6.8,7.6,7.4,7.8,101,119,2.3,2.6,0.60,1.20,300,360,620,1500,2021,"GOPHUR TANK, GOPHUR, ASSAM"
2227.0,"HORDAI PUKHURI, CHARAIDEW, ASSAM",POND,ASSAM,18.0,32.0,5.6,7.2,6.7,7.4,64,77,1.8,2.7,0.80,1.10,300,360,360,910,2021,"HORDAI PUKHURI, CHARAIDEW, ASSAM"
2213.0,"JAIPAL PUKHURI, SIPAJHAR, ASSAM",POND,ASSAM,22.0,31.0,7.0,8.0,7.2,8.0,89,210,2.2,2.8,0.80,1.10,300,720,730,1400,2021,"JAIPAL PUKHURI, SIPAJHAR, ASSAM"
3809.0,JORPUKHURI AT UZANBAZAR (UGRATALA TEMPLE),POND,ASSAM,20.0,35.0,4.5,11.0,7.0,8.0,382,404,2.1,2.9,0.80,1.20,360,910,910,2000,2021,JORPUKHURI AT UZANBAZAR (UGRATALA TEMPLE)
2223.0,"MAHAMAYA MANDIR PUKHURI, ASSAM",POND,ASSAM,22.0,36.0,4.0,5.1,7.2,8.0,68,95,1.9,2.6,0.70,1.10,300,910,910,2100,2021,"MAHAMAYA MANDIR PUKHURI, ASSAM"
4006.0,NETAI PUKHURI AT NETAI PUKHURI,POND,ASSAM,18.0,35.0,5.0,7.6,6.0,7.9,64,88,1.8,2.6,0.70,1.10,300,360,360,910,2021,NETAI PUKHURI AT NETAI PUKHURI
2211.0,"PADUMPUKHURI, TEZPUR, ASSAM",POND,ASSAM,23.0,33.0,7.0,7.8,7.2,7.8,264,304,2.2,2.7,0.80,1.30,300,730,720,1500,2021,"PADUMPUKHURI, TEZPUR, ASSAM"
3806.0,POND WATER FROM RAMKRISHNA MISSION AT HAILAKANDI,POND,ASSAM,22.0,25.0,4.0,5.4,6.8,7.7,122,179,2.2,2.6,0.70,1.00,300,940,910,1600,2021,POND WATER FROM RAMKRISHNA MISSION AT HAILAKANDI
2222.0,"RAJADINIA PUKHURI AT ABHAYAPURI, ASSAM",POND,ASSAM,24.0,38.0,4.1,5.7,7.0,7.7,60,80,1.9,2.6,0.70,1.20,300,910,730,2000,2021,"RAJADINIA PUKHURI AT ABHAYAPURI, ASSAM"
2224.0,"RAJAPUKHURI AT GAURIPUR, ASSAM",POND,ASSAM,24.0,36.0,4.3,5.6,7.3,7.9,96,126,2.1,2.6,0.70,1.20,300,910,910,2000,2021,"RAJAPUKHURI AT GAURIPUR, ASSAM"
2210.0,"RAJMAW PUKHURI, JORHAT, ASSAM",POND,ASSAM,21.0,33.0,5.6,7.8,6.8,7.8,73,109,2.1,2.6,0.60,1.20,300,360,360,910,2021,"RAJMAW PUKHURI, JORHAT, ASSAM"
2215.0,"SARAN BEEL, ASSAM",POND,ASSAM,21.0,32.0,4.0,7.0,7.0,7.6,75,105,2.0,2.7,0.70,1.10,300,730,720,1500,2021,"SARAN BEEL, ASSAM"
2226.0,"SIVASAGAR TANK (BORPUKHURI) NEAR SIVADOL, ASSAM",POND,ASSAM,20.0,36.0,4.0,7.5,6.6,7.6,66,90,1.8,2.8,0.70,1.10,300,730,360,1500,2021,"SIVASAGAR TANK (BORPUKHURI) NEAR SIVADOL, ASSAM"
2217.0,"SUBHAGYA KUNDA POND KAMAKHYA TEMPLE, GUWAHATI, ASSAM",POND,ASSAM,19.0,30.0,4.0,8.5,7.3,7.8,218,247,2.0,2.7,0.60,1.10,300,730,720,2100,2021,"SUBHAGYA KUNDA POND KAMAKHYA TEMPLE, GUWAHATI, ASSAM"
4334.0,"THOWRADOLE PUKHURI, THOWRADOLE G.P. DEMOW BLOCK",POND,ASSAM,19.0,36.0,5.5,7.8,6.8,7.7,71,89,2.0,2.8,0.70,1.10,300,360,360,910,2021,"THOWRADOLE PUKHURI, THOWRADOLE G.P. DEMOW BLOCK"
1532.0,"GOYSAGAR TANK, SIBSAGAR, ASSAM",TANK,ASSAM,20.0,36.0,5.5,6.5,6.3,7.6,62,88,1.4,2.6,0.70,1.10,2,300,360,730,2021,"GOYSAGAR TANK, SIBSAGAR, ASSAM"
2557.0,"KAWAR LAKE, BEGUSARAI",LAKE,BIHAR,12.0,31.0,1.7,9.2,6.8,7.5,136,360,2.4,4.2,0.15,6.20,780,92000,2300,160000,2021,"KAWAR LAKE, BEGUSARAI"
2571.0,MOTI JHEEL AT MOTIHARII,LAKE,BIHAR,20.0,29.0,2.6,22.0,7.2,8.3,390,1080,1.0,16.0,0.06,2.57,680,160000,1100,160000,2021,MOTI JHEEL AT MOTIHARII
4296.0,"SIKANDRAPUR, MUZAFFARPUR",LAKE,BIHAR,12.0,32.0,2.2,18.5,7.6,9.0,444,948,3.7,10.0,0.30,0.50,1700,160000,3300,160000,2021,"SIKANDRAPUR, MUZAFFARPUR"
2574.0,SURAJ KUND AT GAYA,POND,BIHAR,18.0,31.0,3.3,16.0,7.1,8.2,427,817,2.3,6.9,0.13,1.65,2200,160000,2600,160000,2021,SURAJ KUND AT GAYA
2573.0,TIGHI TALAB AT GAYA,POND,BIHAR,18.0,31.0,5.4,19.6,7.4,8.8,557,1140,2.1,8.0,0.30,1.17,920,160000,1700,160000,2021,TIGHI TALAB AT GAYA
2046.0,"SUKHNA LAKE, CHANDIGARH",LAKE,CHANDIGARH,17.0,33.0,7.5,10.3,6.9,8.7,208,295,2.4,3.6,0.50,15.00,5,27000,33,10900000,2021,"SUKHNA LAKE, CHANDIGARH"
3163.0,"HITKASA TAILING DAM, RAJHARA, CHHATISGARH.(DALLI RAJHARA IRON ORE MINES, DALLI RAJHARA)",LAKE,CHHATTISGARH,24.0,32.0,6.0,6.8,7.1,7.8,,,8.0,16.0,0.64,0.64,2,170,70,170,2021,"HITKASA TAILING DAM, RAJHARA, CHHATISGARH.(DALLI RAJHARA IRON ORE MINES, DALLI RAJHARA)"
3164.0,"NEHRU NAGAR TALAB, BHILAI, CHHATISGARH.",POND,CHHATTISGARH,21.0,31.0,7.0,7.2,7.1,7.8,,,2.0,2.8,0.59,0.59,10,110,110,170,2021,"NEHRU NAGAR TALAB, BHILAI, CHHATISGARH."
3031.0,"BHALSWA LAKE, DELHI",LAKE,DELHI,32.0,32.0,0.3,1.7,7.6,8.1,6560,6560,40.0,55.0,1.14,2.10,49000,3300000,14000000,14000000,2021,"BHALSWA LAKE, DELHI"
3476.0,"LAKE NEAR IIT FLYOVER, DELHI",LAKE,DELHI,34.0,34.0,0.3,11.0,8.7,9.1,940,940,64.0,163.0,2.38,2.60,49,980000,79,79,2021,"LAKE NEAR IIT FLYOVER, DELHI"
3030.0,"SANJAY LAKE, DELHI",LAKE,DELHI,33.0,33.0,0.3,9.0,8.1,8.3,1194,1194,26.0,57.0,1.01,2.04,49,40000,130,130,2021,"SANJAY LAKE, DELHI"
3175.0,ANJUNEM LAKE,LAKE,GOA,27.0,32.0,4.8,7.9,5.7,7.4,40,140,1.0,1.6,0.32,0.54,2,240,2,540,2021,ANJUNEM LAKE
3177.0,CARAMBOLIM LAKE,LAKE,GOA,27.0,30.0,4.3,8.8,6.3,8.3,99,603,1.0,2.8,0.32,0.39,78,1300,110,3300,2021,CARAMBOLIM LAKE
3180.0,CURTORIM LAKE,LAKE,GOA,27.0,31.0,1.6,6.7,6.0,7.7,78,195,1.0,2.9,0.32,1.22,130,2300,170,4900,2021,CURTORIM LAKE
4408.0,HARWALE WATER FALL,LAKE,GOA,27.0,33.0,5.9,8.4,6.2,7.4,55,167,1.0,1.9,0.32,0.44,49,3300,140,5400,2021,HARWALE WATER FALL
2269.0,"MAYEM LAKE, BICHOLIM",LAKE,GOA,28.0,32.0,5.9,8.2,6.2,7.3,39,96,1.0,1.8,0.32,0.32,170,2200,330,2700,2021,"MAYEM LAKE, BICHOLIM"
3178.0,RAIA LAKE,LAKE,GOA,27.0,31.0,2.8,7.7,6.4,7.7,90,177,1.2,3.4,0.32,1.12,45,2700,68,3900,2021,RAIA LAKE
3176.0,RUMDER LAKE,LAKE,GOA,27.0,32.0,1.2,6.0,6.1,7.8,95,141,1.0,3.8,0.32,0.52,130,2300,230,4900,2021,RUMDER LAKE
3179.0,SAIPEM LAKE,LAKE,GOA,28.0,30.0,1.2,4.9,6.5,7.8,196,463,2.5,8.0,0.32,1.18,230,4900,940,7900,2021,SAIPEM LAKE
1549.0,"SALAULIM LAKE AT SALAULIM - SANGUEM, GOA",LAKE,GOA,27.5,33.0,6.1,8.1,6.7,8.5,38,139,1.0,1.8,0.32,0.90,2,49,4,79,2021,"SALAULIM LAKE AT SALAULIM - SANGUEM, GOA"
1345.0,"AJWAH LAKE AT SRI SAYAJI SABVAR, BARODA,",LAKE,GUJARAT,27.0,30.0,5.1,8.5,7.6,8.5,365,502,1.0,1.0,0.32,0.39,2,11,17,70,2021,"AJWAH LAKE AT SRI SAYAJI SABVAR, BARODA,"
2076.0,ANKLESHWAR RESERVOIR AT GIDC ANKLESHWAR AT VALIA ROAD.,LAKE,GUJARAT,26.0,31.0,6.5,8.5,7.6,8.3,306,508,1.0,1.0,0.30,0.50,2,27,20,70,2021,ANKLESHWAR RESERVOIR AT GIDC ANKLESHWAR AT VALIA ROAD.
1973.0,"BINDUSAROVAR, SIDDHPUR (DIST.PATAN)",LAKE,GUJARAT,27.0,29.0,3.5,7.2,7.3,8.0,205,2415,1.0,10.5,0.30,1.30,12,120,46,350,2021,"BINDUSAROVAR, SIDDHPUR (DIST.PATAN)"
1344.0,"CHANDOLA LAKE AT AHMEDABAD,",LAKE,GUJARAT,25.0,30.0,4.1,6.9,7.3,8.4,449,669,2.4,19.0,0.30,1.68,26,920,130,1600,2021,"CHANDOLA LAKE AT AHMEDABAD,"
1977.0,CITY LAKE OF NADIAD,LAKE,GUJARAT,27.0,35.0,4.7,6.7,7.7,8.5,892,1621,1.5,3.2,0.24,0.72,70,350,280,540,2021,CITY LAKE OF NADIAD
3198.0,"GOMTI LAKE, OPP, RANCHODAJI TEMPLE, DAKOR, KHEDA",LAKE,GUJARAT,26.0,33.0,3.4,6.8,7.4,8.5,335,646,1.3,3.2,0.32,1.60,23,140,130,350,2021,"GOMTI LAKE, OPP, RANCHODAJI TEMPLE, DAKOR, KHEDA"
3199.0,"HAMISAR TALAV, BHUJ",LAKE,GUJARAT,23.0,30.0,5.2,6.4,7.2,8.4,363,690,2.2,2.8,0.33,0.46,5,7,22,28,2021,"HAMISAR TALAV, BHUJ"
1343.0,"KANKORIA LAKE AT AHMEDABAD, NR. BALVATIKA,",LAKE,GUJARAT,25.0,30.0,4.8,8.4,8.5,9.1,2571,3999,7.0,22.0,0.32,1.63,33,920,280,1600,2021,"KANKORIA LAKE AT AHMEDABAD, NR. BALVATIKA,"
2078.0,"KUWADAVA LAKE, VILL. KUWADAVA, DIST. RAJKOT.",LAKE,GUJARAT,26.0,30.0,5.9,6.9,7.3,8.4,452,3120,1.6,2.5,0.32,0.75,2,170,10,540,2021,"KUWADAVA LAKE, VILL. KUWADAVA, DIST. RAJKOT."
1975.0,"LAKHOTA TALAV, JAMNAGAR",LAKE,GUJARAT,18.0,29.0,3.0,4.4,6.8,8.4,358,835,1.0,2.1,0.32,0.60,3,6,6,27,2021,"LAKHOTA TALAV, JAMNAGAR"
3197.0,"MACHHU-II DAM, RAFLESHWAR, MORBI, RAJKOT",LAKE,GUJARAT,24.0,29.0,6.4,6.8,7.3,8.6,299,1012,2.0,2.4,0.16,0.43,2,21,2,49,2021,"MACHHU-II DAM, RAFLESHWAR, MORBI, RAJKOT"
3201.0,"MALAV TALAV, DHOLKA",LAKE,GUJARAT,24.0,32.0,4.2,9.2,8.3,9.1,2669,3850,3.0,27.0,0.30,0.72,12,540,63,920,2021,"MALAV TALAV, DHOLKA"
3200.0,MOONSAR LAKE OF VIRAMGAM,LAKE,GUJARAT,26.0,30.0,0.3,7.5,8.3,9.0,1838,6138,10.0,59.0,0.16,1.10,94,920,280,1600,2021,MOONSAR LAKE OF VIRAMGAM
2077.0,"MOTICHER LAKE NEAR KAKARPAR ATOMIC POWER STATION, DIST. SURAT.",LAKE,GUJARAT,20.0,30.0,6.2,7.6,7.5,8.3,383,773,1.0,1.1,0.01,0.42,2,6,2,33,2021,"MOTICHER LAKE NEAR KAKARPAR ATOMIC POWER STATION, DIST. SURAT."
1972.0,"NALSAROVAR LAKE (SANAND), DIST.AHMEDABAD",LAKE,GUJARAT,26.0,30.0,5.0,8.4,7.8,8.8,1290,11480,1.8,24.0,0.32,0.76,33,540,120,920,2021,"NALSAROVAR LAKE (SANAND), DIST.AHMEDABAD"
1976.0,NARSIMEHTA TALAV- JUNAGADH,LAKE,GUJARAT,23.0,29.0,3.5,6.5,7.2,8.3,314,1020,2.2,2.9,0.33,0.35,2,49,17,130,2021,NARSIMEHTA TALAV- JUNAGADH
1346.0,"SURSAGAR LAKE AT BARODA,",LAKE,GUJARAT,26.0,32.0,4.9,7.3,7.6,8.5,800,1136,1.6,4.1,0.32,0.45,46,350,170,540,2021,"SURSAGAR LAKE AT BARODA,"
3202.0,VHERAIMATA TALAV AT ANAND,LAKE,GUJARAT,26.0,28.0,3.5,5.5,7.3,8.5,430,779,1.8,4.1,0.30,0.91,130,350,240,540,2021,VHERAIMATA TALAV AT ANAND
2079.0,"DHUDHIA TALAV AT NAVSARI, DIST. NAVSARI.",POND,GUJARAT,28.0,31.0,7.0,7.8,7.5,8.4,369,564,1.0,1.9,0.30,0.57,2,17,10,120,2021,"DHUDHIA TALAV AT NAVSARI, DIST. NAVSARI."
1979.0,"OLPAD, VILLAGE POND:OLPAD, SURAT",POND,GUJARAT,20.0,30.0,5.4,8.2,7.3,8.4,413,1038,1.0,2.5,0.04,0.32,2,110,27,280,2021,"OLPAD, VILLAGE POND:OLPAD, SURAT"
1971.0,THOL TANK (KALOL) (DIST. MEHASANA),TANK,GUJARAT,22.0,35.0,2.6,7.7,7.1,8.5,440,1360,8.0,29.0,0.32,1.04,6,540,50,920,2021,THOL TANK (KALOL) (DIST. MEHASANA)
1349.0,BRAHMSAROVAR LAKE AT KURUKSHETRA,LAKE,HARYANA,,,6.2,7.8,7.2,8.0,289,812,3.5,4.5,0.14,2.84,100,14100,100,34800,2021,BRAHMSAROVAR LAKE AT KURUKSHETRA
1392.0,"KAUSSHALAYA LAKE, PINJORE, PANCHKULA",LAKE,HARYANA,,,3.9,7.2,7.6,8.2,329,488,3.2,4.8,0.30,0.88,400,4800,100,12000,2021,"KAUSSHALAYA LAKE, PINJORE, PANCHKULA"
3033.0,SOHNA LAKE,LAKE,HARYANA,20.4,32.0,6.5,7.2,7.0,7.9,860,1360,4.0,9.0,0.80,3.20,6600,39000,32000,110000,2021,SOHNA LAKE
4857.0,"SANHIT SAROVAR, KURUSHETRA",POND,HARYANA,,,6.3,8.0,7.0,7.8,280,785,3.4,4.6,0.18,0.30,100,11800,100,24000,2021,"SANHIT SAROVAR, KURUSHETRA"
1291.0,GOBINDSAGAR LAKE AT BILASPUR,LAKE,HIMACHAL PRADESH,14.0,23.0,8.4,9.7,7.2,8.0,187,380,1.0,1.0,0.32,2.14,94,540,280,1600,2021,GOBINDSAGAR LAKE AT BILASPUR
2650.0,KHAZIAR LAKE,LAKE,HIMACHAL PRADESH,4.0,17.0,5.7,7.1,6.1,7.7,62,113,1.0,2.0,0.30,1.90,2,2,31,84,2021,KHAZIAR LAKE
1292.0,"PONGDAM LAKE AT PONG VILLAGE,",LAKE,HIMACHAL PRADESH,13.0,26.0,6.0,9.2,7.1,8.2,109,225,1.0,1.0,0.30,1.20,2,2,25,63,2021,"PONGDAM LAKE AT PONG VILLAGE,"
1429.0,"RENUKA LAKE , 35 KM FROM PATNA SAHIB NORTH",LAKE,HIMACHAL PRADESH,10.0,22.0,6.5,8.9,7.3,8.5,372,625,1.0,2.0,0.32,0.82,26,46,130,350,2021,"RENUKA LAKE , 35 KM FROM PATNA SAHIB NORTH"
2649.0,RIWALSAR LAKE,LAKE,HIMACHAL PRADESH,11.0,27.0,5.3,9.8,6.9,8.3,58,746,1.0,5.0,0.41,1.74,110,920,920,1600,2021,RIWALSAR LAKE
2738.0,(MANSAR LAKE AT MID POINT(MANSAR LAKE),LAKE,JAMMU & KASHMIR,14.0,24.0,7.5,7.9,7.4,7.9,190,225,1.0,1.0,0.02,0.26,,,,,2021,(MANSAR LAKE AT MID POINT(MANSAR LAKE)
2740.0,"(MANSAR LAKE AT MID POINT(SURINSAR LAKE), J&K",LAKE,JAMMU & KASHMIR,15.0,26.0,6.2,6.6,7.9,8.6,168,236,3.1,4.1,0.03,0.04,-,-,-,-,2021,"(MANSAR LAKE AT MID POINT(SURINSAR LAKE), J&K"
4044.0,ANCHAR LAKE AT CENTRAL SITE,LAKE,JAMMU & KASHMIR,9.2,26.1,3.6,7.1,7.3,7.7,225,479,1.5,2.8,-,-,-,-,-,-,2021,ANCHAR LAKE AT CENTRAL SITE
4047.0,ANCHAR LAKE AT JENAB SAHAB SOURA,LAKE,JAMMU & KASHMIR,8.3,26.3,0.5,3.6,7.2,7.4,300,725,3.3,8.7,-,-,-,-,-,-,2021,ANCHAR LAKE AT JENAB SAHAB SOURA
4045.0,ANCHAR LAKE AT SANGAM,LAKE,JAMMU & KASHMIR,7.1,26.4,1.4,5.6,7.2,7.4,274,552,2.4,5.3,-,-,-,-,-,-,2021,ANCHAR LAKE AT SANGAM
4043.0,ANCHAR LAKE AT SINDH INFLOW,LAKE,JAMMU & KASHMIR,7.3,24.0,3.5,7.2,7.3,7.8,217,2889,1.2,2.8,-,-,-,-,-,-,2021,ANCHAR LAKE AT SINDH INFLOW
4046.0,ANCHAR LAKE NEAR LKIMS,LAKE,JAMMU & KASHMIR,8.9,25.8,0.7,2.6,7.1,7.4,274,676,3.5,7.6,-,-,-,-,-,-,2021,ANCHAR LAKE NEAR LKIMS
4040.0,DAL LAKE AT ASHAIBAGH BRIDGE,LAKE,JAMMU & KASHMIR,13.0,25.8,4.3,9.0,7.3,8.1,179,217,2.0,4.4,-,-,-,-,-,-,2021,DAL LAKE AT ASHAIBAGH BRIDGE
4042.0,DAL LAKE AT JOGILANKER,LAKE,JAMMU & KASHMIR,14.0,28.2,0.5,4.5,7.1,7.7,264,350,5.4,13.6,-,-,-,-,-,-,2021,DAL LAKE AT JOGILANKER
4041.0,DAL LAKE AT NAYADYAR,LAKE,JAMMU & KASHMIR,13.5,28.0,0.7,5.0,7.1,7.7,273,310,4.4,10.5,-,-,-,-,-,-,2021,DAL LAKE AT NAYADYAR
3254.0,DAL LAKE AT ABIKARPORA,LAKE,JAMMU & KASHMIR,11.2,25.5,3.4,7.5,7.2,7.9,166,2110,2.1,2.9,-,-,-,-,-,-,2021,DAL LAKE AT ABIKARPORA
3252.0,DAL LAKE AT CHAIRCHINARI,LAKE,JAMMU & KASHMIR,11.3,28.0,3.3,7.5,7.0,8.3,161,206,2.0,3.7,-,-,-,-,-,-,2021,DAL LAKE AT CHAIRCHINARI
3251.0,DAL LAKE AT DALGATE,LAKE,JAMMU & KASHMIR,11.7,27.3,4.7,7.6,7.1,7.9,170,200,2.7,3.3,-,-,-,-,-,-,2021,DAL LAKE AT DALGATE
3259.0,DAL LAKE AT DHOBIGHAT,LAKE,JAMMU & KASHMIR,14.0,27.8,4.0,9.0,7.5,8.2,161,430,2.3,6.4,-,-,-,-,-,-,2021,DAL LAKE AT DHOBIGHAT
3256.0,DAL LAKE AT ENTRY POINT OF TALIBAL NALLAH,LAKE,JAMMU & KASHMIR,13.0,26.4,6.0,9.5,7.5,8.1,101,237,1.3,3.4,-,-,-,-,-,-,2021,DAL LAKE AT ENTRY POINT OF TALIBAL NALLAH
3257.0,DAL LAKE AT HABAK,LAKE,JAMMU & KASHMIR,13.5,27.4,2.8,8.3,7.4,8.5,183,420,1.0,8.5,0.02,0.02,-,-,-,-,2021,DAL LAKE AT HABAK
3258.0,DAL LAKE AT HAZRATBAL,LAKE,JAMMU & KASHMIR,13.8,28.0,4.5,9.8,7.5,8.3,206,311,2.2,5.6,-,-,-,-,-,-,2021,DAL LAKE AT HAZRATBAL
3262.0,"DAL LAKE AT NIGEEN, WATER INTAKE PT OF POKHRIBAL WATER TREATMENT PLANT",LAKE,JAMMU & KASHMIR,13.5,27.0,5.8,9.2,7.7,8.5,202,227,2.0,4.0,-,-,-,-,-,-,2021,"DAL LAKE AT NIGEEN, WATER INTAKE PT OF POKHRIBAL WATER TREATMENT PLANT"
3261.0,"DAL LAKE AT NISHAT, WATER INTAKE POINT OF NISHAT WATER TREATMENT PLANT",LAKE,JAMMU & KASHMIR,13.0,27.6,6.4,9.8,7.9,8.2,160,195,2.0,3.8,-,-,-,-,-,-,2021,"DAL LAKE AT NISHAT, WATER INTAKE POINT OF NISHAT WATER TREATMENT PLANT"
3260.0,DAL LAKE AT SONALANK,LAKE,JAMMU & KASHMIR,13.8,26.1,6.4,9.8,7.4,8.5,142,268,1.5,2.9,-,-,-,-,-,-,2021,DAL LAKE AT SONALANK
1309.0,DAL LAKE AT SRINAGAR,LAKE,JAMMU & KASHMIR,11.7,28.0,5.7,9.3,7.4,7.8,165,202,2.3,4.6,-,-,-,-,-,-,2021,DAL LAKE AT SRINAGAR
3253.0,DAL LAKE NEAR NISHAT LAM,LAKE,JAMMU & KASHMIR,12.2,27.5,4.8,8.9,7.6,8.3,188,267,2.0,6.3,-,-,-,-,-,-,2021,DAL LAKE NEAR NISHAT LAM
2739.0,MANSAR LAKE POINT OF DISCHARGE OF WASTE WATER FROM DIFFERENT ESTABLISHMENTS NEAR NAG TEMPLE,LAKE,JAMMU & KASHMIR,14.0,24.0,5.9,7.9,7.5,8.1,192,239,1.0,1.0,0.02,0.02,-,-,-,-,2021,MANSAR LAKE POINT OF DISCHARGE OF WASTE WATER FROM DIFFERENT ESTABLISHMENTS NEAR NAG TEMPLE
2741.0,SURINSAR LAKE POINT OF DISCHARGE OF WASTE WATER FROM DIFFERENT ESTABLISHMENTS,LAKE,JAMMU & KASHMIR,15.0,26.0,6.1,6.5,8.1,8.6,170,240,3.4,16.4,0.04,0.04,-,-,-,-,2021,SURINSAR LAKE POINT OF DISCHARGE OF WASTE WATER FROM DIFFERENT ESTABLISHMENTS
4048.0,WULAR LAKE AT SADERKOTE,LAKE,JAMMU & KASHMIR,9.4,27.0,2.5,7.5,7.3,7.6,197,291,2.0,5.1,-,-,-,-,-,-,2021,WULAR LAKE AT SADERKOTE
4049.0,WULAR LAKE AT ZALWAN,LAKE,JAMMU & KASHMIR,10.0,21.0,1.6,8.1,7.1,7.5,90,487,1.3,5.6,-,-,-,-,-,-,2021,WULAR LAKE AT ZALWAN
3266.0,WULAR LAKE AT ENTRY PT OF ERIN NALLAH,LAKE,JAMMU & KASHMIR,6.1,24.0,3.0,7.9,7.2,7.9,70,165,1.0,4.6,-,-,-,-,-,-,2021,WULAR LAKE AT ENTRY PT OF ERIN NALLAH
3263.0,WULAR LAKE AT NINGLI NALLAH,LAKE,JAMMU & KASHMIR,6.0,24.1,4.2,6.8,7.1,7.6,194,260,1.3,2.7,-,-,-,-,-,-,2021,WULAR LAKE AT NINGLI NALLAH
3264.0,WULAR LAKE AT WATLAB,LAKE,JAMMU & KASHMIR,8.6,26.0,4.4,8.5,7.1,8.0,161,249,1.5,2.7,-,-,-,-,-,-,2021,WULAR LAKE AT WATLAB
3265.0,WULAR LAKE ATKANIBATH,LAKE,JAMMU & KASHMIR,8.5,28.4,2.4,8.7,7.1,7.7,188,268,1.8,5.7,-,-,-,-,-,-,2021,WULAR LAKE ATKANIBATH
2398.0,"DIMNA LAKE, DIMNA",LAKE,JHARKHAND,20.0,32.0,7.0,8.0,7.2,7.7,168,243,1.0,1.6,-,-,-,-,-,-,2021,"DIMNA LAKE, DIMNA"
2394.0,TOP CHANCHI LAKE,LAKE,JHARKHAND,19.5,20.0,7.4,7.6,7.5,7.5,-,-,2.4,2.5,-,-,-,-,-,-,2021,TOP CHANCHI LAKE
4491.0,"HOLY POND OF SHIV GANGA JARMUNDI, DUMKA",POND,JHARKHAND,17.0,31.0,3.6,8.0,7.6,8.2,296,350,2.1,2.6,-,-,-,-,-,-,2021,"HOLY POND OF SHIV GANGA JARMUNDI, DUMKA"
4740.0,"LOCO TALAB ) PUMPU TALAB), AT- BARMASIA, DHANBAD",POND,JHARKHAND,20.0,23.0,2.0,4.9,7.3,7.4,-,-,3.9,12.8,-,-,-,-,-,-,2021,"LOCO TALAB ) PUMPU TALAB), AT- BARMASIA, DHANBAD"
4741.0,"RANIBANDH TALAB NEAR ISM, DHANBAD",POND,JHARKHAND,19.0,23.0,4.0,4.2,7.3,7.4,-,-,4.6,4.8,-,-,-,-,-,-,2021,"RANIBANDH TALAB NEAR ISM, DHANBAD"
2393.0,"SHIV GANGA POND, DEOGHAR",POND,JHARKHAND,17.0,32.0,6.2,7.6,7.6,8.2,310,332,1.5,2.6,-,-,-,-,-,-,2021,"SHIV GANGA POND, DEOGHAR"
4506.0,ABBIGERE LAKE,LAKE,KARNATAKA,25.0,25.0,0.3,7.2,6.5,8.1,226,1399,3.0,42.0,0.70,3.00,4600,940000,35000,5400000,2021,ABBIGERE LAKE
3612.0,AGARAM LAKE,LAKE,KARNATAKA,25.0,25.0,1.9,7.0,6.5,7.7,324,1268,4.0,22.0,1.50,5.70,3300,150000,24000,1600000,2021,AGARAM LAKE
3628.0,AMRUTHAHALLI LAKE,LAKE,KARNATAKA,25.0,25.0,4.2,6.6,6.6,7.6,449,963,3.0,8.0,0.30,2.60,2300,1100000,24000,3500000,2021,AMRUTHAHALLI LAKE
4096.0,"ANDHRAHALLI LAKE, ANDHRAHALLI, BENGALURU",LAKE,KARNATAKA,25.0,25.0,0.3,6.2,6.3,7.2,358,1637,4.0,29.0,0.30,2.20,3400,700000,24000,5400000,2021,"ANDHRAHALLI LAKE, ANDHRAHALLI, BENGALURU"
3615.0,ARAKERE LAKE,LAKE,KARNATAKA,25.0,25.0,4.6,6.8,6.8,7.9,706,985,3.7,7.0,1.40,3.29,490,15000,5400,160000,2021,ARAKERE LAKE
4542.0,BASAVANAPURA LAKE,LAKE,KARNATAKA,25.0,25.0,4.4,6.5,6.5,8.1,209,1194,4.0,9.0,0.70,3.20,3300,140000,24000,540000,2021,BASAVANAPURA LAKE
4515.0,BATTARAHALLI LAKE,LAKE,KARNATAKA,25.0,25.0,3.2,6.8,7.1,8.5,706,949,4.0,17.0,0.40,6.49,3300,150000,24000,1600000,2021,BATTARAHALLI LAKE
3602.0,BELLANDUR LAKE,LAKE,KARNATAKA,25.0,25.0,0.3,2.8,6.5,6.9,1035,1187,18.0,87.0,1.10,5.00,2300,1200000000,24000,9200000000,2021,BELLANDUR LAKE
3679.0,BHUTANALA LAKE,LAKE,KARNATAKA,24.0,29.0,0.3,10.9,7.6,9.0,708,1528,1.0,38.0,0.32,6.00,920,1840,1600,3200,2021,BHUTANALA LAKE
3649.0,BUGUDANAHALLI LAKE,LAKE,KARNATAKA,25.0,25.0,5.7,6.9,6.5,7.2,141,312,3.0,5.0,0.40,11.50,1200,15000,16000,160000,2021,BUGUDANAHALLI LAKE
4507.0,CHELEKERE LAKE,LAKE,KARNATAKA,25.0,25.0,4.0,7.0,6.5,7.4,297,1326,3.0,11.0,0.60,2.30,3300,940000,24000,5400000,2021,CHELEKERE LAKE
4095.0,"CHIKKABANVARA LAKE, CHIKKABANWARA, BENGALURU NORTH",LAKE,KARNATAKA,25.0,25.0,1.0,7.0,6.5,7.7,225,1871,4.0,22.0,0.36,3.00,3300,1100000,24000,9200000,2021,"CHIKKABANVARA LAKE, CHIKKABANWARA, BENGALURU NORTH"
4537.0,CHINNAKURCHI KERE,LAKE,KARNATAKA,25.0,25.1,4.8,7.4,6.5,7.8,208,521,2.0,10.0,0.30,2.20,23,46000,24000,350000,2021,CHINNAKURCHI KERE
4520.0,CHINNAPANHALLI LAKE,LAKE,KARNATAKA,25.0,25.0,2.1,4.8,6.5,8.5,671,1238,6.0,36.0,1.50,3.60,4000,79000,24000,540000,2021,CHINNAPANHALLI LAKE
3584.0,DALAVAI LAKE,LAKE,KARNATAKA,21.0,26.0,0.3,3.6,7.1,8.5,725,1168,8.0,14.0,2.10,4.90,2100,3300,7000,12000,2021,DALAVAI LAKE
4521.0,DEVARABEESANAHALLI LAKE,LAKE,KARNATAKA,21.0,25.0,2.1,6.6,6.5,7.6,425,1336,3.0,30.0,1.10,9.40,4000,14000,24000,160000,2021,DEVARABEESANAHALLI LAKE
3645.0,DEVARAYASAMUDRA LAKE,LAKE,KARNATAKA,25.0,25.0,3.4,6.6,6.1,8.0,185,1114,3.0,8.0,0.30,9.79,4000,120000,24000,1600000,2021,DEVARAYASAMUDRA LAKE
4539.0,DODDABIDARAKALLU LAKE,LAKE,KARNATAKA,25.0,25.0,0.3,5.1,6.3,7.4,974,1737,9.0,375.0,1.20,8.00,3300,2300000000,24000,2400000000,2021,DODDABIDARAKALLU LAKE
4094.0,"GANGONDANA HALLI LAKE, BENGALURU NORTH",LAKE,KARNATAKA,25.0,25.0,0.3,6.0,6.0,7.5,359,3010,5.0,203.0,0.70,13.00,4600,94000000,35000,540000000,2021,"GANGONDANA HALLI LAKE, BENGALURU NORTH"
4518.0,GARUDACHARPALYA LAKE,LAKE,KARNATAKA,25.0,25.0,4.0,6.2,6.5,7.6,325,1769,4.0,15.0,0.50,4.50,2300,94000,24000,540000,2021,GARUDACHARPALYA LAKE
3613.0,GOTTIGERE LAKE,LAKE,KARNATAKA,25.0,25.0,2.0,7.1,6.4,8.4,221,1453,4.0,42.0,0.60,3.60,2300,46000,24000,350000,2021,GOTTIGERE LAKE
3654.0,GOTTIGERE LAKE,LAKE,KARNATAKA,25.0,26.0,2.1,6.8,6.1,7.1,240,2720,3.0,34.0,0.30,8.80,4000,120000,24000,920000,2021,GOTTIGERE LAKE
4535.0,GUBBALAL KERE,LAKE,KARNATAKA,25.0,25.0,4.8,6.4,6.5,7.7,247,371,3.0,11.0,0.40,0.80,1500,15000,16000,160000,2021,GUBBALAL KERE
3621.0,HARALAKUNTE LAKE,LAKE,KARNATAKA,25.0,25.0,1.2,5.9,6.5,8.4,812,1282,4.0,30.0,0.80,5.30,3300,23000,24000,240000,2021,HARALAKUNTE LAKE
1446.0,"HEBALLA VALLEY LAKE AT D/S ROAD BRIDGE NR. MANDYA,",LAKE,KARNATAKA,22.0,29.0,5.2,5.8,7.5,8.5,386,655,3.5,4.8,1.80,6.00,240,790,2200,3800,2021,"HEBALLA VALLEY LAKE AT D/S ROAD BRIDGE NR. MANDYA,"
3582.0,HEBBAL LAKE,LAKE,KARNATAKA,19.0,25.0,4.4,6.3,7.5,9.0,986,1549,3.5,7.4,2.30,8.10,910,2600,5800,7000,2021,HEBBAL LAKE
3625.0,HEBBAL LAKE,LAKE,KARNATAKA,25.0,25.0,3.2,6.9,6.4,7.4,303,974,3.0,16.0,0.90,4.00,4000,480000,35000,3500000,2021,HEBBAL LAKE
4536.0,HOSAKEREHALLI LAKE,LAKE,KARNATAKA,25.0,25.1,0.3,6.0,6.5,7.0,550,1576,5.0,78.0,0.70,4.50,3300,700000,24000,3500000,2021,HOSAKEREHALLI LAKE
3617.0,HULIMAVU LAKE,LAKE,KARNATAKA,25.0,25.0,3.1,7.2,6.9,7.9,217,1466,3.0,10.0,1.00,5.20,3300,17000,24000,160000,2021,HULIMAVU LAKE
3609.0,IBBALUR LAKE,LAKE,KARNATAKA,25.0,25.0,2.0,6.4,6.5,7.4,206,738,4.0,16.0,0.50,3.40,4600,330000,35000,2400000,2021,IBBALUR LAKE
4546.0,JAKKSANDRA LAKE,LAKE,KARNATAKA,25.0,25.0,1.0,6.3,6.5,7.4,521,1017,3.0,35.0,1.00,4.20,2300,63000,24000,540000,2021,JAKKSANDRA LAKE
3627.0,JAKKUR LAKE,LAKE,KARNATAKA,25.0,25.0,2.8,6.1,6.5,8.2,447,1323,3.0,13.0,1.27,4.70,2300,700000,24000,16000000,2021,JAKKUR LAKE
4097.0,"KACHOHALLI LAKE, KACHOHALLI, BENGALURU NORTH",LAKE,KARNATAKA,25.0,25.0,0.3,5.5,6.3,7.6,286,2280,6.0,124.0,0.60,19.00,3300,480000,24000,3500000,2021,"KACHOHALLI LAKE, KACHOHALLI, BENGALURU NORTH"
3611.0,KAIKONDANAHALLI LAKE,LAKE,KARNATAKA,25.0,25.0,0.3,7.2,6.6,7.7,629,1449,3.0,27.0,0.93,6.00,2200,1700000,24000,16000000,2021,KAIKONDANAHALLI LAKE
3616.0,KALENA AGRAHARA LAKE,LAKE,KARNATAKA,25.0,25.0,4.1,7.2,6.5,8.4,424,1304,3.0,12.0,1.00,5.30,3300,23000,24000,240000,2021,KALENA AGRAHARA LAKE
4540.0,KAMMGONDANAHALLI LAKE,LAKE,KARNATAKA,25.0,25.0,2.3,6.8,6.5,7.5,180,2116,3.0,12.0,0.30,4.00,4900,130000,24000,1600000,2021,KAMMGONDANAHALLI LAKE
3601.0,KARIHOBANAHALLI LAKE,LAKE,KARNATAKA,25.0,25.0,0.3,6.1,6.5,7.4,827,2860,3.0,80.0,1.70,7.03,4800,48000000,35000,350000000,2021,KARIHOBANAHALLI LAKE
4529.0,KASAVANAHALLI LAKE,LAKE,KARNATAKA,25.0,25.0,4.6,7.1,6.7,7.0,210,853,4.0,6.0,1.00,5.00,4600,46000,35000,350000,2021,KASAVANAHALLI LAKE
3591.0,KEMPAMBUDHI LAKE,LAKE,KARNATAKA,25.0,25.0,4.3,6.8,6.5,8.5,299,787,3.0,14.0,0.88,2.30,2300,140000,24000,1600000,2021,KEMPAMBUDHI LAKE
3680.0,KILLA LAKE,LAKE,KARNATAKA,21.0,33.0,4.6,10.0,7.0,8.8,332,692,1.3,6.4,0.30,4.70,920,920,1600,1600,2021,KILLA LAKE
4543.0,KODI SINGASANDRA LAKE,LAKE,KARNATAKA,25.0,25.0,2.7,6.9,6.5,8.0,488,1253,3.0,20.0,0.30,6.80,2300,46000,24000,350000,2021,KODI SINGASANDRA LAKE
4544.0,KOTHUNURU LAKE,LAKE,KARNATAKA,25.0,25.0,3.0,6.2,6.6,7.6,369,1345,4.0,34.0,0.50,4.00,2700,14000,24000,160000,2021,KOTHUNURU LAKE
4517.0,KOWDHENAHALLI LAKE,LAKE,KARNATAKA,25.0,25.1,0.3,6.5,6.5,8.3,313,3370,5.0,54.0,0.30,8.09,2600,330000,24000,2400000,2021,KOWDHENAHALLI LAKE
3583.0,KUKKARAHALLI LAKE,LAKE,KARNATAKA,21.0,25.0,5.0,6.8,7.1,9.0,495,770,2.7,4.4,1.00,3.10,830,1400,4600,6300,2021,KUKKARAHALLI LAKE
4516.0,KUNDALAHALLI LAKE,LAKE,KARNATAKA,25.0,25.0,3.0,6.1,6.8,7.8,725,1299,4.0,17.0,0.81,15.00,460,94000,3500,540000,2021,KUNDALAHALLI LAKE
3586.0,LIMBHABUDI LAKE,LAKE,KARNATAKA,20.0,26.0,4.6,6.0,7.3,8.8,564,850,3.5,5.2,1.50,3.10,780,1700,5800,8400,2021,LIMBHABUDI LAKE
4538.0,MACHOHALLI LAKE,LAKE,KARNATAKA,25.0,25.0,0.3,6.4,6.3,7.6,385,4200,3.0,145.0,0.60,11.00,3300,1200000,24000,9200000,2021,MACHOHALLI LAKE
3644.0,MULBHAGAL LAKE,LAKE,KARNATAKA,25.0,25.0,1.2,5.4,6.8,8.2,647,2009,4.0,78.0,1.10,6.00,3300,63000,24000,540000,2021,MULBHAGAL LAKE
4523.0,NALLURAHALLI LAKE,LAKE,KARNATAKA,24.0,25.0,3.6,6.5,6.5,6.7,374,820,3.0,10.0,1.20,3.00,3900,7000,24000,54000,2021,NALLURAHALLI LAKE
3646.0,NARASAPURA LAKE,LAKE,KARNATAKA,25.0,25.0,4.1,6.2,6.9,8.0,543,1021,3.0,10.0,0.30,7.75,3300,130000,24000,920000,2021,NARASAPURA LAKE
4509.0,NARASIPURA LAKE,LAKE,KARNATAKA,25.0,25.0,1.1,7.1,6.5,7.8,304,821,3.0,34.0,0.44,3.20,3400,7000000,24000,92000000,2021,NARASIPURA LAKE
3685.0,NAVALOORU LAKE,LAKE,KARNATAKA,24.0,26.0,6.5,6.8,7.4,8.0,810,1070,3.4,3.9,0.92,1.22,26,52,109,165,2021,NAVALOORU LAKE
4505.0,NELAMANGALA LAKE,LAKE,KARNATAKA,25.0,25.0,0.8,6.3,6.5,7.6,422,2120,4.0,46.0,1.22,7.60,4600,34000,35000,240000,2021,NELAMANGALA LAKE
3620.0,PARAPPANA AGRAHARA LAKE,LAKE,KARNATAKA,25.0,25.0,1.8,6.5,6.5,8.0,207,1297,5.0,38.0,0.30,7.90,2300,1100000,24000,9200000,2021,PARAPPANA AGRAHARA LAKE
4524.0,PATTANDUR AGARAHARA,LAKE,KARNATAKA,25.0,25.0,0.3,6.8,6.5,8.2,346,741,4.0,32.0,0.50,2.80,330,63000,9200,540000,2021,PATTANDUR AGARAHARA
3624.0,PUTTENAHALLI LAKE,LAKE,KARNATAKA,25.0,25.0,3.0,6.3,6.6,7.7,459,1173,3.0,22.0,1.10,2.57,3300,94000,24000,540000,2021,PUTTENAHALLI LAKE
3614.0,PUTTENAHALLI LAKE (S),LAKE,KARNATAKA,25.0,25.0,4.7,6.0,6.9,7.8,290,1233,3.0,11.0,1.10,3.00,4000,9400,35000,54000,2021,PUTTENAHALLI LAKE (S)
4510.0,RACHENAHALLI LAKE,LAKE,KARNATAKA,25.0,25.0,3.1,6.7,6.6,8.5,413,1236,4.0,23.0,0.47,4.60,3300,150000,24000,1600000,2021,RACHENAHALLI LAKE
4519.0,RAMPURA LAKE,LAKE,KARNATAKA,25.0,25.0,0.3,4.2,6.6,7.4,1023,1480,9.0,93.0,0.90,6.00,3300,1700000,35000,9200000,2021,RAMPURA LAKE
4514.0,SADRAMANGALA LAKE,LAKE,KARNATAKA,24.0,25.0,1.5,7.0,6.5,8.3,552,1027,4.0,35.0,1.40,10.00,3300,15000,24000,160000,2021,SADRAMANGALA LAKE
4504.0,SARAKKI LAKE,LAKE,KARNATAKA,25.0,25.0,4.9,7.1,6.9,8.2,415,783,3.0,9.0,0.30,5.00,3300,120000,24000,920000,2021,SARAKKI LAKE
4525.0,SEETHARAM PALYA LAKE,LAKE,KARNATAKA,25.0,25.0,0.3,5.9,7.1,8.7,512,3860,4.0,50.0,2.09,11.00,3300,63000,24000,540000,2021,SEETHARAM PALYA LAKE
3587.0,SHETTYKERE LAKE,LAKE,KARNATAKA,20.0,34.0,4.3,6.6,6.9,8.9,583,1028,3.0,6.0,1.80,3.60,700,2200,4700,7000,2021,SHETTYKERE LAKE
4508.0,SINGAPURA LAKE,LAKE,KARNATAKA,25.0,25.0,0.3,5.2,6.5,7.2,886,1374,5.0,47.0,0.30,5.90,4800,790000,35000,5400000,2021,SINGAPURA LAKE
3618.0,SINGASANDRA LAKE,LAKE,KARNATAKA,25.0,25.0,1.1,7.0,6.5,7.6,562,1367,4.0,36.0,0.50,6.00,4300,130000,35000,1600000,2021,SINGASANDRA LAKE
3622.0,SOMASUNDRA PALYA LAKE,LAKE,KARNATAKA,25.0,25.0,2.8,6.9,6.6,7.6,216,1323,3.4,21.0,0.50,3.40,2300,140000,24000,920000,2021,SOMASUNDRA PALYA LAKE
4534.0,SOMPURA LAKE,LAKE,KARNATAKA,25.0,25.1,4.2,7.2,7.0,7.7,239,532,2.0,6.0,0.60,2.10,2300,110000,24000,920000,2021,SOMPURA LAKE
4547.0,SWARANA KUNTE,LAKE,KARNATAKA,25.0,25.0,4.2,6.8,6.5,8.5,444,1320,3.0,9.0,0.50,3.00,2300,120000,24000,1600000,2021,SWARANA KUNTE
3610.0,TUBRAHALLI LAKE,LAKE,KARNATAKA,25.0,25.0,0.3,4.8,6.7,8.1,1109,1593,7.0,81.0,0.40,3.00,9400,13000,54000,160000,2021,TUBRAHALLI LAKE
4533.0,ULLALU LAKE,LAKE,KARNATAKA,25.0,25.0,2.0,6.3,6.5,7.7,369,1561,3.0,15.0,0.58,25.00,3400,630000,24000,5400000,2021,ULLALU LAKE
3593.0,ULSOOR LAKE TEMPLE,LAKE,KARNATAKA,25.0,25.0,1.8,7.0,6.6,8.8,254,551,3.0,42.0,0.30,2.01,4000,700000,24000,3500000,2021,ULSOOR LAKE TEMPLE
1388.0,"ULSOOR LAKE TRAINING CENTRE OF FISH BREEDING,",LAKE,KARNATAKA,25.0,25.0,2.0,6.8,6.8,8.5,253,570,3.0,38.0,0.67,2.00,2300,490000,24000,2400000,2021,"ULSOOR LAKE TRAINING CENTRE OF FISH BREEDING,"
3608.0,VARTHUR LAKE,LAKE,KARNATAKA,25.0,26.0,0.3,4.8,6.5,7.7,798,1347,6.0,60.0,1.00,19.00,11000,1500000000,160000,1600000000,2021,VARTHUR LAKE
4527.0,WHITEFIELD KERE,LAKE,KARNATAKA,24.0,25.0,0.3,6.9,6.6,8.4,496,889,4.0,62.0,0.30,13.40,3300,150000,24000,1600000,2021,WHITEFIELD KERE
3592.0,YEDIYUR LAKE,LAKE,KARNATAKA,25.0,25.0,4.1,7.1,6.5,8.2,201,334,3.0,18.0,0.60,2.40,4600,46000,24000,920000,2021,YEDIYUR LAKE
3585.0,YENNEHOLE LAKE,LAKE,KARNATAKA,21.0,33.0,1.0,3.9,7.0,8.5,742,1252,1.4,14.0,2.50,7.50,1300,4900,7900,14000,2021,YENNEHOLE LAKE
3696.0,AIANAKERE TANK,TANK,KARNATAKA,23.0,32.0,3.1,7.2,8.0,8.3,654,1980,4.0,132.0,0.30,1.40,-,-,-,-,2021,AIANAKERE TANK
3629.0,ALLASANDRA TANK,TANK,KARNATAKA,25.0,25.0,4.0,6.4,6.5,8.4,421,1223,4.0,8.5,0.90,5.00,6300,11000000,54000,92000000,2021,ALLASANDRA TANK
4541.0,ALUR KERE,TANK,KARNATAKA,25.0,25.0,4.2,6.9,6.5,7.3,89,678,3.0,16.0,0.30,2.00,3300,49000,35000,240000,2021,ALUR KERE
3623.0,ANEKAL DODDAKERE TANK,TANK,KARNATAKA,25.0,25.0,0.3,7.3,6.6,8.0,414,3020,2.0,69.0,0.72,11.10,3300,15000,24000,160000,2021,ANEKAL DODDAKERE TANK
3681.0,ANGOL MI TANK,TANK,KARNATAKA,21.0,33.0,0.3,8.0,6.6,9.5,293,584,3.7,57.0,0.32,5.46,1480,1840,3200,3200,2021,ANGOL MI TANK
3638.0,ANNAYAPPA TANK,TANK,KARNATAKA,25.0,25.0,4.0,7.0,6.5,8.1,173,493,3.0,8.0,0.30,1.53,4100,46000,24000,540000,2021,ANNAYAPPA TANK
3673.0,AVALI KERE,TANK,KARNATAKA,21.0,27.0,3.0,4.3,7.3,7.9,980,1930,3.8,6.4,0.70,1.30,130,930,1100,4900,2021,AVALI KERE
3675.0,B KATIHALLI KERE,TANK,KARNATAKA,21.0,27.0,5.4,6.7,7.4,7.9,290,450,2.0,2.4,0.30,0.30,110,140,920,1200,2021,B KATIHALLI KERE
3636.0,BANDEMATTA TANK,TANK,KARNATAKA,25.0,25.0,3.0,6.9,6.5,7.6,196,1268,5.0,18.0,0.40,3.23,6300,33000,54000,240000,2021,BANDEMATTA TANK
3664.0,BASAVANAHALLIKERE TANK,TANK,KARNATAKA,25.0,25.0,5.9,5.9,7.7,7.7,500,500,2.0,2.0,0.30,0.30,330,330,2200,2200,2021,BASAVANAHALLIKERE TANK
3643.0,BEENNIGANAHALLI TANK,TANK,KARNATAKA,25.0,25.0,0.5,7.0,6.6,7.9,304,1079,3.0,24.0,0.73,2.70,3300,70000,24000,1600000,2021,BEENNIGANAHALLI TANK
3619.0,BEGUR TANK,TANK,KARNATAKA,25.0,25.0,4.1,6.5,6.4,7.5,426,1444,3.0,10.0,0.70,8.00,2700,110000,24000,920000,2021,BEGUR TANK
3693.0,BHATHIKERE TANK,TANK,KARNATAKA,26.0,32.0,0.5,7.3,7.1,7.8,260,890,3.0,12.0,0.30,6.87,-,-,-,-,2021,BHATHIKERE TANK
3651.0,BHEEMSANDRA TANK,TANK,KARNATAKA,25.0,25.0,1.0,6.2,6.7,7.4,740,1870,4.0,46.0,2.00,78.00,3300,110000,35000,920000,2021,BHEEMSANDRA TANK
3637.0,BYRAMANGALA TANK,TANK,KARNATAKA,25.0,25.0,2.2,6.1,6.8,7.7,821,1413,4.0,27.0,0.81,6.10,3300,120000,24000,920000,2021,BYRAMANGALA TANK
3595.0,BYRASANDRA TANK,TANK,KARNATAKA,25.0,25.1,3.2,6.2,6.5,7.7,274,1223,3.0,14.0,0.94,4.30,4800,150000,35000,1600000,2021,BYRASANDRA TANK
4532.0,CHANDAPURA LAKE,TANK,KARNATAKA,25.0,25.0,0.3,5.0,6.7,7.4,1099,2309,6.0,42.0,1.00,27.00,2300,460000,24000,3500000,2021,CHANDAPURA LAKE
3606.0,DASARAHALLI TANK,TANK,KARNATAKA,25.0,26.0,2.9,6.8,6.1,7.4,194,1120,2.0,14.0,0.51,2.50,3300,40000,13000,350000,2021,DASARAHALLI TANK
3634.0,DEVARAKERE TANK,TANK,KARNATAKA,25.0,25.0,3.0,7.3,6.5,7.6,271,2540,3.0,17.0,0.30,6.60,4700,94000,35000,920000,2021,DEVARAKERE TANK
3641.0,DHOREKERE TANK,TANK,KARNATAKA,25.0,25.0,0.3,6.3,6.5,7.4,237,1145,3.8,39.0,0.70,5.20,2300,120000,24000,920000,2021,DHOREKERE TANK
3653.0,DODDAKERE TANK,TANK,KARNATAKA,25.0,26.0,4.8,7.2,6.5,7.3,155,406,3.0,6.0,0.30,1.00,2300,15000,24000,160000,2021,DODDAKERE TANK
3604.0,DODDANAKUNDI TANK,TANK,KARNATAKA,25.0,25.0,3.3,6.1,6.5,7.8,574,2730,4.0,10.0,1.10,4.50,3300,49000,35000,240000,2021,DODDANAKUNDI TANK
4526.0,DYAVASANDRA TANK,TANK,KARNATAKA,25.0,25.0,4.0,6.8,6.3,7.9,236,775,2.0,9.0,0.60,3.00,3300,14000,24000,160000,2021,DYAVASANDRA TANK
3666.0,GANIGARAHOSAHALLIKERE TANK,TANK,KARNATAKA,21.0,25.0,4.6,6.0,7.6,8.3,460,1180,2.0,3.2,0.30,0.40,140,320,1100,2100,2021,GANIGARAHOSAHALLIKERE TANK
3676.0,GAVENAHALLIKERE,TANK,KARNATAKA,20.0,28.0,5.6,7.3,7.4,7.9,330,470,2.0,2.2,0.30,0.30,92,220,920,1400,2021,GAVENAHALLIKERE
3671.0,HANUMANTHAPURAKATTE TANK,TANK,KARNATAKA,22.0,27.0,4.2,5.7,7.5,7.8,390,500,2.2,2.6,0.30,0.30,210,340,1700,2200,2021,HANUMANTHAPURAKATTE TANK
3683.0,HEREKERE TANK,TANK,KARNATAKA,24.0,26.0,4.5,5.5,7.4,7.9,739,889,9.0,24.0,1.22,1.67,63,175,279,561,2021,HEREKERE TANK
3598.0,HEROHALLI TANK,TANK,KARNATAKA,25.0,25.0,0.3,6.3,6.2,7.4,321,1566,4.0,30.0,0.30,6.30,3400,46000,24000,350000,2021,HEROHALLI TANK
3597.0,HESARAGHATTA TANK,TANK,KARNATAKA,25.0,25.0,4.8,6.6,5.4,8.1,123,702,2.0,7.0,0.30,2.40,4600,6300000,35000,54000000,2021,HESARAGHATTA TANK
3559.0,HULLIGE TANK,TANK,KARNATAKA,24.0,29.0,6.9,7.5,7.4,8.4,312,1485,2.5,6.0,0.30,1.30,350,1400,1600,5400,2021,HULLIGE TANK
3660.0,HUNASINA KERE TANK,TANK,KARNATAKA,21.0,27.0,5.3,7.1,7.3,7.8,440,530,2.0,2.6,0.30,0.30,170,700,1200,3500,2021,HUNASINA KERE TANK
3561.0,HUNDIKERE (KOPPAL) TANK,TANK,KARNATAKA,24.0,29.0,7.0,7.6,7.5,8.4,326,1458,3.0,6.0,0.30,0.30,350,1300,1600,5400,2021,HUNDIKERE (KOPPAL) TANK
3670.0,INORKATTE KERE,TANK,KARNATAKA,23.0,24.0,4.6,6.0,7.3,7.8,320,440,2.0,2.2,0.30,0.32,200,330,1700,2200,2021,INORKATTE KERE
3642.0,JIGANI TNAK,TANK,KARNATAKA,23.0,25.0,4.8,6.9,6.5,7.3,394,1543,2.0,20.0,1.00,4.00,2700,70000,24000,920000,2021,JIGANI TNAK
3663.0,JOLADAKATTE TANK,TANK,KARNATAKA,21.0,27.0,4.2,5.8,7.7,8.1,390,650,2.1,3.0,0.30,0.30,210,470,1400,3500,2021,JOLADAKATTE TANK
3682.0,KAKATI POND,TANK,KARNATAKA,21.0,32.0,4.0,9.0,8.4,10.3,1180,3819,1.1,16.2,0.40,6.53,920,1840,1600,3200,2021,KAKATI POND
3607.0,KALKERE TANK,TANK,KARNATAKA,25.0,25.0,1.8,6.3,6.5,8.4,393,1201,4.0,25.0,0.40,5.30,3300,2800000,24000,16000000,2021,KALKERE TANK
4530.0,KAMMASANDRA TANK,TANK,KARNATAKA,25.0,25.0,0.3,4.1,6.7,7.3,1237,2135,9.0,101.0,1.80,16.00,2100,12000000,24000,92000000,2021,KAMMASANDRA TANK
3657.0,KANCHANAHALLI KOPPALU KERE,TANK,KARNATAKA,21.0,27.0,2.4,5.0,7.3,8.1,990,4300,3.4,6.8,0.50,1.90,110,700,920,4700,2021,KANCHANAHALLI KOPPALU KERE
3588.0,KARANJIKERE TANK,TANK,KARNATAKA,19.0,26.0,6.0,7.4,7.4,8.6,496,764,2.5,6.0,1.50,3.20,700,1100,4300,5800,2021,KARANJIKERE TANK
3684.0,KELEGERE TANK,TANK,KARNATAKA,23.0,26.0,6.7,7.4,7.5,8.2,447,592,3.2,4.1,0.62,0.88,32,79,212,290,2021,KELEGERE TANK
3639.0,KENGERI TANK,TANK,KARNATAKA,25.0,25.0,1.3,7.6,6.5,7.7,289,1389,3.0,40.0,0.59,6.30,3300,940000,24000,5400000,2021,KENGERI TANK
4511.0,KOGILU KERE,TANK,KARNATAKA,25.0,25.0,3.1,7.2,6.5,8.3,407,1332,3.0,13.0,0.40,4.40,3300,6300000,35000,160000000,2021,KOGILU KERE
3661.0,KOKKANAGHATTADODDAKERE TANK,TANK,KARNATAKA,22.0,27.0,3.6,6.9,7.7,8.8,500,2900,2.6,7.2,0.30,1.30,140,400,1100,2800,2021,KOKKANAGHATTADODDAKERE TANK
3695.0,KONDAGGIKERE TANK,TANK,KARNATAKA,26.0,28.0,5.8,7.4,7.6,8.2,220,370,2.2,6.5,0.30,0.30,-,-,-,-,2021,KONDAGGIKERE TANK
3662.0,KOUSHIKA KERE,TANK,KARNATAKA,21.0,27.0,5.7,7.3,7.3,7.8,450,540,1.8,2.3,0.30,0.30,93,220,920,1400,2021,KOUSHIKA KERE
3692.0,KUNDUVADAKERE TANK,TANK,KARNATAKA,27.0,27.0,6.9,6.9,8.0,8.0,330,330,2.3,2.3,1.10,1.10,-,-,-,-,2021,KUNDUVADAKERE TANK
3590.0,LALBAGH TANK,TANK,KARNATAKA,25.0,25.0,2.6,6.9,6.6,8.1,397,509,3.0,28.0,0.61,3.00,3100,49000,24000,540000,2021,LALBAGH TANK
3665.0,LINGAPPANAKATTE TANK,TANK,KARNATAKA,21.0,27.0,5.0,7.0,7.5,7.9,370,620,2.0,3.0,0.30,0.30,94,270,920,1700,2021,LINGAPPANAKATTE TANK
3599.0,MADAVARA TANK,TANK,KARNATAKA,25.0,25.0,3.4,6.6,6.2,7.6,213,1240,2.0,13.0,0.56,3.80,2300,460000,24000,3500000,2021,MADAVARA TANK
4503.0,MADHURE TANK,TANK,KARNATAKA,25.0,25.0,3.4,6.3,6.5,6.8,64,398,3.0,18.0,0.30,2.10,4900,11000000,24000,92000000,2021,MADHURE TANK
3589.0,MADIWALA TANK,TANK,KARNATAKA,25.0,25.0,4.2,7.1,6.7,8.4,286,1402,3.0,10.0,1.03,4.30,2300,170000,24000,1600000,2021,MADIWALA TANK
3659.0,MAKANA KERE,TANK,KARNATAKA,21.0,27.0,1.9,3.0,7.3,8.0,740,1400,3.8,5.8,0.70,1.20,930,2600,7000,13000,2021,MAKANA KERE
3635.0,MALATHAHALLI TANK,TANK,KARNATAKA,25.0,25.0,0.3,5.8,6.3,7.6,375,1898,4.0,38.0,1.60,7.80,4900,1100000,24000,9200000,2021,MALATHAHALLI TANK
4092.0,"MANCHALAPUR TANK, MANCHALAPUR, RAICHUR TQ & DIST",TANK,KARNATAKA,26.0,29.0,6.5,7.2,7.8,8.8,922,2385,6.0,18.0,0.30,2.27,7900,54000,35000,160000,2021,"MANCHALAPUR TANK, MANCHALAPUR, RAICHUR TQ & DIST"
4501.0,MANCHANABALE DAM,TANK,KARNATAKA,25.0,25.0,3.3,7.0,6.6,8.3,643,1100,4.0,10.0,0.30,14.04,3300,33000,24000,350000,2021,MANCHANABALE DAM
4512.0,MANCHANABALE DAM,TANK,KARNATAKA,25.0,25.0,0.3,6.5,6.5,7.4,183,1733,8.0,174.0,0.80,45.00,4600,63000,35000,540000,2021,MANCHANABALE DAM
3697.0,MATTADAKERE TANK,TANK,KARNATAKA,24.0,29.5,4.2,8.4,7.2,8.4,770,920,5.0,34.0,0.30,3.00,-,-,-,-,2021,MATTADAKERE TANK
3560.0,MAVENAKERE TANK,TANK,KARNATAKA,26.0,29.0,6.5,7.2,7.5,9.3,962,2156,7.0,30.0,0.30,0.36,14000,54000,54000,160000,2021,MAVENAKERE TANK
3650.0,MELEKOTE TANK,TANK,KARNATAKA,25.0,25.0,1.1,6.4,6.6,8.0,704,1397,3.0,53.0,1.00,6.30,4600,110000,35000,920000,2021,MELEKOTE TANK
3648.0,MYDALA TANK,TANK,KARNATAKA,25.0,25.0,4.8,7.3,6.5,7.2,151,599,3.0,4.0,0.52,2.00,630,17000,5400,160000,2021,MYDALA TANK
3626.0,NAGAVARA TANK,TANK,KARNATAKA,25.0,25.0,1.0,7.1,6.5,8.0,308,773,3.0,35.0,0.50,3.00,4000,79000000,24000,540000000,2021,NAGAVARA TANK
3596.0,NAYANDANAHALLI TANK,TANK,KARNATAKA,25.0,25.1,0.3,6.0,6.1,8.0,211,1231,3.6,195.0,0.50,2.99,3300,700000,24000,3500000,2021,NAYANDANAHALLI TANK
3686.0,NIRASAGARAKERE TANK,TANK,KARNATAKA,24.0,25.0,7.3,7.6,7.5,8.2,326,438,1.0,2.5,0.32,0.92,2,14,10,32,2021,NIRASAGARAKERE TANK
3687.0,NUGGIKERE TANK,TANK,KARNATAKA,23.0,25.0,6.5,6.9,7.3,8.1,620,850,3.2,3.8,0.72,1.92,19,52,76,148,2021,NUGGIKERE TANK
3669.0,PEREMINAHALLI KERE,TANK,KARNATAKA,22.0,27.0,5.2,6.4,7.4,7.8,380,520,1.8,2.5,0.30,0.30,94,400,920,3300,2021,PEREMINAHALLI KERE
3565.0,PILIKULA TANK,TANK,KARNATAKA,28.0,30.0,4.9,7.9,6.5,7.2,128,224,2.0,3.0,2.10,7.00,23,1600,23,1600,2021,PILIKULA TANK
4502.0,RAMAMMANA KERE,TANK,KARNATAKA,25.0,25.0,2.8,6.9,7.2,8.4,896,1365,5.0,20.0,2.00,4.00,1200,94000,35000,1600000,2021,RAMAMMANA KERE
4513.0,RAMAMMANA KERE,TANK,KARNATAKA,25.0,25.0,1.6,6.5,6.2,7.2,230,1366,2.0,47.0,0.56,3.51,3300,150000,24000,1600000,2021,RAMAMMANA KERE
4531.0,RAYASANDRA LAKE,TANK,KARNATAKA,25.0,25.0,0.3,5.8,6.7,7.9,1035,1563,5.0,20.0,1.15,24.00,7900,94000,54000,540000,2021,RAYASANDRA LAKE
4498.0,"SANAVALLI DAM, MUNGOD",TANK,KARNATAKA,23.0,28.0,7.1,7.4,6.8,7.3,163,251,2.2,2.7,0.30,0.79,2,8,19,31,2021,"SANAVALLI DAM, MUNGOD"
3672.0,SANKALAPURAKERE TANK,TANK,KARNATAKA,22.0,27.0,4.1,6.4,7.4,7.9,450,700,2.0,2.6,0.30,0.30,170,460,1100,3500,2021,SANKALAPURAKERE TANK
3594.0,SANKEY TANK,TANK,KARNATAKA,25.0,25.0,4.9,6.8,6.5,7.6,267,815,3.0,8.0,0.56,3.00,490,3300000,2400,24000000,2021,SANKEY TANK
3667.0,SATHENAHALLIDODDAKERE TANK,TANK,KARNATAKA,22.0,28.0,4.5,6.2,7.6,8.1,780,1280,3.0,4.0,0.50,1.50,220,610,1600,4000,2021,SATHENAHALLIDODDAKERE TANK
3674.0,SATHYAMANGALA KERE,TANK,KARNATAKA,22.0,28.0,5.4,6.5,7.5,7.9,370,470,1.8,2.4,0.30,0.30,140,340,1100,2400,2021,SATHYAMANGALA KERE
3694.0,SHANTHISAGARKERE TANK,TANK,KARNATAKA,25.0,28.0,6.0,7.3,7.7,8.3,104,330,2.0,3.0,0.30,0.47,-,-,-,-,2021,SHANTHISAGARKERE TANK
3677.0,SHARANABASAVESHWARA KERE,TANK,KARNATAKA,26.0,30.0,6.0,8.2,7.5,8.4,1035,1670,3.0,6.0,0.30,1.80,630,1400,2200,5400,2021,SHARANABASAVESHWARA KERE
3600.0,SHIVAPURA TANK,TANK,KARNATAKA,25.0,25.0,0.3,5.8,6.5,7.6,762,4110,5.0,83.0,2.00,9.19,4000,9400000,35000,54000000,2021,SHIVAPURA TANK
3689.0,SOMESHWARAKERE TANK,TANK,KARNATAKA,23.0,25.0,5.8,6.8,7.1,7.9,732,1340,3.3,4.5,1.02,1.32,13,58,70,196,2021,SOMESHWARAKERE TANK
3668.0,SOUDRALLI KERE,TANK,KARNATAKA,21.0,27.0,4.3,5.9,7.3,7.8,690,1150,2.9,3.8,0.30,0.90,340,490,2200,3500,2021,SOUDRALLI KERE
3633.0,SUBRAMANYAPURA TANK,TANK,KARNATAKA,25.0,25.0,0.3,4.8,6.5,7.6,969,2005,5.0,50.0,0.80,11.50,4600,940000,35000,5400000,2021,SUBRAMANYAPURA TANK
3688.0,SUDANAKERE TANK,TANK,KARNATAKA,23.0,26.0,6.9,7.3,7.7,8.2,581,790,3.4,3.9,0.52,0.79,41,136,221,394,2021,SUDANAKERE TANK
3690.0,UNAKALKERE TANK,TANK,KARNATAKA,25.0,26.0,6.9,7.3,7.7,8.3,876,1008,3.3,3.9,1.02,1.12,21,63,120,185,2021,UNAKALKERE TANK
3640.0,UTTARAHALLI DORAIKERE,TANK,KARNATAKA,25.0,25.0,0.3,7.1,6.7,9.3,192,450,4.0,48.0,0.52,2.08,2700,94000,24000,540000,2021,UTTARAHALLI DORAIKERE
3632.0,VEERAPURA TANK,TANK,KARNATAKA,25.0,25.0,0.3,6.5,6.5,8.1,309,5860,3.0,124.0,0.80,9.00,4600,94000,24000,540000,2021,VEERAPURA TANK
3603.0,VENGAIHNAKERE,TANK,KARNATAKA,24.0,25.0,1.9,6.2,6.5,7.2,667,1330,2.0,81.0,0.80,12.00,2300,110000,24000,920000,2021,VENGAIHNAKERE
3691.0,VIMANABHUTHIKERE TANK,TANK,KARNATAKA,25.0,32.0,6.2,7.7,7.2,8.3,92,290,2.0,2.2,0.30,0.50,-,-,-,-,2021,VIMANABHUTHIKERE TANK
3630.0,YELAHANKA TANK,TANK,KARNATAKA,25.0,25.0,4.0,6.9,6.5,8.5,512,1120,4.0,14.0,1.20,3.70,140,94000,24000,1600000,2021,YELAHANKA TANK
3605.0,YELLAMALLAPPA TANK,TANK,KARNATAKA,25.0,25.0,3.1,5.6,6.6,7.6,887,1791,5.0,14.0,0.70,8.12,3300,170000,24000,920000,2021,YELLAMALLAPPA TANK
1579.0,"ALAPPUZHA, KERALA",LAKE,KERALA,29.0,30.0,5.4,7.8,6.9,7.5,148,1168,1.0,4.0,0.30,0.80,2,1400,2,2200,2021,"ALAPPUZHA, KERALA"
1441.0,"ASHTHAMUDI LAKE AT QUILON, KERALA",LAKE,KERALA,22.0,24.0,5.1,6.1,6.3,7.4,15000,18410,1.0,3.5,0.30,2.70,100,150,350,610,2021,"ASHTHAMUDI LAKE AT QUILON, KERALA"
1578.0,"KAYAMKULAM, KERALA",LAKE,KERALA,29.0,30.0,3.1,5.6,6.9,8.0,1285,7651,1.4,5.9,0.30,0.30,200,1700,400,3500,2021,"KAYAMKULAM, KERALA"
1577.0,"KODUNGALLOOR, KERALA",LAKE,KERALA,26.0,31.0,5.7,8.0,6.5,8.7,100,33520,1.0,2.4,0.30,2.40,100,2000,630,6300,2021,"KODUNGALLOOR, KERALA"
2312.0,LAKE VEMBANAD AT PATHIRAMANAL (ALAPPUZHA),LAKE,KERALA,28.0,29.0,6.1,7.9,6.6,7.4,131,1314,1.0,3.8,0.30,0.30,2,1400,2,4100,2021,LAKE VEMBANAD AT PATHIRAMANAL (ALAPPUZHA)
1383.0,"ORUVATHILKOTTA LAKE, KERALA",LAKE,KERALA,26.0,27.0,1.6,3.2,6.4,7.8,173,240,1.0,7.2,0.30,0.30,920,1700,2100,3100,2021,"ORUVATHILKOTTA LAKE, KERALA"
1574.0,"PARAVUR, KERALA",LAKE,KERALA,20.0,23.0,5.1,6.9,6.2,7.6,12140,16130,1.0,2.3,0.30,1.80,94,140,380,490,2021,"PARAVUR, KERALA"
2318.0,PAZHASSI RESERVOIR (KANNUR),LAKE,KERALA,24.0,30.0,6.7,8.0,6.6,7.8,47,73,1.0,1.2,0.30,0.30,20,80,100,620,2021,PAZHASSI RESERVOIR (KANNUR)
1576.0,"PERIYAR LAKE AT THEKKADY, KERALA",LAKE,KERALA,24.0,26.0,6.5,7.8,6.7,7.6,36,44,1.0,1.0,0.30,0.30,2,2,2,100,2021,"PERIYAR LAKE AT THEKKADY, KERALA"
1580.0,"POOKOTE, KERALA",LAKE,KERALA,25.0,29.0,6.9,8.2,6.5,7.0,24,29,1.0,1.5,0.30,0.30,2,27,14,79,2021,"POOKOTE, KERALA"
2329.0,RSVR AT BHOOTHATHANKETU,LAKE,KERALA,24.0,29.0,6.9,8.2,6.2,8.1,23,56,1.0,1.3,0.30,0.70,47,3500,84,5400,2021,RSVR AT BHOOTHATHANKETU
2330.0,RSVR AT EDAMALAYAR,LAKE,KERALA,25.0,29.0,6.9,8.2,6.4,7.7,21,48,1.0,1.0,0.30,0.30,2,120,12,400,2021,RSVR AT EDAMALAYAR
2328.0,RSVR AT MALAMPUZHA,LAKE,KERALA,22.0,31.0,6.1,7.8,6.8,7.8,77,138,1.0,3.4,0.30,3.60,2,700,100,1200,2021,RSVR AT MALAMPUZHA
1385.0,"SASTHAMCOTTA LAKE, KERALA",LAKE,KERALA,21.0,25.0,6.5,7.5,6.4,7.8,162,185,1.0,2.0,0.30,0.70,70,110,240,410,2021,"SASTHAMCOTTA LAKE, KERALA"
3470.0,"VELLAYANI LAKE AT VANDITHADOM, THIRUVANANTHAPURAM",LAKE,KERALA,26.0,27.0,5.2,7.1,5.7,6.9,105,165,1.7,3.8,0.30,0.30,200,700,700,1700,2021,"VELLAYANI LAKE AT VANDITHADOM, THIRUVANANTHAPURAM"
1575.0,"VEMBANAD LAKE,KOCHI (OIL TANKER JETTY), KERALA",LAKE,KERALA,27.0,31.0,3.4,7.8,6.3,7.9,200,42380,1.0,3.6,0.30,2.70,630,32000,1500,200000,2021,"VEMBANAD LAKE,KOCHI (OIL TANKER JETTY), KERALA"
3462.0,MANANCHIRA POND AT KOZHEKODE,POND,KERALA,23.0,32.0,6.5,8.2,6.7,8.0,43,190,1.0,2.1,0.30,0.72,20,810,40,1300,2021,MANANCHIRA POND AT KOZHEKODE
2325.0,POND AT (PADMANABHA) SREE PADMANABHA SWAMY TEMPLE (TVPM),POND,KERALA,26.0,27.0,2.5,6.7,7.0,7.9,248,282,3.7,7.8,0.30,0.30,1000,2200,3100,7000,2021,POND AT (PADMANABHA) SREE PADMANABHA SWAMY TEMPLE (TVPM)
4557.0,POND C/O MOHIDHEEN PALLI,POND,LAKSHADWEEP,27.9,31.3,-,-,7.1,9.2,229,515,-,-,0.32,0.32,2,2,2,2,2021,POND C/O MOHIDHEEN PALLI
1401.0,POND NEAR JUMA MASJID,POND,LAKSHADWEEP,28.0,30.0,9.0,9.0,7.1,9.5,300,900,1.0,1.0,0.32,0.32,5,5,1600,1600,2021,POND NEAR JUMA MASJID
4568.0,POND NEAR KULAPPINAKKAL,POND,LAKSHADWEEP,28.1,31.1,-,-,6.4,7.6,658,824,-,-,-,-,-,-,-,-,2021,POND NEAR KULAPPINAKKAL
2132.0,BILAWALI TALAB AT INDORE,LAKE,MADHYA PRADESH,19.0,24.3,6.8,7.9,7.4,8.8,326,512,1.0,2.0,0.54,4.42,2,2,43,63,2021,BILAWALI TALAB AT INDORE
3296.0,CHORAL DAM NEAR INDORE,LAKE,MADHYA PRADESH,20.0,24.0,7.0,7.8,7.1,8.4,325,573,1.0,1.3,0.02,1.01,2,2,40,58,2021,CHORAL DAM NEAR INDORE
4615.0,GANGA SAGAR JABALPUR,LAKE,MADHYA PRADESH,17.0,28.2,5.8,7.3,7.1,8.2,280,764,2.7,6.0,0.30,0.77,2,110,43,920,2021,GANGA SAGAR JABALPUR
2135.0,GOVINDGARH LAKE,LAKE,MADHYA PRADESH,19.2,32.9,6.7,7.9,7.0,8.1,204,288,1.0,1.6,0.35,1.18,2,2,33,47,2021,GOVINDGARH LAKE
2141.0,JANUNIA TALAB NEAR W/S,LAKE,MADHYA PRADESH,20.0,32.0,6.0,8.6,6.8,8.1,215,524,1.4,8.4,0.33,9.17,2,180,49,24000,2021,JANUNIA TALAB NEAR W/S
2142.0,"KALISINDH RESERVOIR AT SARANGPUR, RAJGARH",LAKE,MADHYA PRADESH,20.0,24.0,7.0,7.9,7.2,7.9,250,490,1.4,2.4,0.30,0.50,2,2,24,34,2021,"KALISINDH RESERVOIR AT SARANGPUR, RAJGARH"
3845.0,KANHARGAON STOP DAM WATER SUPPLY INTAKE OF CHHINDWARA TOWN,LAKE,MADHYA PRADESH,17.0,30.0,7.1,7.9,7.1,8.9,511,713,1.0,1.8,2.20,3.00,3,4,14,43,2021,KANHARGAON STOP DAM WATER SUPPLY INTAKE OF CHHINDWARA TOWN
2140.0,"KERWA DAM NEAR REST HOUSE, BPL",LAKE,MADHYA PRADESH,19.0,30.0,5.2,10.4,7.1,8.3,183,422,1.0,1.4,1.88,6.66,2,180,110,35000,2021,"KERWA DAM NEAR REST HOUSE, BPL"
2128.0,KHANDARI RESERVOIR WATER OFF TAKE POINT,LAKE,MADHYA PRADESH,16.6,27.0,7.1,8.3,7.2,8.1,238,411,1.0,1.9,0.13,0.40,2,4,8,48,2021,KHANDARI RESERVOIR WATER OFF TAKE POINT
4622.0,KOPTAL LAKE AT WATER SUPPLY INTAKE POINT CHHATARPUR,LAKE,MADHYA PRADESH,22.0,30.0,4.3,7.1,7.2,8.5,243,702,1.0,2.9,0.05,0.47,2,2,4,38,2021,KOPTAL LAKE AT WATER SUPPLY INTAKE POINT CHHATARPUR
1374.0,LOWER LAKE AT BHOPAL OUTLET M.P.,LAKE,MADHYA PRADESH,19.0,33.0,4.7,8.3,7.2,8.0,226,509,1.2,8.0,3.80,15.23,2,920,150,120000,2021,LOWER LAKE AT BHOPAL OUTLET M.P.
2130.0,"MADHAV LAKE, SHIVPURI",LAKE,MADHYA PRADESH,20.0,27.0,5.2,7.8,7.6,8.1,278,800,1.7,3.2,0.60,0.98,2,8,32,110,2021,"MADHAV LAKE, SHIVPURI"
1466.0,"MULTAI TANK LAKE AT VILLA. KHARI ON BETUL-AMRAVATI ROAD M.P(.TAPTI NEAR AMARAWATI, ROAD BRIDGE AT VILLAGE KHEDA)",LAKE,MADHYA PRADESH,17.0,32.0,7.0,8.0,7.3,8.2,611,813,1.2,1.8,2.20,2.90,3,7,15,75,2021,"MULTAI TANK LAKE AT VILLA. KHARI ON BETUL-AMRAVATI ROAD M.P(.TAPTI NEAR AMARAWATI, ROAD BRIDGE AT VILLAGE KHEDA)"
2134.0,NAGCHUN TALAB AT KHANDWA,LAKE,MADHYA PRADESH,19.0,23.8,6.2,7.7,6.1,8.5,260,371,1.0,1.8,0.62,4.08,2,2,36,63,2021,NAGCHUN TALAB AT KHANDWA
2136.0,"SHAHPURA LAKE AT WEIR NEAR AYUSHMAN HOSPITAL, BHOPAL",LAKE,MADHYA PRADESH,20.0,33.0,2.0,10.2,6.8,8.6,445,738,4.8,12.0,3.35,21.39,14,2100,280,220000,2021,"SHAHPURA LAKE AT WEIR NEAR AYUSHMAN HOSPITAL, BHOPAL"
2133.0,SIRPUR TALAB AT INDORE,LAKE,MADHYA PRADESH,20.0,23.0,6.7,7.8,7.4,8.2,344,796,1.0,1.4,0.68,1.22,2,2,34,63,2021,SIRPUR TALAB AT INDORE
4614.0,SUPTAL JABALPUR,LAKE,MADHYA PRADESH,17.0,27.7,6.0,7.7,7.1,7.8,368,690,2.6,5.0,0.30,0.60,2,350,46,1600,2021,SUPTAL JABALPUR
2139.0,UPPER LAKE AT BAIRAGARH CLUB,LAKE,MADHYA PRADESH,19.0,32.0,4.1,8.0,7.4,8.1,211,285,1.0,1.7,2.22,5.03,2,3500,240,92000,2021,UPPER LAKE AT BAIRAGARH CLUB
1373.0,"UPPER LAKE AT BHOPAL (INTAKE POINT), M.P.",LAKE,MADHYA PRADESH,19.0,32.0,5.0,8.1,7.2,7.7,208,305,1.1,4.2,2.43,3.90,2,4700,150,43000,2021,"UPPER LAKE AT BHOPAL (INTAKE POINT), M.P."
2138.0,UPPER LAKE AT KARBALA CLUB,LAKE,MADHYA PRADESH,20.0,32.0,5.0,8.6,7.3,8.1,205,256,1.2,4.0,2.25,5.01,2,2600,110,92000,2021,UPPER LAKE AT KARBALA CLUB
2137.0,UPPER LAKE AT YATCH CLUB,LAKE,MADHYA PRADESH,20.0,31.0,4.7,8.6,7.3,8.2,210,288,1.1,3.6,2.03,4.75,2,3500,140,54000,2021,UPPER LAKE AT YATCH CLUB
2131.0,YASHWANT SAGAR AT INDORE,LAKE,MADHYA PRADESH,20.0,24.0,6.6,7.9,7.6,8.5,493,743,1.0,2.2,0.65,1.12,2,2,40,70,2021,YASHWANT SAGAR AT INDORE
3850.0,BAGDOON TALAB PITHAMPUR SANJAY JALASHAY PITHAMPUR,POND,MADHYA PRADESH,20.0,24.0,6.9,7.8,7.4,8.4,327,424,1.0,1.3,0.54,1.92,2,2,33,403,2021,BAGDOON TALAB PITHAMPUR SANJAY JALASHAY PITHAMPUR
3831.0,"DAL SAGAR TALAB, DIST SEONI",POND,MADHYA PRADESH,16.0,30.3,6.0,7.6,7.3,7.9,220,612,1.8,4.4,0.30,2.30,2,120,17,1600,2021,"DAL SAGAR TALAB, DIST SEONI"
3830.0,"GOKALPUR TALAB, DIST JABALPUR",POND,MADHYA PRADESH,17.3,27.6,5.7,7.6,7.3,8.7,180,671,2.4,8.0,0.30,0.73,2,150,14,1600,2021,"GOKALPUR TALAB, DIST JABALPUR"
3299.0,HANUMANTAL JABALPUR,POND,MADHYA PRADESH,17.0,27.9,5.3,7.6,7.2,7.9,260,636,2.3,4.0,0.30,0.73,2,70,41,1600,2021,HANUMANTAL JABALPUR
3297.0,"MITHA TALAB, DEWAS",POND,MADHYA PRADESH,22.0,29.0,6.8,7.9,7.2,8.5,339,440,1.6,2.9,0.32,1.00,2,6,47,110,2021,"MITHA TALAB, DEWAS"
3301.0,MOTI TALAB AT BALAGHAT,POND,MADHYA PRADESH,16.2,31.0,6.2,7.8,7.2,7.9,262,687,1.1,5.2,0.21,0.30,2,110,17,920,2021,MOTI TALAB AT BALAGHAT
3302.0,"PIPLIYA PALA TALAB, INDORE",POND,MADHYA PRADESH,19.0,24.0,6.5,7.6,7.4,8.7,440,621,1.2,2.2,0.81,3.09,2,2,63,140,2021,"PIPLIYA PALA TALAB, INDORE"
3298.0,POND WATER AT LAKODA,POND,MADHYA PRADESH,11.4,25.0,6.8,7.5,7.2,7.9,210,592,1.7,2.1,0.61,1.02,2,4,48,49,2021,POND WATER AT LAKODA
3303.0,"RANI TALAB, REWA",POND,MADHYA PRADESH,19.0,30.0,5.8,7.5,7.5,8.5,288,415,1.0,1.9,0.48,0.90,2,2,33,48,2021,"RANI TALAB, REWA"
3300.0,"RANITAL TALAB, JABALPUR",POND,MADHYA PRADESH,17.0,26.0,5.2,8.3,7.2,8.2,265,780,2.8,8.0,0.12,4.60,2,280,63,1600,2021,"RANITAL TALAB, JABALPUR"
3304.0,"RIHAND RESRVOIR, SINGRAULI",POND,MADHYA PRADESH,15.0,36.0,6.5,7.6,7.1,7.5,203,530,1.4,1.8,0.32,3.17,-,-,-,-,2021,"RIHAND RESRVOIR, SINGRAULI"
3849.0,SITAPAT TALAB DHAR,POND,MADHYA PRADESH,20.0,23.0,0.3,7.8,7.544,8.2,5,529,1.0,1.2,0.61,1.00,2,2,33,49,2021,SITAPAT TALAB DHAR
2129.0,PERIAT TANK NEAR WSS INTAKE POINT JABALPUR,TANK,MADHYA PRADESH,16.6,27.4,7.0,7.9,7.2,7.9,210,358,1.0,1.8,0.21,0.40,2,4,7,46,2021,PERIAT TANK NEAR WSS INTAKE POINT JABALPUR
1426.0,LOKTAK LAKE AT BISHNUPUR,LAKE,MANIPUR,18.0,28.0,6.6,7.6,6.4,7.5,180,205,2.7,3.5,-,-,25,65,70,120,2021,LOKTAK LAKE AT BISHNUPUR
1630.0,LOKTAK LAKE AT KARANG ISLAND,LAKE,MANIPUR,19.0,28.0,6.8,7.3,6.9,7.5,150,240,3.0,3.7,-,-,10,20,15,60,2021,LOKTAK LAKE AT KARANG ISLAND
1629.0,LOKTAK LAKE AT SENDRA,LAKE,MANIPUR,19.0,28.0,6.5,7.6,6.8,7.5,130,210,2.9,3.6,-,-,10,75,60,105,2021,LOKTAK LAKE AT SENDRA
1425.0,LOKTAK LAKE AT THANA,LAKE,MANIPUR,18.7,28.0,6.8,7.4,6.9,7.7,150,215,3.1,3.6,-,-,10,45,50,95,2021,LOKTAK LAKE AT THANA
2837.0,PUMLEN LAKE AT TOKPACHING,LAKE,MANIPUR,20.0,28.0,6.9,7.6,7.0,7.4,130,286,3.2,3.6,-,-,5,25,30,60,2021,PUMLEN LAKE AT TOKPACHING
2849.0,CHANAM PUKHURI,POND,MANIPUR,19.0,28.0,5.8,6.9,7.0,7.6,110,430,3.3,3.9,0.30,0.30,30,60,75,175,2021,CHANAM PUKHURI
2841.0,HIRANMEI PUKHURI AT THOUBAL,POND,MANIPUR,20.0,28.0,6.2,7.5,7.0,7.5,80,450,3.2,3.9,-,-,35,70,70,120,2021,HIRANMEI PUKHURI AT THOUBAL
2840.0,LAMJAO PUKHURI AT ACHOUBA,POND,MANIPUR,21.0,28.0,6.7,7.4,7.2,7.5,80,350,3.1,3.6,-,-,2,20,25,50,2021,LAMJAO PUKHURI AT ACHOUBA
2842.0,LANGMEIDONG PUKHURI AT THOUBAL,POND,MANIPUR,21.0,28.0,6.5,7.5,7.1,7.5,90,300,3.2,3.7,-,-,2,40,35,70,2021,LANGMEIDONG PUKHURI AT THOUBAL
2844.0,LILONG PUKHURI,POND,MANIPUR,18.0,27.0,6.5,7.4,7.2,7.6,90,340,3.0,3.7,-,-,5,15,20,65,2021,LILONG PUKHURI
2850.0,NINGTHEM PUKHURI,POND,MANIPUR,21.0,28.0,5.4,6.8,6.9,7.7,150,350,3.3,4.4,-,-,40,70,105,185,2021,NINGTHEM PUKHURI
2848.0,POND AT KAKWA BAZAR,POND,MANIPUR,21.0,28.0,5.5,7.1,7.0,7.7,150,660,3.4,4.1,-,-,35,65,85,170,2021,POND AT KAKWA BAZAR
2851.0,POND AT KONGBA BAZAR,POND,MANIPUR,21.0,28.0,5.3,7.0,6.9,7.6,280,610,3.4,4.6,-,-,60,95,215,310,2021,POND AT KONGBA BAZAR
2843.0,POND AT LALAMBUNG,POND,MANIPUR,20.0,27.0,6.4,7.1,6.8,7.4,90,320,3.2,3.7,-,-,20,40,50,110,2021,POND AT LALAMBUNG
2847.0,POND AT MAIBAM LOKPACHING,POND,MANIPUR,20.0,28.0,6.0,7.8,6.9,7.5,120,230,3.0,3.9,-,-,10,50,35,160,2021,POND AT MAIBAM LOKPACHING
2846.0,POND AT MOIDANGPOK,POND,MANIPUR,20.0,28.0,6.2,7.8,7.0,7.6,80,175,2.9,3.6,-,-,2,15,15,50,2021,POND AT MOIDANGPOK
2845.0,POND AT NGAIRANGBAM,POND,MANIPUR,21.0,27.0,6.6,7.8,7.3,7.6,80,190,2.8,3.7,-,-,10,62,20,75,2021,POND AT NGAIRANGBAM
2839.0,PUKHRI AT LANGMEIDONG,POND,MANIPUR,21.0,28.0,6.7,7.7,7.1,7.6,80,350,3.2,3.6,-,-,10,30,30,95,2021,PUKHRI AT LANGMEIDONG
3349.0,"TASEK LAKE AT SONGSAK (NAPHAK),",LAKE,MEGHALAYA,17.1,29.0,6.5,7.0,6.9,7.3,61,78,1.5,2.2,0.42,0.56,110,170,450,540,2021,"TASEK LAKE AT SONGSAK (NAPHAK),"
1459.0,"THADLASKEIN LAKE, JOWAI",LAKE,MEGHALAYA,12.0,21.0,6.8,7.6,6.9,7.3,37,70,1.4,1.9,0.32,0.52,10,17,130,170,2021,"THADLASKEIN LAKE, JOWAI"
1347.0,UMIAM LAKE AT BARAPANI,LAKE,MEGHALAYA,15.0,23.1,5.7,6.8,7.0,7.8,74,117,5.2,7.8,0.32,1.12,380,420,1100,1700,2021,UMIAM LAKE AT BARAPANI
3347.0,UMIAM LAKE AT MIDDLE POINT,LAKE,MEGHALAYA,15.0,23.0,5.5,6.8,7.1,7.8,73,105,4.8,7.5,0.35,1.02,310,410,830,1300,2021,UMIAM LAKE AT MIDDLE POINT
3346.0,UMIAM LAKE AT OUTFALL OF UMIAM INTO LAKE,LAKE,MEGHALAYA,14.0,23.1,4.5,5.9,7.2,7.9,77,250,6.0,9.0,0.32,1.22,350,520,920,2100,2021,UMIAM LAKE AT OUTFALL OF UMIAM INTO LAKE
3348.0,UMIAM LAKE ATNEAR UNITED CHRISTIAN COLLEGE,LAKE,MEGHALAYA,15.0,23.2,5.6,6.6,6.8,7.8,69,130,5.3,7.0,0.32,0.66,340,460,940,1700,2021,UMIAM LAKE ATNEAR UNITED CHRISTIAN COLLEGE
1348.0,WARD'S LAKE AT SHILLONG,LAKE,MEGHALAYA,14.0,26.0,6.0,7.8,7.0,7.8,110,145,2.1,3.6,0.32,0.79,70,120,350,490,2021,WARD'S LAKE AT SHILLONG
3723.0,"TAMDIL LAKE, SAITUAL",LAKE,MIZORAM,13.0,22.0,6.7,12.7,6.4,7.6,58,283,1.0,2.2,0.02,0.03,-,-,-,-,2021,"TAMDIL LAKE, SAITUAL"
3722.0,LAWBUAI FISHPOND,POND,MIZORAM,16.0,29.0,4.1,9.5,6.6,7.8,234,422,1.2,3.2,0.03,0.12,-,-,-,-,2021,LAWBUAI FISHPOND
3755.0,"POND NEAR THERMAL POWER PLANT, BAIRABI",POND,MIZORAM,20.0,30.0,5.0,8.9,7.1,7.7,195,347,1.2,2.9,0.02,0.06,-,-,-,-,2021,"POND NEAR THERMAL POWER PLANT, BAIRABI"
3743.0,"PHE RESERVOIR, HELIPAD, NEW SAIHA",TANK,MIZORAM,17.0,22.0,6.8,9.2,6.7,7.8,34,379,1.0,2.6,0.02,0.03,-,-,-,-,2021,"PHE RESERVOIR, HELIPAD, NEW SAIHA"
2887.0,"BANGLA FISHERY, DIMAPUR",LAKE,NAGALAND,19.0,34.3,3.2,6.2,6.5,8.0,88,550,1.5,2.6,0.30,1.70,-,-,-,-,2021,"BANGLA FISHERY, DIMAPUR"
2886.0,"PUDUMPUKHURI, DIMAPUR",LAKE,NAGALAND,19.0,41.0,1.4,6.8,2.0,7.8,72,250,1.3,2.8,0.60,1.60,-,-,-,-,2021,"PUDUMPUKHURI, DIMAPUR"
3956.0,ANSHUPA AT BISHNUPUR,LAKE,ODISHA,19.0,35.0,5.2,7.5,6.6,8.0,111,184,1.2,2.6,0.32,0.62,700,4900,2400,17000,2021,ANSHUPA AT BISHNUPUR
3957.0,ANSHUPA AT SARANDAGARH,LAKE,ODISHA,20.0,33.0,4.0,7.7,6.5,8.2,96,223,1.1,2.2,0.32,1.15,130,2300,790,9200,2021,ANSHUPA AT SARANDAGARH
3955.0,ANSHUPA AT SUBARANAPUR,LAKE,ODISHA,20.0,34.0,6.2,7.8,6.5,8.5,102,181,1.1,1.9,0.32,1.02,130,3500,490,16000,2021,ANSHUPA AT SUBARANAPUR
2438.0,ANSHUPA LAKE KADALIBARI,LAKE,ODISHA,20.0,32.0,5.8,7.8,6.9,8.4,117,259,1.1,2.3,0.32,1.22,220,1700,1300,4700,2021,ANSHUPA LAKE KADALIBARI
3953.0,CHILKA AT RAMBHA,LAKE,ODISHA,14.0,32.0,5.6,11.0,6.9,8.5,106,40520,1.3,2.7,0.32,1.66,2,2300,2,4900,2021,CHILKA AT RAMBHA
2437.0,CHILKA LAKE AT SATAPADA (RAMSAR SITE),LAKE,ODISHA,20.0,32.0,5.8,9.6,6.9,8.4,2930,42780,1.2,1.9,0.35,1.59,2,1700,20,3500,2021,CHILKA LAKE AT SATAPADA (RAMSAR SITE)
3954.0,TAMPADA LAKE AT CHHATRAPUR,LAKE,ODISHA,13.0,30.0,3.0,11.5,7.9,8.5,147,945,1.9,6.0,0.32,2.12,110,1700,460,3500,2021,TAMPADA LAKE AT CHHATRAPUR
2431.0,BINDUSAGAR ( RELIGIOUS POND OF BHUBANESWAR CITY) (NORTH) (LINGRAJ TEMPLE),POND,ODISHA,22.0,33.0,4.1,9.1,6.5,8.0,236,420,1.1,2.8,0.32,1.52,2,24000,170,54000,2021,BINDUSAGAR ( RELIGIOUS POND OF BHUBANESWAR CITY) (NORTH) (LINGRAJ TEMPLE)
2434.0,INDRADYUMNA TANK ( RILIGIOUS POND OF PURI CITY),POND,ODISHA,25.0,34.0,2.0,11.9,7.6,9.4,283,561,3.8,5.7,0.32,1.72,20,35000,45,54000,2021,INDRADYUMNA TANK ( RILIGIOUS POND OF PURI CITY)
3962.0,JAGANNATH SAGAR POND OF JEYPORE,POND,ODISHA,12.0,29.0,5.7,6.4,7.1,7.6,216,402,1.4,2.7,0.32,1.84,140,160000,490,160000,2021,JAGANNATH SAGAR POND OF JEYPORE
2433.0,MARKANDA POKHARI ( RILIGIOUS POND OF PURI CITY),POND,ODISHA,25.0,34.0,3.2,12.5,7.4,9.4,380,688,3.4,8.3,0.35,8.62,45,13000,45,24000,2021,MARKANDA POKHARI ( RILIGIOUS POND OF PURI CITY)
2432.0,NARENDRA POKHARI ( RILIGIOUS POND OF PURI CITY),POND,ODISHA,25.0,34.0,4.2,15.7,7.7,9.5,356,961,3.6,8.2,0.32,2.92,130,1300,490,9200,2021,NARENDRA POKHARI ( RILIGIOUS POND OF PURI CITY)
2436.0,PARVATI SAGAR ( RILIGIOUS POND OF PURI CITY),POND,ODISHA,25.0,35.0,2.1,11.1,6.9,9.3,332,599,3.3,12.0,0.32,3.46,45,2400,130,5400,2021,PARVATI SAGAR ( RILIGIOUS POND OF PURI CITY)
3963.0,RANIGUDA POND,POND,ODISHA,22.0,26.0,2.8,12.6,7.3,8.4,392,1334,3.4,9.5,0.32,11.52,130,1300,490,2800,2021,RANIGUDA POND
2435.0,SWETAGANGA ( RILIGIOUS POND OF PURI CITY),POND,ODISHA,23.0,35.0,3.3,15.6,7.5,9.3,298,745,3.6,8.0,0.32,13.34,45,2400,170,4300,2021,SWETAGANGA ( RILIGIOUS POND OF PURI CITY)
1686.0,BAHOUR LAKE,LAKE,PUDUCHERRY,28.0,33.0,5.2,5.6,7.1,7.5,198,375,1.0,2.5,0.32,1.22,2,23,350,1600,2021,BAHOUR LAKE
4634.0,KANAGAN LAKE,LAKE,PUDUCHERRY,29.0,33.0,6.7,14.1,7.6,9.1,570,1682,2.8,30.0,0.32,4.30,110,500,900,1600,2021,KANAGAN LAKE
1396.0,OUSTERI LAKE,LAKE,PUDUCHERRY,28.0,32.0,5.1,9.3,6.3,8.0,197,283,1.0,2.3,0.32,0.82,2,110,2,1600,2021,OUSTERI LAKE
1297.0,"HARIKE LAKE AT HARIKE VILLAGE, PUNJAB",LAKE,PUNJAB,15.0,29.0,6.7,9.0,7.6,8.1,207,295,1.0,2.7,0.60,2.90,320,1300,910,3300,2021,"HARIKE LAKE AT HARIKE VILLAGE, PUNJAB"
1382.0,"HARIKE LAKE D/S FROM CANAL, PUNJAB",LAKE,PUNJAB,15.0,29.0,5.9,9.4,7.5,8.1,188,340,1.0,3.8,0.60,5.60,110,1700,490,4100,2021,"HARIKE LAKE D/S FROM CANAL, PUNJAB"
2912.0,"RANJIT SAGAR RESERVOIR, PUNJAB",LAKE,PUNJAB,7.0,37.0,7.0,8.2,7.5,8.3,135,234,1.0,1.0,0.30,0.70,20,40,79,140,2021,"RANJIT SAGAR RESERVOIR, PUNJAB"
1481.0,"FATEH SAGAR LAKE AT UDAIPUR INTAKE POINT OF PHED, RAJASTHAN",LAKE,RAJASTHAN,23.0,28.0,5.9,7.3,7.8,8.7,590,867,1.9,2.8,1.84,6.42,39,93,75,210,2021,"FATEH SAGAR LAKE AT UDAIPUR INTAKE POINT OF PHED, RAJASTHAN"
2940.0,"GAPE- SAGAR LAKE, DUNGARPUR, RAJASTHAN",LAKE,RAJASTHAN,24.0,29.0,4.4,5.2,7.9,8.9,730,11113,1.8,4.1,3.09,8.22,150,460,460,1100,2021,"GAPE- SAGAR LAKE, DUNGARPUR, RAJASTHAN"
4178.0,"GOVERDHAN SAGAR, UDAIPUR",LAKE,RAJASTHAN,20.0,28.0,4.9,5.8,7.6,8.5,480,1283,1.1,3.3,1.84,6.22,240,460,460,1100,2021,"GOVERDHAN SAGAR, UDAIPUR"
2936.0,"JAISAMAND LAKE, ALWAR, RAJASTHAN",LAKE,RAJASTHAN,29.0,29.0,4.0,4.4,7.2,7.2,110,279,1.0,1.4,0.74,1.26,23,93,64,150,2021,"JAISAMAND LAKE, ALWAR, RAJASTHAN"
2941.0,"JAISAMAND LAKE, SALUMBER, UDAIPUR, POINT NO. 1, RAJASTHAN",LAKE,RAJASTHAN,23.0,28.0,7.1,7.8,8.3,9.0,530,777,1.2,2.1,1.66,3.54,23,75,75,150,2021,"JAISAMAND LAKE, SALUMBER, UDAIPUR, POINT NO. 1, RAJASTHAN"
2942.0,"JAISAMAND LAKE, SALUMBER, UDAIPUR, POINT NO. 2, RAJASTHAN",LAKE,RAJASTHAN,24.0,28.0,7.2,7.8,8.4,8.9,520,665,1.3,2.4,1.42,3.37,39,75,64,150,2021,"JAISAMAND LAKE, SALUMBER, UDAIPUR, POINT NO. 2, RAJASTHAN"
2944.0,"JALMAHAL, JAIPUR, RAJASTHAN",LAKE,RAJASTHAN,18.0,30.0,0.5,4.4,8.5,9.2,1210,2670,3.2,5.9,2.50,10.32,93,460,210,1100,2021,"JALMAHAL, JAIPUR, RAJASTHAN"
2935.0,"JET SAGAR LAKE, BUNDI, RAJASTHAN",LAKE,RAJASTHAN,19.0,33.0,3.7,4.4,7.4,8.6,270,435,2.3,3.2,1.56,4.08,150,240,460,460,2021,"JET SAGAR LAKE, BUNDI, RAJASTHAN"
1714.0,"KAYALANA JHEEL JODHPUR, RAJASTHAN",LAKE,RAJASTHAN,21.0,26.0,6.9,9.0,7.3,8.5,270,408,1.0,2.1,0.64,2.61,23,93,64,150,2021,"KAYALANA JHEEL JODHPUR, RAJASTHAN"
2943.0,"LODHA TALAB, BANSWARA- DUNGARPUR ROAD, BANSWARA, RAJASTHAN",LAKE,RAJASTHAN,18.0,32.0,2.1,6.6,7.7,8.6,460,1177,2.1,4.1,1.82,7.84,150,460,240,1100,2021,"LODHA TALAB, BANSWARA- DUNGARPUR ROAD, BANSWARA, RAJASTHAN"
1716.0,"NAKKI LAKE, MT. ABU, RAJASTHAN",LAKE,RAJASTHAN,14.0,25.5,4.4,6.7,7.6,8.3,230,420,1.3,3.4,1.37,3.84,64,150,120,210,2021,"NAKKI LAKE, MT. ABU, RAJASTHAN"
4795.0,"NELA TALAB, SECTOR-14 HIRAN MARG, UDAIPUR",LAKE,RAJASTHAN,20.0,28.0,3.3,7.2,7.6,8.9,460,1154,2.0,3.9,1.78,3.53,75,240,150,460,2021,"NELA TALAB, SECTOR-14 HIRAN MARG, UDAIPUR"
1285.0,"PICHOLA LAKE AT UDAIPUR (WATER INTAKE POINT), RAJASTHAN",LAKE,RAJASTHAN,22.0,29.0,5.8,6.2,7.5,8.5,440,607,1.5,2.3,1.72,5.42,23,39,39,75,2021,"PICHOLA LAKE AT UDAIPUR (WATER INTAKE POINT), RAJASTHAN"
1414.0,"PUSHKAR LAKE, RAJASTHAN",LAKE,RAJASTHAN,19.0,29.0,3.6,8.5,7.3,8.0,220,390,2.2,4.5,1.26,5.36,23,93,93,150,2021,"PUSHKAR LAKE, RAJASTHAN"
2938.0,"RAJSAMAND LAKE , RAJSAMAND- POINT NO. 1, RAJSAMAND, RAJASTHAN",LAKE,RAJASTHAN,17.0,26.0,5.2,7.7,8.2,8.9,460,790,1.5,2.6,1.12,3.53,23,150,93,240,2021,"RAJSAMAND LAKE , RAJSAMAND- POINT NO. 1, RAJSAMAND, RAJASTHAN"
2939.0,"RAJSAMAND LAKE , RAJSAMAND- POINT NO. 2, RAJSAMAND, RAJASTHAN",LAKE,RAJASTHAN,17.0,27.0,4.6,7.2,8.3,9.3,450,771,1.2,2.6,1.43,4.68,75,240,120,460,2021,"RAJSAMAND LAKE , RAJSAMAND- POINT NO. 2, RAJSAMAND, RAJASTHAN"
2937.0,"SILISERH LAKE, ALWAR, RAJASTHAN",LAKE,RAJASTHAN,20.0,30.0,5.2,6.6,7.1,8.9,160,292,1.0,1.7,1.04,2.67,14,75,20,150,2021,"SILISERH LAKE, ALWAR, RAJASTHAN"
4177.0,SWAROOP SAGAR LAKE,LAKE,RAJASTHAN,20.0,27.0,4.1,5.7,8.0,8.9,460,790,1.0,2.4,2.05,3.52,4,93,120,210,2021,SWAROOP SAGAR LAKE
1286.0,UDAISAGAR LAKE AT UDAIPUR (INTAKE PT.) RAJASTHAN,LAKE,RAJASTHAN,20.0,28.0,4.6,6.0,7.3,8.5,1170,1963,1.4,3.1,2.70,7.92,93,150,150,240,2021,UDAISAGAR LAKE AT UDAIPUR (INTAKE PT.) RAJASTHAN
4179.0,"BADI KA TALAB, UDAIPUR",POND,RAJASTHAN,23.0,27.0,7.1,7.9,7.2,8.4,380,532,1.4,2.4,1.56,3.69,23,64,64,120,2021,"BADI KA TALAB, UDAIPUR"
1420.0,"KODAI KANAL LAKE, TAMILNADU",LAKE,TAMIL NADU,17.0,28.0,6.0,7.0,6.7,7.5,96,147,2.0,3.0,0.32,0.95,14,36,25,96,2021,"KODAI KANAL LAKE, TAMILNADU"
3008.0,"POONDI LAKE AT THIRUVALLUR, TAMILNADU",LAKE,TAMIL NADU,26.0,40.0,6.0,8.9,7.0,8.1,475,745,2.0,3.0,0.32,0.52,2,2,2,68,2021,"POONDI LAKE AT THIRUVALLUR, TAMILNADU"
3010.0,"PORUR LAKE AT THIRUVALLUR, TAMILNADU",LAKE,TAMIL NADU,27.0,37.0,6.0,7.0,7.3,8.0,929,1410,2.0,4.0,0.32,0.62,2,78,4,230,2021,"PORUR LAKE AT THIRUVALLUR, TAMILNADU"
3011.0,"PULICATE LAKE AT THIRUVALLUR, TAMILNADU",LAKE,TAMIL NADU,25.0,36.0,5.0,6.9,6.9,8.2,8330,59400,2.0,4.0,0.32,1.50,2,45,4,230,2021,"PULICATE LAKE AT THIRUVALLUR, TAMILNADU"
3009.0,"REDD HILLS AT THIRUVALLUR, TAMILNADU",LAKE,TAMIL NADU,25.0,33.0,5.1,7.1,6.6,8.0,432,660,2.0,4.0,0.32,0.62,2,20,2,200,2021,"REDD HILLS AT THIRUVALLUR, TAMILNADU"
1421.0,"UDHAGAMADALEM LAKE (OOTY), TAMILNADU",LAKE,TAMIL NADU,17.0,31.0,5.7,7.2,6.1,7.1,339,492,1.0,4.5,0.32,0.33,38,120,120,330,2021,"UDHAGAMADALEM LAKE (OOTY), TAMILNADU"
3007.0,"VEERANAM LAKE AT CUDDALORE, TAMILNADU",LAKE,TAMIL NADU,23.0,30.0,6.0,6.4,6.8,7.9,349,684,1.0,3.0,0.32,0.82,23,46,58,120,2021,"VEERANAM LAKE AT CUDDALORE, TAMILNADU"
1452.0,"YERCAUD LAKE, SALEM, TAMILNADU",LAKE,TAMIL NADU,20.0,30.0,5.3,7.0,6.0,7.8,242,371,1.0,2.2,0.32,0.33,31,120,110,260,2021,"YERCAUD LAKE, SALEM, TAMILNADU"
4823.0,"OVER HEAD TANK AT TIRUR VILLAGE, TIRUVALLUR TALUK, TIRUVALLUR PANCHAYAT UN",TANK,TAMIL NADU,25.0,39.0,5.0,6.7,6.8,7.4,946,2032,2.0,4.0,0.32,1.18,2,20,2,110,2021,"OVER HEAD TANK AT TIRUR VILLAGE, TIRUVALLUR TALUK, TIRUVALLUR PANCHAYAT UN"
5052.0,"BAKSHI KUNTA (VEMANA COLONY PARK), CHANDANAGAR, SERILINGAMPALLY, RR",LAKE,TELANGANA,20.0,24.0,0.3,4.4,6.6,8.4,659,1451,3.0,16.0,3.20,7.60,2,23,80,540,2021,"BAKSHI KUNTA (VEMANA COLONY PARK), CHANDANAGAR, SERILINGAMPALLY, RR"
4676.0,"BANDA CHERUVU, MALKAJIGIRI (V), MALKAJIGIRI (NEW MANDAL)",LAKE,TELANGANA,28.0,29.0,0.3,1.3,7.1,8.1,1145,1680,5.8,16.0,2.70,24.70,14,58,240,430,2021,"BANDA CHERUVU, MALKAJIGIRI (V), MALKAJIGIRI (NEW MANDAL)"
5048.0,"BANDAM CHERUVU, GAJULARAMARAM, QUTUBULLAPUR, MEDCHAL – MALKAGIRI",LAKE,TELANGANA,27.0,27.0,2.0,3.8,7.1,8.2,732,877,3.0,9.0,3.20,6.20,14,63,140,540,2021,"BANDAM CHERUVU, GAJULARAMARAM, QUTUBULLAPUR, MEDCHAL – MALKAGIRI"
4682.0,"BANDAM CHERUVU, HANAMKONDA",LAKE,TELANGANA,27.0,29.0,0.7,4.1,7.1,8.5,655,1457,3.4,12.0,0.70,38.00,9,36,140,430,2021,"BANDAM CHERUVU, HANAMKONDA"
5040.0,"BANDLAGUDA CHERUVU, BANDALGUDA UPPAL, MEDCHAL - MALKAGIRI",LAKE,TELANGANA,28.0,32.0,0.3,0.3,7.0,7.9,995,1519,6.4,16.0,3.50,14.80,13,94,280,540,2021,"BANDLAGUDA CHERUVU, BANDALGUDA UPPAL, MEDCHAL - MALKAGIRI"
4690.0,"BANJARA KUNTA (SINGADI KUNTA(, SHAIKPET",LAKE,TELANGANA,23.0,30.0,0.3,4.1,7.3,8.4,688,1191,2.6,6.8,3.60,14.20,7,39,170,540,2021,"BANJARA KUNTA (SINGADI KUNTA(, SHAIKPET"
3074.0,"BANJARA LAKE, BANJARA HILLS, RANGA REDDY",LAKE,TELANGANA,20.0,28.0,0.3,0.3,6.7,7.9,783,1246,6.0,18.0,1.20,10.80,11,70,210,540,2021,"BANJARA LAKE, BANJARA HILLS, RANGA REDDY"
5035.0,"BATHAR KUNTA, SHAIKPET, HYDERABAD",LAKE,TELANGANA,23.0,30.0,0.3,2.0,7.1,8.5,1042,1318,4.0,12.0,4.60,12.40,21,63,280,920,2021,"BATHAR KUNTA, SHAIKPET, HYDERABAD"
4684.0,"CAMPUS LAKE, ICRISAT",LAKE,TELANGANA,24.0,25.0,5.7,6.9,6.4,7.5,385,750,2.1,3.0,4.09,7.10,10,17,110,240,2021,"CAMPUS LAKE, ICRISAT"
5060.0,"CHAKALAVANI CHERUVU, LINGAMPALLY, SERILINGAMPALLY, RR",LAKE,TELANGANA,20.0,30.0,0.3,2.9,7.0,8.3,1024,1528,4.0,20.0,5.20,17.70,17,36,240,540,2021,"CHAKALAVANI CHERUVU, LINGAMPALLY, SERILINGAMPALLY, RR"
5051.0,"CHINNA BANDAM, SURARAM, QUTUBULLAPUR, MEDCHAL – MALKAGIRI",LAKE,TELANGANA,27.0,29.0,0.3,3.9,7.0,8.3,1146,1888,2.1,14.0,2.10,12.80,11,63,170,540,2021,"CHINNA BANDAM, SURARAM, QUTUBULLAPUR, MEDCHAL – MALKAGIRI"
,"CHINNA PEDDA CHERUVU, GOPANPALLY, SERILINGAMPALLY, RR",LAKE,TELANGANA,20.0,29.0,1.0,5.1,7.0,8.6,846,987,3.0,6.0,3.80,356.00,6,33,21,540,2021,"CHINNA PEDDA CHERUVU, GOPANPALLY, SERILINGAMPALLY, RR"
4668.0,"CHINNARAYAN CHERUVU, ALWAL (V)",LAKE,TELANGANA,28.0,30.0,0.3,2.2,7.2,8.2,1080,1732,6.0,12.0,2.20,18.00,21,63,280,540,2021,"CHINNARAYAN CHERUVU, ALWAL (V)"
5046.0,"CHINTAL CHERUVU, GAJULARAMARAM, QUTUBULLAPUR, MEDCHAL – MALKAGIRI",LAKE,TELANGANA,27.0,30.0,2.2,5.0,7.3,8.5,377,572,2.1,6.0,0.30,4.00,2,33,28,540,2021,"CHINTAL CHERUVU, GAJULARAMARAM, QUTUBULLAPUR, MEDCHAL – MALKAGIRI"
5039.0,"DMRL LAKE, KANCHANBAGH, BANDLAGUDA, HYDERABAD",LAKE,TELANGANA,22.0,30.0,0.3,3.8,7.1,8.2,1048,1821,3.2,18.0,0.30,16.80,13,79,94,540,2021,"DMRL LAKE, KANCHANBAGH, BANDLAGUDA, HYDERABAD"
3070.0,"FOX SAGAR, JEEDIMETLA, RANGA REDDY",LAKE,TELANGANA,25.0,30.0,0.8,3.2,7.6,8.5,1042,1476,3.0,6.0,1.00,14.00,7,54,280,540,2021,"FOX SAGAR, JEEDIMETLA, RANGA REDDY"
5059.0,"GOPI CHERUVU, LINGAMPALLY, SERILINGAMPALLY, RR",LAKE,TELANGANA,20.0,32.0,0.3,4.1,7.1,8.4,999,1323,3.0,10.0,2.60,10.30,10,34,220,540,2021,"GOPI CHERUVU, LINGAMPALLY, SERILINGAMPALLY, RR"
5062.0,"GURUNATH CHERUVU, MIYAPUR, SERILINGAMPALLY, RR",LAKE,TELANGANA,20.0,30.0,0.3,3.9,7.0,8.5,830,1313,4.0,14.0,6.20,39.00,8,33,170,540,2021,"GURUNATH CHERUVU, MIYAPUR, SERILINGAMPALLY, RR"
3073.0,"HASMATHPET LAKE, HASMATHPET, RANGA REDDY",LAKE,TELANGANA,21.0,30.0,0.3,0.3,7.1,8.4,961,1685,6.0,10.0,2.10,7.00,21,84,430,540,2021,"HASMATHPET LAKE, HASMATHPET, RANGA REDDY"
1789.0,"HIMAYAT SAGAR LAKE , R.R.DIST.",LAKE,TELANGANA,20.0,29.0,4.9,6.2,7.3,8.1,388,526,2.1,2.6,0.30,1.20,2,4,2,110,2021,"HIMAYAT SAGAR LAKE , R.R.DIST."
4679.0,HUDA PARK LAKE/ BUMRUKH KHAN DOWLA,LAKE,TELANGANA,28.0,35.0,0.3,0.9,7.0,8.4,1773,3194,6.0,22.0,5.20,29.00,26,120,350,920,2021,HUDA PARK LAKE/ BUMRUKH KHAN DOWLA
1391.0,"HUSSAIN SAGAR LAKE, BUDAMERU",LAKE,TELANGANA,23.2,32.0,0.3,2.4,7.4,8.0,1044,1410,5.8,8.0,1.80,14.60,39,120,430,920,2021,"HUSSAIN SAGAR LAKE, BUDAMERU"
4686.0,"ICRISAT LAKE, ICRISAT",LAKE,TELANGANA,25.0,25.0,5.9,6.8,6.5,7.3,394,914,2.1,3.6,3.11,7.15,10,25,120,280,2021,"ICRISAT LAKE, ICRISAT"
4699.0,"KAPRAI CHERUVU, SAHEBNAGAR (V), HAYATHNAGAR",LAKE,TELANGANA,20.0,35.0,2.9,5.0,7.2,8.3,378,671,2.1,4.0,0.30,2.40,8,34,110,280,2021,"KAPRAI CHERUVU, SAHEBNAGAR (V), HAYATHNAGAR"
5054.0,"KOMATI KUNTA, GOPANPALLY, SERILINGAMPALLY, RR",LAKE,TELANGANA,20.0,30.0,1.8,5.1,7.1,8.5,554,775,2.1,7.0,2.20,7.80,4,27,33,430,2021,"KOMATI KUNTA, GOPANPALLY, SERILINGAMPALLY, RR"
4705.0,"KOTHA CHERUVU (ALWAL CHERUVU), ALWAL (V)",LAKE,TELANGANA,27.0,29.0,0.3,0.9,7.3,8.5,1269,1942,6.0,14.0,7.20,27.00,21,63,350,540,2021,"KOTHA CHERUVU (ALWAL CHERUVU), ALWAL (V)"
5032.0,"KOTHA CHERUVU, SHAIKPET, HYDERABAD",LAKE,TELANGANA,24.0,29.0,0.3,4.1,7.2,8.5,869,1366,3.0,10.0,1.80,12.00,11,49,130,430,2021,"KOTHA CHERUVU, SHAIKPET, HYDERABAD"
5057.0,"KUDI KUNTA (GAUTAMI LAKE), KONDAPUR, SERILINGAMPALLY, RR",LAKE,TELANGANA,20.0,33.0,0.3,0.3,6.9,7.6,1045,1769,6.0,17.0,5.40,19.90,10,47,350,540,2021,"KUDI KUNTA (GAUTAMI LAKE), KONDAPUR, SERILINGAMPALLY, RR"
4235.0,LAKE KAMUNI ( SHAMSHABAD LAKE),LAKE,TELANGANA,28.0,35.0,1.8,4.4,7.0,8.4,715,1291,2.1,5.8,1.50,8.80,11,33,170,540,2021,LAKE KAMUNI ( SHAMSHABAD LAKE)
4680.0,"LAKNAVARAM CHERUVU, MULUGU (V)",LAKE,TELANGANA,28.0,29.0,5.0,6.6,6.9,8.4,124,211,2.1,2.6,0.30,0.80,2,2,4,32,2021,"LAKNAVARAM CHERUVU, MULUGU (V)"
3071.0,"LANGARHOUSE LAKE, HYDERABAD",LAKE,TELANGANA,20.0,30.0,0.3,1.0,7.2,8.2,870,1520,4.2,10.0,2.60,13.00,7,110,280,540,2021,"LANGARHOUSE LAKE, HYDERABAD"
2340.0,"LAXMINARAYANA CHERUVU AT EDULABAD, RANGAREDDY",LAKE,TELANGANA,21.0,30.0,3.1,5.4,7.5,8.3,1086,1744,2.4,5.4,0.40,4.50,3,22,150,350,2021,"LAXMINARAYANA CHERUVU AT EDULABAD, RANGAREDDY"
4677.0,"LINGAM CHERUVU, SURARAM (V), QUTHUBULLAPUR",LAKE,TELANGANA,27.0,29.0,0.3,0.3,7.1,7.7,1488,1731,6.2,12.0,4.00,18.20,17,63,430,920,2021,"LINGAM CHERUVU, SURARAM (V), QUTHUBULLAPUR"
4701.0,"LINGAM KUNTA, CHANDANAGAR (V) SERLINGAMPALLY",LAKE,TELANGANA,20.0,27.0,0.3,3.2,6.9,8.5,940,1360,4.0,10.0,3.00,12.00,10,47,140,540,2021,"LINGAM KUNTA, CHANDANAGAR (V) SERLINGAMPALLY"
4670.0,MADDELLA KUNTA/ BAIRAMALGUDA CHERUVU,LAKE,TELANGANA,28.0,35.0,2.8,5.8,6.7,8.0,520,1358,2.1,5.4,0.30,6.00,6,49,170,540,2021,MADDELLA KUNTA/ BAIRAMALGUDA CHERUVU
5047.0,"MAHABOOB KUNTA, SURARAM, QUTUBULLAPUR, MEDCHAL – MALKAGIRI",LAKE,TELANGANA,28.0,28.0,0.8,5.1,6.7,7.8,543,882,2.1,8.0,1.80,11.60,11,33,210,540,2021,"MAHABOOB KUNTA, SURARAM, QUTUBULLAPUR, MEDCHAL – MALKAGIRI"
4698.0,"MANNEVARI KUNTA, MACHABOLLARAM (V) ALWAL",LAKE,TELANGANA,28.0,29.0,0.3,0.3,7.5,8.2,1481,1983,7.0,10.0,8.40,16.60,47,63,430,540,2021,"MANNEVARI KUNTA, MACHABOLLARAM (V) ALWAL"
5049.0,"MEDDELA KUNTA, GAJULARAMARAM, QUTUBULLAPUR, MEDCHAL – MALKAGIRI",LAKE,TELANGANA,27.0,28.0,1.3,4.2,7.2,8.2,685,1054,3.0,11.0,0.40,23.00,2,47,64,540,2021,"MEDDELA KUNTA, GAJULARAMARAM, QUTUBULLAPUR, MEDCHAL – MALKAGIRI"
4672.0,"MEDI KUNTA (WIPRO LAKE), NANAKRAMGUDA",LAKE,TELANGANA,20.0,31.0,0.9,3.8,7.2,8.4,809,1030,3.2,10.0,1.20,16.20,4,84,240,540,2021,"MEDI KUNTA (WIPRO LAKE), NANAKRAMGUDA"
4673.0,"MEEDI KUNTA (BK ENCLAVE LAKE), MAQTA MAHBOOBPET, (MADEENAGUDA)",LAKE,TELANGANA,18.0,29.0,0.3,3.0,6.7,8.4,682,1244,3.2,11.0,3.60,9.20,11,46,140,540,2021,"MEEDI KUNTA (BK ENCLAVE LAKE), MAQTA MAHBOOBPET, (MADEENAGUDA)"
4674.0,"MEEDI KUNTA, HAFEEZPET (V)",LAKE,TELANGANA,24.0,29.0,2.0,3.8,7.4,8.4,742,1106,2.8,10.0,1.00,8.60,11,73,170,540,2021,"MEEDI KUNTA, HAFEEZPET (V)"
2341.0,"MIRALAM LAKE NEAR ZOO PARK, RANGAREDDY",LAKE,TELANGANA,24.0,31.0,0.3,2.9,7.2,8.1,1177,1398,2.2,8.0,1.20,6.40,4,84,280,430,2021,"MIRALAM LAKE NEAR ZOO PARK, RANGAREDDY"
5029.0,"MOHINI CHERUVU, AMBERPET, HYDERABAD",LAKE,TELANGANA,21.0,27.0,0.3,4.0,7.2,8.5,366,2188,2.1,18.0,1.70,9.90,9,63,79,430,2021,"MOHINI CHERUVU, AMBERPET, HYDERABAD"
5045.0,"MOTHKULA KUNTA, MACHABOLLARAM, ALWAL, MEDCHAL - MALKAGIRI",LAKE,TELANGANA,26.0,42.0,0.3,3.1,6.8,8.2,1072,1790,3.0,11.0,0.30,18.60,15,63,79,540,2021,"MOTHKULA KUNTA, MACHABOLLARAM, ALWAL, MEDCHAL - MALKAGIRI"
5043.0,"MYSAMMA CHERUVU, KUKATPALLY, BALANAGAR, MEDCHAL - MALKAGIRI",LAKE,TELANGANA,27.0,28.0,0.3,2.0,7.1,8.0,1010,1358,5.0,13.0,0.30,12.60,21,63,430,920,2021,"MYSAMMA CHERUVU, KUKATPALLY, BALANAGAR, MEDCHAL - MALKAGIRI"
4691.0,"NAGOLE CHERUVU, UPPAL (V)",LAKE,TELANGANA,28.0,32.0,0.3,2.0,6.9,8.4,919,1632,5.8,12.0,1.00,13.50,17,84,240,540,2021,"NAGOLE CHERUVU, UPPAL (V)"
5063.0,"NANAKRAM KUNTA, NANAKRAMGUDA, SERILINGAMPALLY, RR",LAKE,TELANGANA,20.0,35.0,0.3,3.8,7.3,8.2,279,1102,2.1,32.0,2.20,6.00,4,21,280,430,2021,"NANAKRAM KUNTA, NANAKRAMGUDA, SERILINGAMPALLY, RR"
4688.0,NARINJA LAKE,LAKE,TELANGANA,23.0,26.0,5.9,7.1,6.8,7.4,410,670,2.1,3.0,4.10,7.15,6,9,21,41,2021,NARINJA LAKE
5030.0,"NAYA QUILA TALAB, GOLKONDA, HYDERABAD",LAKE,TELANGANA,22.0,32.0,0.3,3.3,7.5,8.9,1112,1356,3.3,20.0,2.40,14.30,17,63,70,540,2021,"NAYA QUILA TALAB, GOLKONDA, HYDERABAD"
5056.0,"NAYANAMMA KUNTA (BASPALLI CHERUVU), HAFEEZPET, SERILINGAMPALLY, RR",LAKE,TELANGANA,20.0,27.0,0.3,4.0,7.1,8.6,828,1248,3.0,10.0,2.00,14.00,11,33,150,540,2021,"NAYANAMMA KUNTA (BASPALLI CHERUVU), HAFEEZPET, SERILINGAMPALLY, RR"
4229.0,NEKNAMPUR LAKE,LAKE,TELANGANA,26.0,35.0,0.3,2.7,7.2,8.5,1322,2186,6.0,12.0,3.80,35.00,17,84,140,920,2021,NEKNAMPUR LAKE
2342.0,"NOOR MD. KUNTA, KATTEDAN, RANGAREDDY",LAKE,TELANGANA,25.0,29.0,0.3,0.3,7.2,7.9,1384,2436,6.2,22.0,4.00,28.70,21,94,430,540,2021,"NOOR MD. KUNTA, KATTEDAN, RANGAREDDY"
4696.0,"PARKI CHERUVU, KUKATPALLY (V), BALANAGAR",LAKE,TELANGANA,26.0,28.0,0.3,0.3,7.2,8.1,1079,1803,6.0,12.0,3.00,26.00,8,63,210,540,2021,"PARKI CHERUVU, KUKATPALLY (V), BALANAGAR"
4678.0,"PATEL CHERUVU, NACHARAM (V), UPPAL (NEW MANDAL)",LAKE,TELANGANA,19.0,30.0,0.3,0.3,7.2,8.1,1193,1745,7.0,22.0,3.80,28.00,14,63,240,540,2021,"PATEL CHERUVU, NACHARAM (V), UPPAL (NEW MANDAL)"
4693.0,"PATEL CHERUVU, UPPAL (V)",LAKE,TELANGANA,19.0,32.0,0.3,2.6,7.1,7.7,737,1515,4.6,14.0,4.20,9.40,21,73,210,430,2021,"PATEL CHERUVU, UPPAL (V)"
5041.0,"PATHULGUDA LAKE, PATHALGUDA, UPPAL, MEDCHAL - MALKAGIRI",LAKE,TELANGANA,27.0,32.0,0.3,2.2,7.1,8.6,1050,1579,4.0,22.0,1.20,11.20,21,77,280,540,2021,"PATHULGUDA LAKE, PATHALGUDA, UPPAL, MEDCHAL - MALKAGIRI"
4702.0,"PEDDA CHERUVU - KHAJA GUDA, KHJAGUDA (V), SERLINGAMPALLY 9NEW MANDAL)",LAKE,TELANGANA,28.0,34.0,2.1,4.6,7.3,8.2,1130,1817,8.0,19.0,5.10,15.00,70,220,230,1600,2021,"PEDDA CHERUVU - KHAJA GUDA, KHJAGUDA (V), SERLINGAMPALLY 9NEW MANDAL)"
4669.0,"PEDDA CHERUVU, GANGARAM (V) SERLINGAMPALLY (NEW MANDAL)",LAKE,TELANGANA,20.0,28.0,0.3,3.4,6.8,8.3,623,2440,3.5,14.0,3.60,12.40,17,94,170,540,2021,"PEDDA CHERUVU, GANGARAM (V) SERLINGAMPALLY (NEW MANDAL)"
4683.0,"PEDDA CHERUVU, MADIKONDA",LAKE,TELANGANA,28.0,29.0,3.3,5.9,7.1,8.4,527,746,2.1,8.0,0.60,2.80,2,31,26,350,2021,"PEDDA CHERUVU, MADIKONDA"
5061.0,"PEDDAKUDI CHERUVU, MAQTA MAHBOOBPET, SERILINGAMPALLY, RR",LAKE,TELANGANA,20.0,27.0,0.3,3.2,7.1,8.3,717,1404,4.0,15.0,5.20,14.30,13,33,160,540,2021,"PEDDAKUDI CHERUVU, MAQTA MAHBOOBPET, SERILINGAMPALLY, RR"
4681.0,"PHAKAL CHERUVU, NARSAMPET",LAKE,TELANGANA,27.0,28.0,4.8,6.5,7.5,8.5,136,458,2.1,2.8,0.30,0.80,2,2,10,39,2021,"PHAKAL CHERUVU, NARSAMPET"
5053.0,"RAMAMMA KUNTA (DR. YSR TOURISM COLLEGE), GACHIBOWLI, SERILINGAMPALLY, RR",LAKE,TELANGANA,30.0,35.0,0.3,2.4,7.2,8.5,487,868,3.0,6.0,1.00,13.00,8,33,170,540,2021,"RAMAMMA KUNTA (DR. YSR TOURISM COLLEGE), GACHIBOWLI, SERILINGAMPALLY, RR"
3068.0,"RAMAPPA LAKE, WARANGAL",LAKE,TELANGANA,27.0,27.0,5.0,6.4,7.6,8.3,205,339,2.1,2.3,0.30,1.20,2,4,15,120,2021,"RAMAPPA LAKE, WARANGAL"
4687.0,"RED LAKE, ICRISAT",LAKE,TELANGANA,25.0,25.0,5.5,6.6,6.7,7.5,548,1072,2.4,5.0,5.18,10.17,14,31,170,350,2021,"RED LAKE, ICRISAT"
5058.0,"REGULA KUNTA, MIYAPUR SERILINGAMPALLY, RR",LAKE,TELANGANA,20.0,32.0,0.3,4.2,7.0,8.4,644,920,2.6,8.0,1.60,8.60,8,22,80,540,2021,"REGULA KUNTA, MIYAPUR SERILINGAMPALLY, RR"
3072.0,"SAFILGUDA LAKE, RANGA REDDY",LAKE,TELANGANA,21.0,30.0,0.3,1.6,7.1,8.3,1150,1865,6.0,13.0,2.20,12.00,17,84,350,540,2021,"SAFILGUDA LAKE, RANGA REDDY"
5038.0,"SALKAM CHERUVU, BANDLAGUDA, HYDERABAD",LAKE,TELANGANA,21.0,30.0,0.3,2.2,7.1,8.3,1224,2627,3.0,36.0,0.30,18.60,17,63,350,540,2021,"SALKAM CHERUVU, BANDLAGUDA, HYDERABAD"
1788.0,"SAROORNAGAR , RANGA REDDY DIST.",LAKE,TELANGANA,24.0,35.0,0.3,1.2,7.2,8.3,944,1537,5.8,14.0,2.00,10.60,21,34,280,540,2021,"SAROORNAGAR , RANGA REDDY DIST."
5033.0,"SHAHATAM CHERUVU, SHAIKPET, HYDERABAD",LAKE,TELANGANA,22.0,30.0,0.3,0.3,7.0,8.1,840,1535,4.0,22.0,3.20,10.20,12,63,140,540,2021,"SHAHATAM CHERUVU, SHAIKPET, HYDERABAD"
3069.0,"SHAMEERPET LAKE, SHAMEERPET, RANGA REDDY",LAKE,TELANGANA,22.0,29.0,5.2,6.1,7.4,8.4,498,622,2.1,2.8,0.30,2.40,2,12,27,280,2021,"SHAMEERPET LAKE, SHAMEERPET, RANGA REDDY"
5034.0,"SHIKARI KUNTA, SHAIKPET, HYDERABAD",LAKE,TELANGANA,24.0,30.0,1.2,5.9,7.4,8.5,634,1354,2.1,7.0,1.60,10.20,14,63,33,540,2021,"SHIKARI KUNTA, SHAIKPET, HYDERABAD"
5044.0,"SUDALAVANI KUNTA (SUNNAM CHERUVU), ALLAHPUR, BALANAGAR, MEDCHAL - MALKAGIRI",LAKE,TELANGANA,28.0,41.0,0.3,1.0,7.1,7.8,944,1592,5.0,14.0,0.30,14.20,21,63,430,540,2021,"SUDALAVANI KUNTA (SUNNAM CHERUVU), ALLAHPUR, BALANAGAR, MEDCHAL - MALKAGIRI"
4685.0,SURISIGAL LAKE ICRISAT,LAKE,TELANGANA,24.0,25.0,5.8,6.7,6.9,7.4,418,838,2.1,3.4,4.13,7.13,12,27,130,280,2021,SURISIGAL LAKE ICRISAT
4667.0,"SURRAM CHERUVU (PALLE CHERUVU), BANDLAGUDA (V), BANDLAGUDA (NEW MANDAL)",LAKE,TELANGANA,23.0,33.0,0.3,1.0,6.9,7.9,977,2360,6.0,16.0,4.50,19.00,27,73,350,540,2021,"SURRAM CHERUVU (PALLE CHERUVU), BANDLAGUDA (V), BANDLAGUDA (NEW MANDAL)"
5037.0,"TIRUMALAGIRI TANK, TIRUMALAGIRI, HYDERABAD",LAKE,TELANGANA,29.0,38.0,0.3,0.3,7.1,8.4,1289,1558,6.0,12.0,0.30,14.20,21,33,430,540,2021,"TIRUMALAGIRI TANK, TIRUMALAGIRI, HYDERABAD"
4234.0,"UMDA SAGAR LAKE, SHAMSHABAD",LAKE,TELANGANA,27.0,35.0,0.3,3.7,6.9,8.4,813,1020,2.1,8.0,0.30,7.40,7,57,120,430,2021,"UMDA SAGAR LAKE, SHAMSHABAD"
5050.0,"VENNA CHERUVU, JEEDIMETLA, QUTUBULLAPUR, MEDCHAL – MALKAGIRI",LAKE,TELANGANA,27.0,30.0,0.3,3.1,7.1,7.8,1312,1604,5.0,16.0,7.80,52.00,9,63,130,540,2021,"VENNA CHERUVU, JEEDIMETLA, QUTUBULLAPUR, MEDCHAL – MALKAGIRI"
5042.0,"YELLAMMA CHERUVU, KUKATPALLY, MEDCHAL - MALKAGIRI",LAKE,TELANGANA,27.0,28.0,0.3,3.0,7.0,8.1,1027,2250,5.8,20.0,0.60,37.00,27,63,220,920,2021,"YELLAMMA CHERUVU, KUKATPALLY, MEDCHAL - MALKAGIRI"
5031.0,"YERRA KUNTA, SHAIKPET, HYDERABAD",LAKE,TELANGANA,22.0,29.0,0.3,3.8,7.2,8.0,740,1352,4.0,19.0,0.90,8.60,2,57,220,920,2021,"YERRA KUNTA, SHAIKPET, HYDERABAD"
3076.0,"AMBER CHERUVU, KUKATPALLY, RANGA REDDY",POND,TELANGANA,25.0,29.0,0.3,0.3,7.3,8.2,925,1500,7.8,12.0,2.00,6.40,33,79,350,430,2021,"AMBER CHERUVU, KUKATPALLY, RANGA REDDY"
2347.0,"ASANI KUNTA, KAJIPALLY, MEDAK",POND,TELANGANA,19.0,24.0,0.3,1.3,6.4,7.3,4750,15300,31.0,350.0,24.37,46.37,6,14,170,540,2021,"ASANI KUNTA, KAJIPALLY, MEDAK"
2346.0,"BHADRAKALI CHERUVU, BHADRAKALI TEMPLE, WARANGAL",POND,TELANGANA,27.0,28.0,4.1,5.9,7.6,8.5,537,901,2.1,4.0,0.80,2.20,2,27,11,220,2021,"BHADRAKALI CHERUVU, BHADRAKALI TEMPLE, WARANGAL"
2357.0,DURGAM CHERUVU,POND,TELANGANA,26.0,30.0,2.0,3.6,7.3,8.5,705,944,2.4,6.0,0.80,5.40,7,57,240,430,2021,DURGAM CHERUVU
3077.0,"KAPRA CHERUVU, KAPRA, RANGA REDDY",POND,TELANGANA,21.0,29.0,0.6,3.2,7.0,8.3,1225,1609,3.2,8.0,1.00,4.60,15,53,210,540,2021,"KAPRA CHERUVU, KAPRA, RANGA REDDY"
4675.0,"LOTUS POND, HAKIMPET (V), SHAIK PET (NEW MANDAL)",POND,TELANGANA,25.0,35.0,3.0,5.1,6.9,8.6,589,873,2.2,4.0,1.00,10.80,2,43,120,430,2021,"LOTUS POND, HAKIMPET (V), SHAIK PET (NEW MANDAL)"
2344.0,"NALLA CHERUVU, RANGAREDDY",POND,TELANGANA,26.0,28.0,0.3,1.2,7.4,8.3,1046,1753,6.0,10.0,0.30,4.80,21,47,430,540,2021,"NALLA CHERUVU, RANGAREDDY"
4665.0,"OUTLET OF KTPP ASH POND JOINING TO MORANCHA VAGU, CHELPUR, GHANPUR",POND,TELANGANA,27.0,28.0,3.0,5.4,7.2,8.4,566,996,2.1,3.9,0.30,1.80,2,4,10,130,2021,"OUTLET OF KTPP ASH POND JOINING TO MORANCHA VAGU, CHELPUR, GHANPUR"
2359.0,PEDDA CHERUVU,POND,TELANGANA,26.0,30.0,0.3,1.2,7.2,8.5,1163,1665,6.0,12.0,2.40,26.00,33,63,430,920,2021,PEDDA CHERUVU
4236.0,PEDDA CHERUVU (NACHARAM CHERUVU),POND,TELANGANA,20.0,29.0,1.0,2.0,7.4,7.9,1144,1605,4.0,6.0,10.20,28.80,43,58,430,540,2021,PEDDA CHERUVU (NACHARAM CHERUVU)
3078.0,"PRAGATHINAGAR CHERUVU, KUKATPALLY, RANGA REDDY",POND,TELANGANA,25.0,29.0,0.3,1.8,7.2,8.0,1020,1505,4.2,15.0,1.60,9.00,4,47,350,540,2021,"PRAGATHINAGAR CHERUVU, KUKATPALLY, RANGA REDDY"
3075.0,"RANGADHAMUNI CHERUVU, RANGA REDDY",POND,TELANGANA,24.0,28.0,0.3,2.2,7.2,8.4,628,1679,4.0,11.0,1.10,7.60,11,63,350,540,2021,"RANGADHAMUNI CHERUVU, RANGA REDDY"
2345.0,"SAI CHERUVU, NEAR TANNERY INDUSTRIES, DESAIPET, WARANGAL",POND,TELANGANA,27.0,28.0,0.3,3.0,7.5,8.5,1450,7050,4.0,32.0,1.10,14.00,2,31,120,350,2021,"SAI CHERUVU, NEAR TANNERY INDUSTRIES, DESAIPET, WARANGAL"
4238.0,"AMEENPUR CHERUVU, AMEENPUR (V & M) SANGAREDDY DISTRICT",TANK,TELANGANA,24.0,26.0,5.0,6.0,6.5,7.5,998,1347,3.2,6.0,9.13,13.17,4,12,79,170,2021,"AMEENPUR CHERUVU, AMEENPUR (V & M) SANGAREDDY DISTRICT"
1464.0,BIBINAGAR TANK,TANK,TELANGANA,18.0,22.0,5.0,6.2,7.1,7.5,598,1004,2.2,4.5,5.11,12.12,4,12,36,49,2021,BIBINAGAR TANK
4703.0,"BULBUL KUNTA, LAXMI NAGAR (V), RAJENDRANAGAR",TANK,TELANGANA,26.0,33.0,0.3,0.3,7.0,8.4,1305,2234,7.4,19.0,2.80,23.00,25,84,350,920,2021,"BULBUL KUNTA, LAXMI NAGAR (V), RAJENDRANAGAR"
3085.0,"CHINNA WADDEPALLY TANK, WARANGAL",TANK,TELANGANA,28.0,28.0,0.3,4.6,7.0,8.4,706,1355,3.8,18.0,1.40,12.00,13,47,110,540,2021,"CHINNA WADDEPALLY TANK, WARANGAL"
4241.0,"CHITKUL TANK, CHITKUL (V) PATANCHERU (M) SANGAREDDY DISTRICT",TANK,TELANGANA,26.0,26.0,4.6,6.3,6.7,7.5,795,1687,3.2,6.0,10.10,15.13,4,11,49,140,2021,"CHITKUL TANK, CHITKUL (V) PATANCHERU (M) SANGAREDDY DISTRICT"
1447.0,DHARMASAGAR TANK NEAR WARANGAL,TANK,TELANGANA,27.0,29.0,5.1,6.2,7.9,8.5,253,502,2.0,2.1,0.30,2.60,2,17,14,280,2021,DHARMASAGAR TANK NEAR WARANGAL
4233.0,"GADDAPOTHARAM CHERUVU, GADDAPOTHARAM VILLAGE, JINNARAM MANDAL, SANGAREDDY DIST",TANK,TELANGANA,24.0,34.0,4.0,5.4,6.7,7.4,3530,5140,10.0,15.0,10.15,24.18,12,27,110,240,2021,"GADDAPOTHARAM CHERUVU, GADDAPOTHARAM VILLAGE, JINNARAM MANDAL, SANGAREDDY DIST"
1780.0,"GANDIGUDEM TANK , MEDAK DISTRICT",TANK,TELANGANA,19.0,24.0,5.0,6.2,6.8,7.5,1140,1802,5.2,8.0,9.13,14.20,4,10,70,140,2021,"GANDIGUDEM TANK , MEDAK DISTRICT"
4228.0,"IBRAHIM CHERUVU, RAJENDRA NAGAR",TANK,TELANGANA,26.0,33.0,0.3,1.2,7.1,8.4,992,2097,5.6,20.0,2.40,14.60,11,63,350,540,2021,"IBRAHIM CHERUVU, RAJENDRA NAGAR"
4243.0,"ISNAPUR TANK, ISNAPUR (V) PATANCHERU 9M) SANGAREDDY DISTRICT",TANK,TELANGANA,24.0,25.0,3.7,5.4,6.8,7.5,2186,5400,8.0,22.0,13.18,23.28,13,20,110,280,2021,"ISNAPUR TANK, ISNAPUR (V) PATANCHERU 9M) SANGAREDDY DISTRICT"
4225.0,"JOGULAMBA TEMPLE, GADWAL",TANK,TELANGANA,22.0,30.0,3.6,6.0,7.3,8.2,471,1488,2.1,4.2,1.20,3.70,2,33,17,430,2021,"JOGULAMBA TEMPLE, GADWAL"
2348.0,"KAJIPALLY TANK, KAJIPALLY, MEDAK",TANK,TELANGANA,20.0,25.0,4.0,5.6,7.0,7.3,1428,3964,5.0,10.0,12.20,21.15,2,8,39,63,2021,"KAJIPALLY TANK, KAJIPALLY, MEDAK"
4230.0,"KISTAIPALLY TANK, KAZIPET, WARANGAL",TANK,TELANGANA,25.0,34.0,4.1,5.4,7.2,7.5,2248,4810,5.4,6.6,12.12,16.10,6,9,63,150,2021,"KISTAIPALLY TANK, KAZIPET, WARANGAL"
1783.0,"KISTAREDDYPET TANK , MEDAK DIST.",TANK,TELANGANA,19.0,23.0,5.0,6.2,6.6,7.6,1624,2895,5.4,9.5,13.10,26.10,2,8,38,84,2021,"KISTAREDDYPET TANK , MEDAK DIST."
4232.0,"KOMATI CHERUVU, SIDDIPET TOWN, SIDIPET DISTRICT",TANK,TELANGANA,25.0,34.0,5.4,6.5,7.0,7.5,495,893,2.7,23.0,5.07,11.10,2,6,31,47,2021,"KOMATI CHERUVU, SIDDIPET TOWN, SIDIPET DISTRICT"
4248.0,"KOTI CHERUVU, HANAMKONDA, WARANGAL",TANK,TELANGANA,27.0,28.0,1.5,4.0,6.8,8.4,788,1090,2.1,6.0,2.20,5.20,2,27,21,430,2021,"KOTI CHERUVU, HANAMKONDA, WARANGAL"
4242.0,"LAKADARAM CHERUVU, LAKADARAM (V) PATANCHERU (M) SANGAREDDY DISTRICT",TANK,TELANGANA,25.0,26.0,4.3,5.8,7.0,7.4,585,1439,4.0,6.0,3.10,14.17,4,9,43,94,2021,"LAKADARAM CHERUVU, LAKADARAM (V) PATANCHERU (M) SANGAREDDY DISTRICT"
4700.0,"LARGE TANK, SAROORNAGAR (V)",TANK,TELANGANA,28.0,35.0,0.3,0.3,7.1,8.3,1244,1615,12.0,22.0,1.80,18.00,15,47,120,540,2021,"LARGE TANK, SAROORNAGAR (V)"
4239.0,MAHABOOBSAGAR TANK SANGAREDDY (V & M) SANGAREDDY DISTRICT,TANK,TELANGANA,24.0,25.0,5.0,6.3,6.8,7.5,570,1347,4.0,6.0,6.12,11.18,6,10,58,170,2021,MAHABOOBSAGAR TANK SANGAREDDY (V & M) SANGAREDDY DISTRICT
2358.0,MALLAPUR TANK,TANK,TELANGANA,25.0,27.0,0.3,0.3,7.0,8.2,1724,2496,7.6,18.0,0.70,14.60,17,94,350,540,2021,MALLAPUR TANK
4245.0,MALLEPALLY TANK MALLEPALLY (V) KONDAPUR (M) SANGAREDDY DISTRICT,TANK,TELANGANA,24.0,24.0,5.4,6.4,6.9,7.4,642,1457,2.1,5.0,6.10,12.13,6,12,47,70,2021,MALLEPALLY TANK MALLEPALLY (V) KONDAPUR (M) SANGAREDDY DISTRICT
4247.0,"MUCHARLA NAGARAM CHERUVU, WARANGAL",TANK,TELANGANA,27.0,29.0,2.6,5.7,7.4,8.6,420,1221,2.1,4.0,0.60,6.80,7,34,150,350,2021,"MUCHARLA NAGARAM CHERUVU, WARANGAL"
4237.0,"MULLAKATWA CHERUVU, JI TECH CITY, MADHAPUR,",TANK,TELANGANA,28.0,33.0,0.3,0.3,7.0,7.9,921,3030,6.0,14.0,2.50,31.80,17,33,280,1600,2021,"MULLAKATWA CHERUVU, JI TECH CITY, MADHAPUR,"
4240.0,"MUTHANGI TANK, MUTHANGI (V), PATANCHERU (M) SANGAREDDY DISTRICT",TANK,TELANGANA,24.0,26.0,4.5,6.2,6.8,7.5,420,1709,2.2,5.7,4.10,12.11,2,7,26,70,2021,"MUTHANGI TANK, MUTHANGI (V), PATANCHERU (M) SANGAREDDY DISTRICT"
4704.0,"PEDDA CHERUVU, MANSOORABAD (V), SAROORNAGAR",TANK,TELANGANA,27.0,35.0,0.3,4.6,6.9,8.4,427,1178,2.1,8.0,1.40,6.00,4,58,220,430,2021,"PEDDA CHERUVU, MANSOORABAD (V), SAROORNAGAR"
2343.0,"PREMAJIPET TANK, KATTEDAN, RANGAREDDY",TANK,TELANGANA,24.0,29.0,0.3,2.6,7.4,8.4,1921,4320,5.2,26.0,2.40,12.00,4,21,280,540,2021,"PREMAJIPET TANK, KATTEDAN, RANGAREDDY"
4249.0,"RANGASAMUDRAM, WARANGAL",TANK,TELANGANA,27.0,29.0,1.7,3.7,7.1,8.6,606,1306,2.1,10.0,0.40,5.60,2,27,120,430,2021,"RANGASAMUDRAM, WARANGAL"
4231.0,"RAYAM CHERUVU, BONTHAPALLY VILLAGE, JINNARAM MANDAL, SANGAREDDY DISTRICT",TANK,TELANGANA,24.0,34.0,4.6,5.8,7.1,7.4,480,1325,2.5,4.0,4.10,10.20,2,9,27,47,2021,"RAYAM CHERUVU, BONTHAPALLY VILLAGE, JINNARAM MANDAL, SANGAREDDY DISTRICT"
4302.0,"RUDRARAM TANK, RUDRARAM (V)PATANCHERU (M) SANGAREDDY DISTRICT",TANK,TELANGANA,24.0,25.0,5.1,6.4,6.6,7.5,1023,1898,3.5,6.0,7.10,15.10,2,8,47,84,2021,"RUDRARAM TANK, RUDRARAM (V)PATANCHERU (M) SANGAREDDY DISTRICT"
3086.0,"SAKI TANK, PATANCHERU, RANGA REDDY",TANK,TELANGANA,18.0,23.0,5.2,6.6,6.8,7.5,689,1180,3.0,6.2,6.16,14.10,6,11,34,48,2021,"SAKI TANK, PATANCHERU, RANGA REDDY"
4689.0,"SUNNAM KUNTA, JUBILLE HILLS",TANK,TELANGANA,23.0,29.0,1.8,6.6,6.7,8.5,344,820,2.1,8.0,0.80,8.10,7,27,150,430,2021,"SUNNAM KUNTA, JUBILLE HILLS"
3084.0,"WADDEPALLY TANK, KAZIPET, WARANGAL",TANK,TELANGANA,28.0,29.0,4.1,6.3,7.6,8.5,350,644,2.1,3.0,0.50,2.60,2,26,26,350,2021,"WADDEPALLY TANK, KAZIPET, WARANGAL"
4244.0,"YERDANOOR TANK, YERDANOOR (V) SANGAREDDY DISTRICT",TANK,TELANGANA,24.0,25.0,5.2,6.6,6.7,7.5,5,1437,2.2,5.0,9.10,15.15,8,12,43,84,2021,"YERDANOOR TANK, YERDANOOR (V) SANGAREDDY DISTRICT"
3391.0,"DHAMBUR LAKE, DHALAI",LAKE,TRIPURA,18.0,28.5,5.1,5.9,7.0,7.4,155,200,1.0,1.6,0.72,3.00,17,58,94,220,2021,"DHAMBUR LAKE, DHALAI"
4193.0,"DIMASAGAR LAKE, NORTH GATE",LAKE,TRIPURA,19.0,30.0,5.2,5.9,6.6,7.3,121,198,1.0,2.2,0.55,3.08,21,63,140,280,2021,"DIMASAGAR LAKE, NORTH GATE"
1727.0,"LAXMI NARAYAN BARI PALACE COMPOUND, TRIPURA",LAKE,TRIPURA,19.0,29.0,5.2,6.4,7.1,7.5,124,211,1.0,1.5,0.58,2.94,13,58,79,210,2021,"LAXMI NARAYAN BARI PALACE COMPOUND, TRIPURA"
4192.0,MBB COLLEGE LAKE,LAKE,TRIPURA,19.0,30.0,5.2,6.2,6.9,7.5,137,198,1.0,1.8,0.48,2.55,22,41,120,210,2021,MBB COLLEGE LAKE
4643.0,RUDRASAGAR EAST LAKE TRIPURA,LAKE,TRIPURA,18.0,29.0,5.2,6.3,7.1,7.5,152,203,1.0,1.9,0.74,2.73,21,58,94,220,2021,RUDRASAGAR EAST LAKE TRIPURA
4642.0,"RUDRASAGAR NORTH LAKE,TRIPURA",LAKE,TRIPURA,18.0,29.0,5.3,6.9,6.9,7.3,148,206,1.4,2.3,0.72,3.50,27,84,150,280,2021,"RUDRASAGAR NORTH LAKE,TRIPURA"
4644.0,RUDRASAGAR WEST LAKE TRIPURA,LAKE,TRIPURA,18.0,29.0,5.6,6.5,7.0,7.7,129,181,1.0,2.1,0.73,2.73,25,63,150,280,2021,RUDRASAGAR WEST LAKE TRIPURA
1728.0,"RUDRASAGAR, SONUMURA, TRIPURA",LAKE,TRIPURA,19.0,28.5,5.1,5.8,6.6,7.5,132,187,1.1,1.7,1.07,3.06,31,49,170,240,2021,"RUDRASAGAR, SONUMURA, TRIPURA"
3393.0,"BRAMAKUNDA POND, WEST TRIPURA",POND,TRIPURA,19.0,28.5,5.4,6.5,6.9,7.5,157,228,1.0,1.8,1.00,2.48,17,48,84,170,2021,"BRAMAKUNDA POND, WEST TRIPURA"
4197.0,CHATURDASH DEBATA BARI POND,POND,TRIPURA,18.5,29.0,5.6,6.7,6.7,7.3,139,194,1.0,1.8,0.67,2.39,17,46,84,170,2021,CHATURDASH DEBATA BARI POND
4195.0,DURGABARI POND,POND,TRIPURA,18.5,30.0,5.0,6.1,6.2,7.3,142,198,1.0,1.9,0.70,2.49,15,48,63,210,2021,DURGABARI POND
3396.0,"JAGANNATH DIGHI, SOUTH TRIPURA",POND,TRIPURA,19.0,29.5,5.2,6.2,6.9,7.3,143,201,1.0,2.2,0.71,3.08,17,58,84,210,2021,"JAGANNATH DIGHI, SOUTH TRIPURA"
3394.0,"KALYANSAGAR AT MATARBARI, SOUTH TRIPURA",POND,TRIPURA,19.5,29.5,5.1,6.8,7.0,7.7,141,220,1.5,2.6,1.54,4.00,33,93,140,280,2021,"KALYANSAGAR AT MATARBARI, SOUTH TRIPURA"
4221.0,KATAL DIGHI POND,POND,TRIPURA,18.0,29.0,5.1,6.0,6.9,7.5,143,191,1.1,1.6,0.61,2.48,27,47,110,210,2021,KATAL DIGHI POND
4194.0,LALBAHADUR DIGHI POND,POND,TRIPURA,19.0,30.0,5.1,5.9,6.8,7.4,135,198,1.0,1.9,0.58,2.40,17,47,110,220,2021,LALBAHADUR DIGHI POND
3395.0,"MAHADEB DIGHI, SOUTH TRIPURA",POND,TRIPURA,19.0,29.0,5.4,6.8,6.9,7.4,134,192,1.0,1.5,0.72,2.39,17,63,94,240,2021,"MAHADEB DIGHI, SOUTH TRIPURA"
4196.0,RADHANAGAR POND,POND,TRIPURA,19.5,30.0,1.2,6.2,6.4,8.0,147,216,3.1,11.0,0.89,6.60,47,94,210,430,2021,RADHANAGAR POND
3392.0,"SHIPAHIJALA POND, WEST TRIPURA",POND,TRIPURA,19.0,29.0,5.0,5.9,6.6,7.2,128,192,1.1,1.9,0.68,2.90,17,58,84,210,2021,"SHIPAHIJALA POND, WEST TRIPURA"
1364.0,"RAMGARH LAKE, U.P.",LAKE,UTTAR PRADESH,17.0,24.0,7.8,8.8,8.1,9.0,468,539,5.2,6.8,-,-,30000,40000,55000,64000,2021,"RAMGARH LAKE, U.P."
2499.0,"SAMARPUR JHEEL, RAEBARELI",LAKE,UTTAR PRADESH,19.0,26.0,5.8,7.0,7.6,8.2,251,371,4.0,5.0,0.80,0.92,3600,4300,6300,7900,2021,"SAMARPUR JHEEL, RAEBARELI"
2501.0,"LAXMI POND, JHANSI",POND,UTTAR PRADESH,18.0,22.0,4.5,5.8,7.2,8.4,624,629,6.0,15.0,-,-,-,-,-,-,2021,"LAXMI POND, JHANSI"
2500.0,"MAAHIL POND, URAI TEHSIL, JALAUN",POND,UTTAR PRADESH,18.0,23.2,1.2,4.7,7.5,8.9,1190,1336,16.0,32.0,-,-,4300,4300,6300,6300,2021,"MAAHIL POND, URAI TEHSIL, JALAUN"
3437.0,BHEEMTAL LAKE,LAKE,UTTARAKHAND,11.0,23.0,7.4,9.0,7.2,8.0,160,210,1.0,1.6,0.32,0.37,70,170,210,540,2021,BHEEMTAL LAKE
1362.0,NAINI LAKE AT NAINITAL (WATER INTAKE POINT),LAKE,UTTARAKHAND,9.0,22.0,7.6,9.6,7.2,7.8,370,440,1.0,2.0,0.32,0.36,140,350,350,920,2021,NAINI LAKE AT NAINITAL (WATER INTAKE POINT)
2539.0,"BELBONI LAKE NEAR BARJORA, BANKURA",LAKE,WEST BENGAL,19.0,30.0,7.7,8.6,7.0,8.1,141,195,1.2,1.7,0.30,0.30,1100,2200,1400,3900,2021,"BELBONI LAKE NEAR BARJORA, BANKURA"
2505.0,"HANUMAN GHAT ON DUDHPUKUR AT TARAKESHWAR, HOOGHLY",LAKE,WEST BENGAL,22.5,34.0,4.0,13.1,7.8,8.7,568,763,3.2,8.5,0.35,0.72,3300,35000,4900,54000,2021,"HANUMAN GHAT ON DUDHPUKUR AT TARAKESHWAR, HOOGHLY"
2503.0,"HATISHALA GHAT ON DUDHPUKUR AT TARAKESHWAR, HOOGHLY",LAKE,WEST BENGAL,22.5,34.0,4.5,10.9,7.5,8.6,567,868,3.2,6.9,0.30,0.80,1400,92000,3300,160000,2021,"HATISHALA GHAT ON DUDHPUKUR AT TARAKESHWAR, HOOGHLY"
4729.0,JOREPOKHARI LAKE AT SUKHIAPOKHARI,LAKE,WEST BENGAL,6.0,24.0,5.5,7.8,6.9,7.9,20,97,1.0,1.8,0.30,0.30,60,5000,110,13000,2021,JOREPOKHARI LAKE AT SUKHIAPOKHARI
2519.0,"KOCHBIHAR LAKE (SAGAR DIGHI), COOCHBEHAR",LAKE,WEST BENGAL,21.0,30.0,6.8,8.2,6.7,7.6,32,68,1.0,2.2,0.30,0.30,400,5000,1300,13000,2021,"KOCHBIHAR LAKE (SAGAR DIGHI), COOCHBEHAR"
4720.0,LAKE RASIKBHEEL AT COOCHBEHAR,LAKE,WEST BENGAL,19.0,33.0,6.8,8.9,6.7,8.4,32,128,1.4,2.1,0.30,0.30,170,2600,700,9000,2021,LAKE RASIKBHEEL AT COOCHBEHAR
2504.0,"MAINH GHAT ON DUDHPUKUR AT TARAKESHWAR, HOOGHLY",LAKE,WEST BENGAL,22.5,34.0,3.8,12.0,7.6,8.7,569,775,3.6,7.2,0.30,0.90,13000,240000,23000,540000,2021,"MAINH GHAT ON DUDHPUKUR AT TARAKESHWAR, HOOGHLY"
2520.0,"MIRIKH LAKE, DARJEELING",LAKE,WEST BENGAL,4.0,24.0,5.8,6.9,6.5,8.0,67,196,1.8,2.8,0.30,0.32,2100,5000,5000,14000,2021,"MIRIKH LAKE, DARJEELING"
1765.0,"RABINDRASAROVAR NATIONAL LAKE, CALCUTTA, WEST BENGAL",LAKE,WEST BENGAL,22.0,31.0,5.2,9.7,7.2,8.5,252,826,1.8,4.1,0.30,1.90,330,790,1100,1700,2021,"RABINDRASAROVAR NATIONAL LAKE, CALCUTTA, WEST BENGAL"
2544.0,SAHEBBANDH AT PURULIA,LAKE,WEST BENGAL,22.0,32.0,8.8,9.8,7.0,7.6,311,422,2.7,7.3,0.30,0.80,3100,9400,4300,12000,2021,SAHEBBANDH AT PURULIA
2522.0,SINCHAL LAKE FOR DARJEELING,LAKE,WEST BENGAL,7.0,16.0,7.1,8.1,6.9,7.6,13,29,1.0,1.1,0.30,0.30,70,110,110,210,2021,SINCHAL LAKE FOR DARJEELING
2521.0,"WATER RESERVIOR AT DELO LAKE, DARJELLING",LAKE,WEST BENGAL,9.0,24.0,7.2,8.2,6.9,7.6,20,36,1.0,1.8,0.30,0.30,60,130,110,330,2021,"WATER RESERVIOR AT DELO LAKE, DARJELLING"
4725.0,WATER RESERVIOR ST. HELENS SCHOOL,LAKE,WEST BENGAL,8.0,18.0,7.1,8.5,6.9,7.9,16,73,1.0,1.6,0.30,0.30,70,110,110,330,2021,WATER RESERVIOR ST. HELENS SCHOOL
5159.0,"GARGEYAPURAM LAKE GARGEYAPURAM (V), KURNOOL (M)",LAKE,ANDHRA PRADESH,22,27,3.9,6.5,7.1,7.9,374,1370,1.5,3.7,0.33,5.90,214,525,816,1733,2022,"GARGEYAPURAM LAKE GARGEYAPURAM (V), KURNOOL (M)"
4368.0,"KOLLERU LAKE, KOKKIRAYALANKA (V), KAILALUR (M)",LAKE,ANDHRA PRADESH,18,29,3.2,8.7,7.2,8.6,215,1800,1.6,6.1,0.69,2.79,7,21,210,460,2022,"KOLLERU LAKE, KOKKIRAYALANKA (V), KAILALUR (M)"
2353.0,"KONDAKARLA-AAVA LAKE, KONDAKARLA, VISHAKHAPATNAM",LAKE,ANDHRA PRADESH,26,29,3.4,6.4,7.1,8.5,402,888,2.4,4.8,1.12,2.42,7,39,150,240,2022,"KONDAKARLA-AAVA LAKE, KONDAKARLA, VISHAKHAPATNAM"
5147.0,"PALASAMUDRAM LAKE, PALASAMUDRAM (V), PENUKONDA (M)",LAKE,ANDHRA PRADESH,23,27,5.1,6.1,6.6,7.8,322,535,1.5,2.2,0.32,1.26,89,388,491,1046,2022,"PALASAMUDRAM LAKE, PALASAMUDRAM (V), PENUKONDA (M)"
1790.0,"PULICATE LAKE, SRIHARI KOTA, SULLURUPETA (M)",LAKE,ANDHRA PRADESH,18,22,5.7,6.8,7.4,8.1,31100,42200,2.6,2.9,1.11,1.78,3,62,75,689,2022,"PULICATE LAKE, SRIHARI KOTA, SULLURUPETA (M)"
5156.0,"BRAHMAIAHLINGAM CHERUVU AT NARASINGAPALEM (V), AGIRIPALLI?(M)",TANK,ANDHRA PRADESH,24,24,6.6,7.7,7.2,8.0,699,990,2.4,2.9,1.40,2.04,3,343,75,1380,2022,"BRAHMAIAHLINGAM CHERUVU AT NARASINGAPALEM (V), AGIRIPALLI?(M)"
4391.0,"CHENGAMBAKAM TANK IN SRI CITY SEZ, IRUGULAM (V)",TANK,ANDHRA PRADESH,22,29,5.2,6.3,7.0,7.9,196,502,1.0,2.0,0.32,3.12,104,258,258,980,2022,"CHENGAMBAKAM TANK IN SRI CITY SEZ, IRUGULAM (V)"
5150.0,"NELLORE SWARNALA CHERUVU (NELLORE TANK),NEAR BARASHAHID DARGHA, NELLORE TOWN",TANK,ANDHRA PRADESH,17,21,6.2,7.5,7.5,8.3,982,1286,2.5,2.9,0.45,4.46,3,176,120,680,2022,"NELLORE SWARNALA CHERUVU (NELLORE TANK),NEAR BARASHAHID DARGHA, NELLORE TOWN"
4921.0,"ANNAMAYYA PROJECT ON CHEYYERU RESERVOIR, RAJAMPET",WETLAND,ANDHRA PRADESH,19,29,5.1,6.6,7.5,8.0,510,720,1.2,2.3,0.32,0.79,97,368,403,914,2022,"ANNAMAYYA PROJECT ON CHEYYERU RESERVOIR, RAJAMPET"
4936.0,"ANUMULA PALLY CHERUVU, ANUMULA PALLY (V),RACHERLA (M)",WETLAND,ANDHRA PRADESH,22,26,6.4,7.6,7.3,8.4,247,480,1.8,2.6,0.92,2.05,3,29,64,240,2022,"ANUMULA PALLY CHERUVU, ANUMULA PALLY (V),RACHERLA (M)"
4919.0,"BRAHMAMSAGAR, KANDIMALLAYAPALLI (V)",WETLAND,ANDHRA PRADESH,21,27,5.4,6.5,7.0,8.0,406,603,1.0,2.2,0.32,1.12,102,243,436,816,2022,"BRAHMAMSAGAR, KANDIMALLAYAPALLI (V)"
,", BRAHMAMGARI MATTAM (M)",,,,,,,,,,,,,,,,,,,2022,", BRAHMAMGARI MATTAM (M)"
4926.0,"DALI TANK,VEMULADA (V), TEKKALI (M)",WETLAND,ANDHRA PRADESH,24,32,2.9,7.5,7.4,8.2,279,804,1.7,10.2,0.51,2.42,4,20,75,460,2022,"DALI TANK,VEMULADA (V), TEKKALI (M)"
4931.0,"GACHAKAYALA PORA (LAKE), GACHAKAYALA PORA (V), KATRENIKONA (M)",WETLAND,ANDHRA PRADESH,26,36,6.4,8.0,7.1,8.7,2182,56100,1.6,2.6,0.55,8.05,3,15,93,240,2022,"GACHAKAYALA PORA (LAKE), GACHAKAYALA PORA (V), KATRENIKONA (M)"
4917.0,"GANGINENI CHERUVU, CHITTOOR TOWN",WETLAND,ANDHRA PRADESH,15,30,4.0,6.1,6.8,7.7,893,1203,1.3,3.5,0.32,3.59,244,689,866,1986,2022,"GANGINENI CHERUVU, CHITTOOR TOWN"
4934.0,"INTERU SWAMPS, INTERU (V), BANTUMILLI (M)",WETLAND,ANDHRA PRADESH,25,26,6.1,6.6,7.5,8.1,14950,31200,2.7,2.9,0.95,1.69,3,22,75,423,2022,"INTERU SWAMPS, INTERU (V), BANTUMILLI (M)"
4918.0,"KATTAMANCHI CHERUVU, NEAR NEW RTC BUS STAND, CHITTOOR TOWN",WETLAND,ANDHRA PRADESH,16,28,4.1,6.2,6.8,7.6,701,1172,1.2,3.7,0.46,3.76,226,479,686,1733,2022,"KATTAMANCHI CHERUVU, NEAR NEW RTC BUS STAND, CHITTOOR TOWN"
4933.0,"KRISHNA MANGROVES, KARA AGRAHARAM (V), MACHILIPATNAM (M)",WETLAND,ANDHRA PRADESH,25,26,5.8,6.7,7.2,7.9,23000,39200,2.6,2.9,0.74,1.76,3,16,47,260,2022,"KRISHNA MANGROVES, KARA AGRAHARAM (V), MACHILIPATNAM (M)"
4929.0,"LAGOON, NEAR UPPALANKA MUDFLATS,MAHALAKSH MI NAGAR, KAKINADA",WETLAND,ANDHRA PRADESH,24,26,5.0,7.5,6.8,8.1,1859,47070,2.2,3.0,1.04,3.61,3,9,21,210,2022,"LAGOON, NEAR UPPALANKA MUDFLATS,MAHALAKSH MI NAGAR, KAKINADA"
4916.0,"MID PENNAR RESERVOIR, PENAKACHERLA (V), GARLADINNE (M)",WETLAND,ANDHRA PRADESH,22,27,5.3,6.4,7.2,8.2,364,490,1.0,2.3,0.32,0.74,118,293,365,722,2022,"MID PENNAR RESERVOIR, PENAKACHERLA (V), GARLADINNE (M)"
4925.0,"NAUPADA SWAMPS, MEGHAVARAM (V), SANTHABOMMALI (M)",WETLAND,ANDHRA PRADESH,24,31,3.2,7.3,7.0,8.4,415,51700,1.1,3.2,0.53,2.33,4,15,48,240,2022,"NAUPADA SWAMPS, MEGHAVARAM (V), SANTHABOMMALI (M)"
4930.0,"P.E CHINNAYAPALEM CHERUVU, P.E CHINNAYAPALEM (V),TONDANGI (M)",WETLAND,ANDHRA PRADESH,25,27,5.0,8.2,7.4,8.4,593,1446,1.8,3.6,0.57,3.89,3,11,11,210,2022,"P.E CHINNAYAPALEM CHERUVU, P.E CHINNAYAPALEM (V),TONDANGI (M)"
4915.0,"PATHAKOTHA CHERUVU, PATHAKOTHA (V), GUNTAKAL (M)",WETLAND,ANDHRA PRADESH,21,27,4.2,6.2,7.3,8.0,746,2453,1.2,3.7,0.32,1.88,228,914,579,2420,2022,"PATHAKOTHA CHERUVU, PATHAKOTHA (V), GUNTAKAL (M)"
4924.0,"PATHATEKKALI CHERUVU (PEDDA CHERUVU), PATHATEKKALI (V), VAJRAPUKOTTURU (M)",WETLAND,ANDHRA PRADESH,24,32,4.3,8.0,7.3,8.4,212,8710,1.0,6.2,0.55,1.88,9,21,120,240,2022,"PATHATEKKALI CHERUVU (PEDDA CHERUVU), PATHATEKKALI (V), VAJRAPUKOTTURU (M)"
4928.0,"PEDDA CHERUVU,VIZIANAGARA M TOWN",WETLAND,ANDHRA PRADESH,23,27,0.3,6.5,6.8,8.4,658,2630,5.4,54.0,0.32,4.95,3,43,64,2400,2022,"PEDDA CHERUVU,VIZIANAGARA M TOWN"
4923.0,"SANGAMESWARA BACK WATERS, LIFT IRRIGATION SCHEME, MUCHUMARRI (V), PAGIDYALA(M)",WETLAND,ANDHRA PRADESH,21,26,4.8,6.3,7.0,8.1,389,1370,1.2,2.7,0.43,1.94,142,403,594,1046,2022,"SANGAMESWARA BACK WATERS, LIFT IRRIGATION SCHEME, MUCHUMARRI (V), PAGIDYALA(M)"
4920.0,"SOMASILA BACK WATER, OLD RAMAPURAM (V), VONTIMITTA (M)",WETLAND,ANDHRA PRADESH,21,30,5.1,6.7,7.3,8.0,464,820,1.0,2.8,0.32,1.69,38,330,403,980,2022,"SOMASILA BACK WATER, OLD RAMAPURAM (V), VONTIMITTA (M)"
4927.0,"TATIPUDI RESERVOIR, TATIPUDI (V), GANTYADA (M)",WETLAND,ANDHRA PRADESH,25,29,5.7,8.0,7.1,8.5,218,444,1.2,2.8,0.38,1.75,3,21,39,2400,2022,"TATIPUDI RESERVOIR, TATIPUDI (V), GANTYADA (M)"
4935.0,"UPPALAPADU TANK,UPPALAPADU (V), PEDAKAKANI (M)",WETLAND,ANDHRA PRADESH,23,27,6.1,6.8,7.2,7.8,877,1188,4.0,6.2,2.96,5.88,4,609,380,2938,2022,"UPPALAPADU TANK,UPPALAPADU (V), PEDAKAKANI (M)"
4932.0,"YERRAKALUVA RESERVOIR, KONGUVARIGUDEM (V), JANGAREDDYGUDEM (M)",WETLAND,ANDHRA PRADESH,16,32,5.6,8.6,7.5,8.5,146,401,1.4,4.2,0.32,2.12,3,15,64,240,2022,"YERRAKALUVA RESERVOIR, KONGUVARIGUDEM (V), JANGAREDDYGUDEM (M)"
2207.0,"BOR BEEL AT JAKAI, ASSAM",LAKE,ASSAM,22,24,4.0,7.0,6.8,7.4,140,248,2.1,2.8,0.80,2.00,300,940,720,1600,2022,"BOR BEEL AT JAKAI, ASSAM"
3789.0,"BORDOIBAM BEELMUKH BIRD SANCTUARY, DHEMAJI",LAKE,ASSAM,22,23,4.5,9.4,6.9,7.6,196,298,2.0,2.9,0.90,1.20,300,730,730,1500,2022,"BORDOIBAM BEELMUKH BIRD SANCTUARY, DHEMAJI"
3820.0,"BORSOLA BEEL, SARABBHATTI, GUWAHATI",LAKE,ASSAM,20,33,0.3,2.4,6.8,7.7,430,585,22.6,29.4,2.40,5.80,2100,3900,3900,6400,2022,"BORSOLA BEEL, SARABBHATTI, GUWAHATI"
2220.0,"CHAND DUBI BEEL, CHAND DUBI, ASSAM",LAKE,ASSAM,20,27,4.6,9.0,6.8,7.6,92,153,2.4,2.8,0.80,2.10,360,910,730,2100,2022,"CHAND DUBI BEEL, CHAND DUBI, ASSAM"
2206.0,"DALONI BEEL NEAR JOGIGHOPA, ASSAM",LAKE,ASSAM,23,37,4.8,5.2,7.0,7.6,90,156,2.1,2.8,0.90,1.60,300,610,910,1400,2022,"DALONI BEEL NEAR JOGIGHOPA, ASSAM"
2218.0,"DEEPOR BEEL AT BORAGAON NEAR IASST, GUWAHATI, ASSAM",LAKE,ASSAM,18,32,5.0,7.3,6.8,8.1,224,478,5.0,5.9,2.50,4.00,360,920,910,1600,2022,"DEEPOR BEEL AT BORAGAON NEAR IASST, GUWAHATI, ASSAM"
1529.0,"DEEPOR BEEL NEAR DHARAPUR CHARIALI, GUWAHATI, ASSAM",LAKE,ASSAM,18,32,5.3,7.9,6.8,8.0,223,477,5.1,5.8,2.60,3.80,300,940,910,2000,2022,"DEEPOR BEEL NEAR DHARAPUR CHARIALI, GUWAHATI, ASSAM"
3821.0,"DIPLAI BEEL AT SILGARA, KOKRAJHAR",LAKE,ASSAM,21,37,4.6,5.5,6.7,7.6,103,138,1.8,2.5,0.80,2.10,300,620,720,1300,2022,"DIPLAI BEEL AT SILGARA, KOKRAJHAR"
1263.0,"ELANGABEEL SYSTEM (CONNECTED TO R. KOLONG), ASSAM",LAKE,ASSAM,20,30,4.0,4.8,6.6,7.7,243,302,2.2,2.8,0.70,2.20,360,1100,720,2100,2022,"ELANGABEEL SYSTEM (CONNECTED TO R. KOLONG), ASSAM"
3787.0,"HOLUDUNGA BEEL NEAR GAI NADI/ RIVER AT SOMARAJAN, DHEMA JI",LAKE,ASSAM,22,24,4.2,9.2,6.7,7.8,126,223,2.0,2.8,0.90,2.20,300,720,910,1400,2022,"HOLUDUNGA BEEL NEAR GAI NADI/ RIVER AT SOMARAJAN, DHEMA JI"
4337.0,"KAMALABARI LAKE INSIDE KAMALABARI CHILDREN,S PARK, GELEKY",LAKE,ASSAM,18,33,4.0,6.8,6.6,7.5,49,88,2.3,2.7,0.70,1.10,300,730,360,1500,2022,"KAMALABARI LAKE INSIDE KAMALABARI CHILDREN,S PARK, GELEKY"
3812.0,"KAMALPUR BEEL, KAMALPUR",LAKE,ASSAM,21,28,0.3,3.0,7.1,7.8,953,1076,24.4,29.6,2.30,3.60,300,1500,1400,3500,2022,"KAMALPUR BEEL, KAMALPUR"
3783.0,"MAGURI BEEL, GUIJAN, TINSUKIA",LAKE,ASSAM,22,23,4.0,9.7,6.8,7.6,154,182,2.1,2.7,0.70,2.00,300,720,720,1300,2022,"MAGURI BEEL, GUIJAN, TINSUKIA"
3800.0,MALINI BEEL NEAR INDUTRIAL AREA AT RAMNAGAR,LAKE,ASSAM,21,25,4.0,4.2,6.5,7.7,138,164,2.2,2.9,0.70,1.60,300,730,730,1500,2022,MALINI BEEL NEAR INDUTRIAL AREA AT RAMNAGAR
2205.0,"MER BEEL AT MADHABPUR, ASSAM",LAKE,ASSAM,22,23,4.0,7.2,6.5,7.8,140,180,2.1,2.6,0.50,1.20,300,720,720,1400,2022,"MER BEEL AT MADHABPUR, ASSAM"
3808.0,PARASHALI BEEL AT DEMORIA,LAKE,ASSAM,22,38,4.1,9.7,6.8,7.6,126,186,2.2,2.7,0.80,2.00,300,730,610,1500,2022,PARASHALI BEEL AT DEMORIA
3798.0,SAMAGURI BEEL IN NAGAON DISTRICT,LAKE,ASSAM,19,30,4.0,8.0,6.5,7.6,87,131,2.3,2.6,0.80,4.00,360,720,910,1400,2022,SAMAGURI BEEL IN NAGAON DISTRICT
2215.0,"SARAN BEEL, ASSAM",LAKE,ASSAM,21,32,4.0,9.5,6.8,7.6,78,122,2.1,2.8,0.80,1.80,300,720,720,1500,2022,"SARAN BEEL, ASSAM"
3814.0,"SILSAKO BEEL, CHACHAL, GUWAHATI",LAKE,ASSAM,20,35,0.3,5.0,7.0,7.8,462,594,12.6,19.7,1.20,2.00,1500,2800,2800,4400,2022,"SILSAKO BEEL, CHACHAL, GUWAHATI"
3804.0,SON BEEL WATER AT KARIMGANJ,LAKE,ASSAM,20,25,4.1,5.2,6.8,7.2,104,156,2.3,2.9,0.70,1.10,300,910,900,2000,2022,SON BEEL WATER AT KARIMGANJ
3819.0,"SORU SOLA BEEL, PALTAN BAZAR, GUWAHATI",LAKE,ASSAM,20,35,0.3,2.7,6.9,7.8,430,602,20.8,29.6,2.80,5.70,2800,3900,4400,5300,2022,"SORU SOLA BEEL, PALTAN BAZAR, GUWAHATI"
2225.0,"BASKANDI POND INSIDE THE BASKANDI MADRASA, BASKANDI, ASSAM",POND,ASSAM,19,25,4.0,4.6,7.0,7.3,101,108,2.3,2.9,0.70,1.10,360,730,1100,1500,2022,"BASKANDI POND INSIDE THE BASKANDI MADRASA, BASKANDI, ASSAM"
2214.0,"BATODRAWA SATRA POND, NAGAON, ASSAM",POND,ASSAM,21,34,4.0,10.5,6.6,7.5,67,128,2.1,2.6,0.90,2.00,300,730,910,1500,2022,"BATODRAWA SATRA POND, NAGAON, ASSAM"
2219.0,"BISHNU PUSKAR PUKHURI OF HAYAGRIB MADHAB TEMPLE, HAJO, ASSAM",POND,ASSAM,20,27,6.5,10.2,7.1,8.1,218,309,2.2,2.6,0.80,2.00,300,1100,910,2000,2022,"BISHNU PUSKAR PUKHURI OF HAYAGRIB MADHAB TEMPLE, HAJO, ASSAM"
3772.0,BORPUKHURI AT SONARI,POND,ASSAM,18,33,5.6,7.1,6.8,7.5,81,118,2.1,2.6,0.80,1.30,300,910,360,1500,2022,BORPUKHURI AT SONARI
2208.0,"BORPUKHURI, NAZIRA, ASSAM",POND,ASSAM,20,34,4.7,7.8,6.8,7.4,52,96,2.1,2.8,0.80,1.20,300,720,720,1400,2022,"BORPUKHURI, NAZIRA, ASSAM"
2216.0,"DIGHALI PUKHURI, GUWAHATI, ASSAM",POND,ASSAM,19,32,5.7,10.2,7.0,8.1,156,250,2.3,2.8,0.90,4.00,610,940,1100,1900,2022,"DIGHALI PUKHURI, GUWAHATI, ASSAM"
2221.0,"GANGA PUKHURI, NALBARI (GORDON SCHOOL), ASSAM",POND,ASSAM,20,27,5.5,10.0,7.1,7.8,84,134,2.2,2.7,0.90,2.00,300,730,910,1400,2022,"GANGA PUKHURI, NALBARI (GORDON SCHOOL), ASSAM"
2209.0,"GAURISAGAR TANK, GAURISAGAR, ASSAM",POND,ASSAM,17,33,4.2,7.2,6.7,7.5,59,114,2.0,2.6,0.80,1.20,300,910,720,1500,2022,"GAURISAGAR TANK, GAURISAGAR, ASSAM"
2212.0,"GOPHUR TANK, GOPHUR, ASSAM",POND,ASSAM,22,30,7.0,7.3,7.0,7.9,87,198,2.3,2.8,0.70,1.30,300,910,730,1500,2022,"GOPHUR TANK, GOPHUR, ASSAM"
2227.0,"HARDOI PUKHURI, CHARAIDEW, ASSAM",POND,ASSAM,17,33,5.4,7.2,6.6,7.7,48,86,2.1,2.5,0.80,1.30,360,720,360,910,2022,"HARDOI PUKHURI, CHARAIDEW, ASSAM"
2213.0,"JAIPAL PUKHURI, SIPAJHAR, ASSAM",POND,ASSAM,22,32,6.8,7.3,6.8,8.2,105,355,2.3,2.7,0.80,1.10,300,940,910,1500,2022,"JAIPAL PUKHURI, SIPAJHAR, ASSAM"
1532.0,"JAYSAGAR TANK, SIVASAGAR, ASSAM",POND,ASSAM,17,32,4.8,8.2,6.8,7.9,58,104,1.9,2.6,0.60,1.30,300,730,360,1100,2022,"JAYSAGAR TANK, SIVASAGAR, ASSAM"
3809.0,JORPUKHURI AT UZANBAZAR (UGRATALA TEMPLE),POND,ASSAM,18,34,4.2,9.3,7.2,7.7,348,428,2.4,2.8,0.80,1.60,360,940,1400,1600,2022,JORPUKHURI AT UZANBAZAR (UGRATALA TEMPLE)
2223.0,"MAHAMAYA MANDIR PUKHURI, ASSAM",POND,ASSAM,22,38,4.5,5.2,6.9,7.6,80,104,2.2,2.7,0.70,2.30,300,730,910,1500,2022,"MAHAMAYA MANDIR PUKHURI, ASSAM"
4006.0,NETAI PUKHURI AT NETAI PUKHURI,POND,ASSAM,19,34,4.7,7.4,6.8,7.3,59,96,2.1,6.8,0.70,1.10,300,600,360,910,2022,NETAI PUKHURI AT NETAI PUKHURI
2211.0,"PADUMPUKHURI, TEZPUR, ASSAM",POND,ASSAM,22,30,6.8,7.4,6.8,8.0,230,353,2.3,2.8,0.80,1.30,300,620,720,1400,2022,"PADUMPUKHURI, TEZPUR, ASSAM"
3806.0,POND WATER FROM RAMKRISHNA MISSION AT HAILAKANDI,POND,ASSAM,22,25,4.0,5.2,6.9,7.4,130,162,2.3,2.9,0.80,1.30,300,730,610,1600,2022,POND WATER FROM RAMKRISHNA MISSION AT HAILAKANDI
2222.0,"RAJADINIA PUKHURI AT ABHAYAPURI, ASSAM",POND,ASSAM,24,37,4.5,5.4,6.9,7.8,84,136,2.5,2.7,0.80,1.70,300,730,1100,2000,2022,"RAJADINIA PUKHURI AT ABHAYAPURI, ASSAM"
2224.0,"RAJAPUKHURI AT GAURIPUR, ASSAM",POND,ASSAM,22,39,4.6,4.9,6.9,7.7,94,133,2.1,2.6,0.70,2.20,300,720,730,1400,2022,"RAJAPUKHURI AT GAURIPUR, ASSAM"
2210.0,"RAJMAW PUKHURI, JORHAT, ASSAM",POND,ASSAM,20,34,4.9,6.7,7.0,8.0,90,116,2.1,2.5,0.80,1.40,300,910,620,2000,2022,"RAJMAW PUKHURI, JORHAT, ASSAM"
2226.0,"SIVASAGAR TANK (BORPUKHURI) NEAR SIVADOL, ASSAM",POND,ASSAM,18,34,4.9,7.2,6.7,7.7,50,92,1.0,2.5,0.80,8.00,300,910,620,1500,2022,"SIVASAGAR TANK (BORPUKHURI) NEAR SIVADOL, ASSAM"
2217.0,"SUBHAGYA KUNDA POND KAMAKHYA TEMPLE, GUWAHATI, ASSAM",POND,ASSAM,17,30,4.3,9.3,6.8,7.8,230,571,2.4,2.8,1.00,1.50,300,730,1100,1500,2022,"SUBHAGYA KUNDA POND KAMAKHYA TEMPLE, GUWAHATI, ASSAM"
3775.0,TENGA PUKHURI AT TENGAPUKHURI,POND,ASSAM,17,33,5.4,6.9,6.5,7.7,66,110,2.3,2.8,0.70,1.40,300,910,730,1500,2022,TENGA PUKHURI AT TENGAPUKHURI
4334.0,"THOWRADOLE PUKHURI, THOWRADOLE G.P. DEMOW BLOCK",POND,ASSAM,19,35,4.3,7.9,6.8,7.7,50,112,2.3,2.6,0.90,1.20,360,720,360,2000,2022,"THOWRADOLE PUKHURI, THOWRADOLE G.P. DEMOW BLOCK"
5137.0,"HASILA BEEL, GOALPARA (HASILA BEEL), DIST. GOPALPARA, ASSAM",WETLAND,ASSAM,21,38,4.7,5.1,7.0,7.6,158,195,2.1,2.6,0.80,2.00,300,720,610,1200,2022,"HASILA BEEL, GOALPARA (HASILA BEEL), DIST. GOPALPARA, ASSAM"
5136.0,"TAMRANGA BEEL, GHILAGURI NEAR IKRABARI, DIST. BONGAIGAON",WETLAND,ASSAM,22,38,4.9,5.3,7.0,7.8,156,202,2.0,2.6,1.00,1.60,300,730,730,1500,2022,"TAMRANGA BEEL, GHILAGURI NEAR IKRABARI, DIST. BONGAIGAON"
2557.0,KAWAR LAKE NEAR JAYMANGLA GARH TEMPLE AT BEGUSARAI,LAKE,BIHAR,15,28,2.8,8.9,7.1,8.1,221,392,1.6,6.0,0.30,0.43,1400,130000,2600,350000,2022,KAWAR LAKE NEAR JAYMANGLA GARH TEMPLE AT BEGUSARAI
2571.0,"MOTI JHEEL AT MOTIHARII NEAR GAYATRI MANDIR, MOTIHARI, EAST CHAMPARAN",LAKE,BIHAR,15,30,3.6,20.0,7.2,8.5,472,1100,1.5,30.0,0.30,0.44,270,170000,1100,350000,2022,"MOTI JHEEL AT MOTIHARII NEAR GAYATRI MANDIR, MOTIHARI, EAST CHAMPARAN"
4296.0,"SIKANDRAPUR LAKE AT SIKANDARPUR, MUZAFFARPUR",LAKE,BIHAR,17,31,3.4,14.1,7.3,8.5,364,962,1.8,12.0,0.30,0.68,230,160000,330,160000,2022,"SIKANDRAPUR LAKE AT SIKANDARPUR, MUZAFFARPUR"
2573.0,"DIGHI TALAB NEAR KACHHARI ROAD, GAYA",POND,BIHAR,19,32,5.2,15.2,7.1,8.7,699,995,2.0,14.0,0.30,0.43,2300,92000,3300,160000,2022,"DIGHI TALAB NEAR KACHHARI ROAD, GAYA"
2574.0,"SURAJ KUND NEAR VISHNUPAD MANDIR ,GAYA",POND,BIHAR,15,32,6.3,17.5,7.3,8.4,400,831,2.6,11.0,0.30,0.35,1300,240000,3500,540000,2022,"SURAJ KUND NEAR VISHNUPAD MANDIR ,GAYA"
2046.0,"SUKHNA LAKE, CHANDIGARH",LAKE,CHANDIGAR H,16,34,7.8,10.9,7.0,8.8,202,283,1.8,3.8,0.40,2.40,27,9200,170,16000,2022,"SUKHNA LAKE, CHANDIGARH"
3164.0,"NEHRU NAGAR TALAB, BHILAI, CHHATISGARH.",POND,CHHATTISGA RH,26,29,6.2,7.7,7.2,8.8,2432,2432,1.8,47.0,0.36,1.00,20,170,140,140,2022,"NEHRU NAGAR TALAB, BHILAI, CHHATISGARH."
3031.0,"BHALSWA LAKE, DELHI",LAKE,DELHI,,,0.3,3.5,7.8,8.9,,,10.0,93.4,0.30,0.91,21000,940000,-,-,2022,"BHALSWA LAKE, DELHI"
3476.0,"LAKE NEAR IIT FLYOVER, DELHI",LAKE,DELHI,,,0.3,10.0,8.1,9.3,,,3.3,113.3,0.30,0.70,4300,840000,-,-,2022,"LAKE NEAR IIT FLYOVER, DELHI"
3030.0,"SANJAY LAKE, DELHI",LAKE,DELHI,,,0.3,4.2,7.6,9.5,,,26.0,90.0,0.41,0.58,32000,700000,-,-,2022,"SANJAY LAKE, DELHI"
5280.0,"AMBULOR LAKE, VERNA, SALCETE - GOA",LAKE,GOA,27,32,3.0,7.9,5.5,6.9,42,166,1.0,2.5,0.32,0.32,240,2200,350,3500,2022,"AMBULOR LAKE, VERNA, SALCETE - GOA"
3175.0,ANJUNEM LAKE,LAKE,GOA,25,31,4.2,8.0,6.1,7.5,28,59,1.0,1.7,0.32,0.62,8,350,17,540,2022,ANJUNEM LAKE
5103.0,"BATIM LAKE, GOA VELHA, TISWADI - GOA",LAKE,GOA,28,31,4.0,7.2,5.8,7.8,72,226,1.0,5.0,0.32,0.34,490,2400,790,3500,2022,"BATIM LAKE, GOA VELHA, TISWADI - GOA"
3177.0,CARAMBOLIM LAKE,LAKE,GOA,27,30,5.1,10.0,6.1,8.9,16,1981,1.0,2.1,0.32,2.22,1300,2700,1700,3400,2022,CARAMBOLIM LAKE
3180.0,CURTORIM LAKE,LAKE,GOA,28,31,1.0,7.3,5.9,7.3,43,49,1.1,28.0,0.32,0.35,490,3400,940,4700,2022,CURTORIM LAKE
4408.0,HARWALE WATER FALL,LAKE,GOA,26,31,6.8,8.7,6.1,7.7,44,164,1.0,2.0,0.32,0.32,490,2400,700,4900,2022,HARWALE WATER FALL
2269.0,"MAYEM LAKE, BICHOLIM",LAKE,GOA,27,30,6.0,8.6,5.3,7.3,29,67,1.0,1.9,0.32,0.32,1300,2300,1700,3300,2022,"MAYEM LAKE, BICHOLIM"
3178.0,RAITOLLEM LAKE,LAKE,GOA,28,31,3.4,7.5,5.9,7.7,82,271,1.2,16.0,0.32,0.32,230,2400,330,5400,2022,RAITOLLEM LAKE
3179.0,SAIPEM LAKE,LAKE,GOA,27,28,1.2,5.1,6.3,7.4,166,477,1.7,6.7,0.32,2.96,2300,4900,3300,7000,2022,SAIPEM LAKE
5104.0,"SARZORA LAKE, CHINCHINM, SALCETE - GOA",LAKE,GOA,27,30,6.4,8.4,6.0,7.7,40,99,1.0,1.5,0.32,0.32,330,940,490,1500,2022,"SARZORA LAKE, CHINCHINM, SALCETE - GOA"
1345.0,"AJWAH LAKE AT SRI SAYAJI SABVAR, BARODA,",LAKE,GUJARAT,25,31,6.1,7.6,7.8,8.5,320,576,1.0,1.0,0.32,3.27,2,4,11,21,2022,"AJWAH LAKE AT SRI SAYAJI SABVAR, BARODA,"
1973.0,"BINDUSAROVAR, SIDDHPUR (DIST.PATAN)BINDU SAROVAR, AHMEDABAD- PALANUR HIGHWAY, SIDDHPUR, DIST-PATAN",LAKE,GUJARAT,24,29,3.2,6.7,7.4,8.0,2140,2680,1.0,13.0,0.30,0.81,14,350,94,540,2022,"BINDUSAROVAR, SIDDHPUR (DIST.PATAN)BINDU SAROVAR, AHMEDABAD- PALANUR HIGHWAY, SIDDHPUR, DIST-PATAN"
1344.0,"CHANDOLA LAKE AT AHMEDABAD,",LAKE,GUJARAT,26,31,4.1,5.7,7.5,8.3,467,713,1.2,12.0,0.39,0.77,170,920,540,1600,2022,"CHANDOLA LAKE AT AHMEDABAD,"
1977.0,"CITY LAKE OF NADIADKHETA TALAV (CITY LAKE) ,NADIAD, DIST:KHEDA",LAKE,GUJARAT,25,35,4.5,6.3,8.4,8.8,1108,2862,1.6,3.5,0.42,1.69,18,920,110,1600,2022,"CITY LAKE OF NADIADKHETA TALAV (CITY LAKE) ,NADIAD, DIST:KHEDA"
3198.0,"GOMTI LAKE, OPP, RANCHODAJI TEMPLE, DAKOR, KHEDAGOMTI LAKE, OPP: RANCHODAJI TEMPLE, DAKOR, KHEDA",LAKE,GUJARAT,25,33,4.0,6.3,7.7,8.5,476,831,1.0,3.9,0.32,0.66,11,350,110,540,2022,"GOMTI LAKE, OPP, RANCHODAJI TEMPLE, DAKOR, KHEDAGOMTI LAKE, OPP: RANCHODAJI TEMPLE, DAKOR, KHEDA"
3199.0,"HAMISAR TALAV, BHUJPATVADI NAKU,NEAR ASHAPURA TEMPLE,TA:BHUJ,DIST:KU TCH(WEST)",LAKE,GUJARAT,25,29,5.1,6.2,7.4,8.2,390,970,2.0,3.1,0.32,0.43,4,7,11,26,2022,"HAMISAR TALAV, BHUJPATVADI NAKU,NEAR ASHAPURA TEMPLE,TA:BHUJ,DIST:KU TCH(WEST)"
1343.0,"KANKORIA LAKE AT AHMEDABAD, NR. BALVATIKA,",LAKE,GUJARAT,22,32,2.9,8.5,8.3,8.8,2644,3950,2.2,25.0,0.32,1.00,540,920,920,1600,2022,"KANKORIA LAKE AT AHMEDABAD, NR. BALVATIKA,"
2078.0,"KUWADAVA LAKE, NR. KUVADVA GIDC, NH-8-B, VILL. KUWADAVA, DIST. RAJKOT.KUVADVA LAKE, VILLAGE KUVADVA, DIST. RAJKOT",LAKE,GUJARAT,26,29,6.5,7.3,7.1,8.2,340,2260,1.8,2.3,0.04,0.47,70,350,170,920,2022,"KUWADAVA LAKE, NR. KUVADVA GIDC, NH-8-B, VILL. KUWADAVA, DIST. RAJKOT.KUVADVA LAKE, VILLAGE KUVADVA, DIST. RAJKOT"
1975.0,"LAKHOTA TALAV, JAMNAGARLAKHOTA LAKE, NEAR PANCHESHWAR TOWER, JAMNAGAR",LAKE,GUJARAT,24,29,4.0,5.8,7.1,7.7,526,814,1.0,1.7,0.32,0.36,4,7,21,26,2022,"LAKHOTA TALAV, JAMNAGARLAKHOTA LAKE, NEAR PANCHESHWAR TOWER, JAMNAGAR"
3201.0,"MALAV TALAV, DHOLKA DHOLKA",LAKE,GUJARAT,23,36,0.3,6.8,8.7,9.1,3408,6004,3.7,34.0,0.32,0.78,49,920,170,1600,2022,"MALAV TALAV, DHOLKA DHOLKA"
3200.0,MOONSAR LAKE OF VIRAMGAMVIRAMGAM,LAKE,GUJARAT,20,30,0.3,6.7,7.9,9.1,1592,14400,16.0,70.0,0.33,1.02,2,920,220,1600,2022,MOONSAR LAKE OF VIRAMGAMVIRAMGAM
2077.0,"MOTICHER LAKE NEAR KAKARPAR ATOMIC POWER STATION, DIST. SURAT.NEAR BRIDGE, MOTICHER,SURAT",LAKE,GUJARAT,25,31,7.0,7.9,6.8,8.5,350,506,1.0,1.1,0.30,0.30,2,2,4,14,2022,"MOTICHER LAKE NEAR KAKARPAR ATOMIC POWER STATION, DIST. SURAT.NEAR BRIDGE, MOTICHER,SURAT"
1972.0,"NALSAROVAR LAKE (SANAND), DIST.AHMEDABADNALSA ROVAR LAKE (SANAND), DIST.AHMEDABAD",LAKE,GUJARAT,20,29,1.2,8.0,7.7,8.6,1322,20062,2.2,27.0,0.32,0.85,12,170,70,920,2022,"NALSAROVAR LAKE (SANAND), DIST.AHMEDABADNALSA ROVAR LAKE (SANAND), DIST.AHMEDABAD"
1976.0,"NARSIMEHTA TALAV- JUNAGADHNARSINH MEHTA TALAV, AT: JUNAGADH, TAL:JUNAGADH, DIST: JUNAGADH.",LAKE,GUJARAT,23,30,6.5,7.3,7.1,8.4,312,1130,2.0,2.4,0.32,0.37,5,33,20,79,2022,"NARSIMEHTA TALAV- JUNAGADHNARSINH MEHTA TALAV, AT: JUNAGADH, TAL:JUNAGADH, DIST: JUNAGADH."
1346.0,"SURSAGAR LAKE AT BARODA,",LAKE,GUJARAT,25,32,5.3,6.8,8.1,9.0,601,1053,1.2,3.3,0.36,4.34,63,240,170,350,2022,"SURSAGAR LAKE AT BARODA,"
1971.0,"THOL LAKE (KALOL) (DIST. MEHASANA)THOL POND, VILL: THOL, TAL -KADI, DIST : MEHSANA",LAKE,GUJARAT,23,35,1.6,7.4,7.7,8.5,1200,3046,4.1,28.0,0.30,0.94,12,920,47,1600,2022,"THOL LAKE (KALOL) (DIST. MEHASANA)THOL POND, VILL: THOL, TAL -KADI, DIST : MEHSANA"
3202.0,"VHERAIMATA TALAV AT ANANDVHERAI MATA TALAV, OPP. VHERAI MATA MANDIR, ANAND TA. & DIST. ANAND",LAKE,GUJARAT,27,29,5.2,5.8,7.8,8.5,307,813,1.0,2.6,0.47,1.23,63,94,110,240,2022,"VHERAIMATA TALAV AT ANANDVHERAI MATA TALAV, OPP. VHERAI MATA MANDIR, ANAND TA. & DIST. ANAND"
2079.0,"DHUDHIA TALAV AT NAVSARI, DIST. NAVSARI.AT- KAGADIWAD, NAVSARI CITY, TA & DI. NAVSARI, GUJARAT.",POND,GUJARAT,28,30,6.6,8.2,7.8,8.5,345,540,1.0,2.0,0.32,0.36,2,12,12,46,2022,"DHUDHIA TALAV AT NAVSARI, DIST. NAVSARI.AT- KAGADIWAD, NAVSARI CITY, TA & DI. NAVSARI, GUJARAT."
1979.0,"OLPAD, VILLAGE POND:OLPAD, SURATNEAR ROAD, NEAR TEMPLE, OLPAD,SURAT",POND,GUJARAT,25,31,6.8,8.3,7.5,8.4,522,1623,1.0,2.2,0.30,0.40,2,17,21,40,2022,"OLPAD, VILLAGE POND:OLPAD, SURATNEAR ROAD, NEAR TEMPLE, OLPAD,SURAT"
1349.0,BRAHMSAROVAR LAKE AT KURUKSHETRA,LAKE,HARYANA,,,7.8,7.9,7.2,8.0,269,324,2.2,4.5,0.30,0.30,100,200,800,900,2022,BRAHMSAROVAR LAKE AT KURUKSHETRA
1392.0,"KAUSSHALAYA LAKE, PINJORE, PANCHKULA",LAKE,HARYANA,,,6.4,7.6,7.6,8.0,299,392,1.0,4.6,0.30,0.30,400,400,100,2100,2022,"KAUSSHALAYA LAKE, PINJORE, PANCHKULA"
3033.0,SOHNA LAKE,LAKE,HARYANA,18,25,6.4,7.0,7.0,7.3,1050,1270,4.0,10.0,0.60,2.20,2400,7600,14000,31000,2022,SOHNA LAKE
3032.0,"SULTANPUR LAKE, GURUGRAM",LAKE,HARYANA,5,35,6.5,7.5,7.0,7.4,810,1120,4.0,9.0,1.80,1.80,750,4200,4200,9200,2022,"SULTANPUR LAKE, GURUGRAM"
4857.0,"SANHIT SAROVAR, KURUSHETRA",POND,HARYANA,,,6.5,8.5,7.3,7.9,394,825,2.2,3.2,0.30,0.30,200,200,700,700,2022,"SANHIT SAROVAR, KURUSHETRA"
1291.0,GOBINDSAGAR LAKE D/S OF BILASPUR TOWN,LAKE,HIMACHAL PRADESH,10,28,8.6,9.6,7.6,8.5,165,650,1.0,1.0,0.32,1.62,94,540,540,1600,2022,GOBINDSAGAR LAKE D/S OF BILASPUR TOWN
2650.0,KHAZIAR LAKE,LAKE,HIMACHAL PRADESH,7,23,5.5,9.9,6.7,8.0,46,179,1.0,1.0,0.30,4.67,2,130,14,1600,2022,KHAZIAR LAKE
1429.0,RENUKA LAKE AT RENUKA SIRMAUR,LAKE,HIMACHAL PRADESH,18,25,6.7,8.1,7.8,8.3,309,747,1.0,2.6,0.32,0.91,26,130,170,350,2022,RENUKA LAKE AT RENUKA SIRMAUR
2649.0,REWALSAR LAKE (TOWARDS MELA GROUND),LAKE,HIMACHAL PRADESH,9,27,6.2,8.4,7.4,8.4,158,340,1.0,3.6,0.32,3.83,130,1600,920,1600,2022,REWALSAR LAKE (TOWARDS MELA GROUND)
2738.0,(MANSAR LAKE AT MID POINT(MANSAR LAKE),LAKE,JAMMU & KASHMIR,14,22,7.5,8.1,7.1,7.6,144,163,1.0,1.0,-,-,-,-,-,-,2022,(MANSAR LAKE AT MID POINT(MANSAR LAKE)
2740.0,"(MANSAR LAKE AT MID POINT(SURINSAR LAKE), J&K",LAKE,JAMMU & KASHMIR,16,24,6.4,6.8,8.1,8.2,138,176,3.0,3.5,-,-,-,-,-,-,2022,"(MANSAR LAKE AT MID POINT(SURINSAR LAKE), J&K"
3257.0,DAL LAKE AT HABAK,LAKE,JAMMU & KASHMIR,24,24,6.7,6.7,8.0,8.0,376,376,1.1,1.1,-,-,-,-,-,-,2022,DAL LAKE AT HABAK
3261.0,"DAL LAKE AT NISHAT, WATER INTAKE POINT OF NISHAT WATER TREATMENT PLANT",LAKE,JAMMU & KASHMIR,21,21,7.2,7.2,8.5,8.5,196,196,1.0,1.0,-,-,-,-,-,-,2022,"DAL LAKE AT NISHAT, WATER INTAKE POINT OF NISHAT WATER TREATMENT PLANT"
3255.0,DAL LAKE AT SADAPORA,LAKE,JAMMU & KASHMIR,20,20,5.6,5.6,8.0,8.0,380,380,1.6,1.6,-,-,-,-,-,-,2022,DAL LAKE AT SADAPORA
2739.0,MANSAR LAKE POINT OF DISCHARGE OF WASTE WATER FROM DIFFERENT ESTABLISHMENTS NEAR NAG TEMPLE,LAKE,JAMMU & KASHMIR,14,22,7.4,8.0,7.4,7.7,152,172,1.0,1.0,-,-,-,-,-,-,2022,MANSAR LAKE POINT OF DISCHARGE OF WASTE WATER FROM DIFFERENT ESTABLISHMENTS NEAR NAG TEMPLE
2741.0,SURINSAR LAKE POINT OF DISCHARGE OF WASTE WATER FROM DIFFERENT ESTABLISHMENTS,LAKE,JAMMU & KASHMIR,16,24,6.0,6.7,8.2,8.3,142,180,3.1,16.8,-,-,-,-,-,-,2022,SURINSAR LAKE POINT OF DISCHARGE OF WASTE WATER FROM DIFFERENT ESTABLISHMENTS
2398.0,"DIMNA LAKE, DIMNA",LAKE,JHARKHAND,20,35,6.6,7.6,6.9,7.7,193,277,1.0,1.2,-,-,-,-,-,-,2022,"DIMNA LAKE, DIMNA"
2402.0,HAZARIBAGH MEETHAJHIL,LAKE,JHARKHAND,22,35,6.5,7.6,7.3,7.5,-,-,1.5,2.9,-,-,-,-,-,-,2022,HAZARIBAGH MEETHAJHIL
2394.0,TOP CHANCHI LAKE,LAKE,JHARKHAND,13,30,7.2,8.4,7.3,8.5,-,-,1.8,2.5,-,-,-,-,-,-,2022,TOP CHANCHI LAKE
4491.0,"HOLY POND OF SHIV GANGA JARMUNDI, DUMKA",POND,JHARKHAND,16,36,5.2,6.8,7.5,7.8,92,306,1.2,2.2,-,-,-,-,-,-,2022,"HOLY POND OF SHIV GANGA JARMUNDI, DUMKA"
4740.0,"LOCO TALAB ) PUMPU TALAB), AT- BARMASIA, DHANBAD",POND,JHARKHAND,13,24,3.4,4.9,7.2,7.5,-,-,2.5,3.9,-,-,-,-,-,-,2022,"LOCO TALAB ) PUMPU TALAB), AT- BARMASIA, DHANBAD"
4741.0,"RANIBANDH TALAB NEAR ISM, DHANBAD",POND,JHARKHAND,14,25,4.0,5.2,7.2,7.4,-,-,1.9,4.5,-,-,-,-,-,-,2022,"RANIBANDH TALAB NEAR ISM, DHANBAD"
2393.0,"SHIV GANGA POND, DEOGHAR",POND,JHARKHAND,17,38,5.6,7.0,7.5,7.8,112,312,1.1,1.6,-,-,-,-,-,-,2022,"SHIV GANGA POND, DEOGHAR"
4506.0,ABBIGERE LAKE,LAKE,KARNATAKA,25,25,0.3,6.7,6.5,7.4,312,2130,5.0,28.0,0.70,6.20,390,8400,3500,160000,2022,ABBIGERE LAKE
3612.0,AGARAM LAKE,LAKE,KARNATAKA,25,25,4.2,6.9,6.8,7.8,354,1237,4.0,9.0,1.00,4.80,230,4900,3500,92000,2022,AGARAM LAKE
3629.0,ALLALASANDRA LAKE,LAKE,KARNATAKA,25,25,0.3,6.0,6.8,8.2,368,1521,4.0,45.0,1.00,11.60,1700,33000,24000,350000,2022,ALLALASANDRA LAKE
4541.0,ALUR LAKE,LAKE,KARNATAKA,25,25,4.4,7.1,6.4,7.7,118,896,4.0,9.0,0.40,2.90,210,3100000,3500,54000000,2022,ALUR LAKE
3628.0,AMRUTHAHALLI LAKE,LAKE,KARNATAKA,24,25,0.3,6.3,6.5,8.2,367,1098,4.0,73.0,1.10,4.00,49,7000,540,160000,2022,AMRUTHAHALLI LAKE
3599.0,ANCHEPALYA LAKE,LAKE,KARNATAKA,25,25,3.1,6.9,6.1,7.3,286,1010,3.0,18.0,1.00,4.00,310,12000,9200,160000,2022,ANCHEPALYA LAKE
4096.0,ANDHRAHALLI LAKE,LAKE,KARNATAKA,25,25,0.3,7.1,6.5,7.4,287,1943,4.0,52.0,0.96,7.20,170,4800000,3500,35000000,2022,ANDHRAHALLI LAKE
3615.0,ARAKERE LAKE,LAKE,KARNATAKA,25,25,2.6,6.2,6.7,7.6,315,2078,4.0,20.0,0.92,7.79,230,21000,3500,350000,2022,ARAKERE LAKE
3696.0,AYYANAKERE LAKE,LAKE,KARNATAKA,23,36,0.3,11.6,7.2,9.9,690,1600,3.0,185.0,0.40,7.30,1700,100000,7900,320000,2022,AYYANAKERE LAKE
4542.0,BASAVANAPURA LAKE,LAKE,KARNATAKA,25,25,0.5,6.3,6.9,7.9,405,936,4.0,11.0,0.81,3.40,330,32000,3500,540000,2022,BASAVANAPURA LAKE
3602.0,BELLANDUR LAKE,LAKE,KARNATAKA,25,25,0.3,6.0,6.5,7.4,436,1750,5.0,65.0,1.40,18.70,460,41000000,16000,350000000,2022,BELLANDUR LAKE
3643.0,BENNIGANAHALLI LAKE,LAKE,KARNATAKA,25,25,4.2,6.3,6.5,7.9,404,499,3.0,8.0,0.72,2.00,230,12000,2400,92000,2022,BENNIGANAHALLI LAKE
4515.0,BHATTARAHALLI LAKE,LAKE,KARNATAKA,25,25,4.1,6.0,7.3,8.2,482,884,4.0,10.0,1.03,10.00,130,7000,2400,54000,2022,BHATTARAHALLI LAKE
3651.0,BHEEMSANDRA TANK,LAKE,KARNATAKA,25,25,0.3,6.2,6.6,7.3,288,1742,4.0,30.0,0.90,6.40,330,110000,2400,1600000,2022,BHEEMSANDRA TANK
3679.0,BHUTANALA LAKE,LAKE,KARNATAKA,27,38,3.4,10.3,7.8,9.0,396,1020,1.0,5.4,3.43,21.34,920,920,1600,1600,2022,BHUTANALA LAKE
3637.0,BYRAMANGALA LAKE,LAKE,KARNATAKA,25,25,2.8,6.1,6.5,7.5,502,1615,4.0,21.0,1.93,19.00,26,46000,220,540000,2022,BYRAMANGALA LAKE
4507.0,CHELEKERE LAKE,LAKE,KARNATAKA,24,25,2.8,6.6,6.6,8.2,482,1670,3.0,20.0,1.70,6.78,220,4600000,2400,92000000,2022,CHELEKERE LAKE
4095.0,CHIKKABANAVARA LAKE,LAKE,KARNATAKA,25,25,0.3,6.7,6.5,7.5,368,2140,4.0,81.0,1.80,7.00,340,31000,2400,540000,2022,CHIKKABANAVARA LAKE
4537.0,CHINNAKURCHI KERE,LAKE,KARNATAKA,25,25,5.1,6.9,7.1,7.9,587,999,4.0,7.0,1.17,7.30,230,12000,3500,160000,2022,CHINNAKURCHI KERE
4520.0,CHINNAPPANAHALLI LAKE,LAKE,KARNATAKA,25,25,4.1,6.2,6.5,8.6,673,1009,4.0,10.0,1.85,16.00,210,12000,3500,160000,2022,CHINNAPPANAHALLI LAKE
3584.0,DALAVAI LAKE,LAKE,KARNATAKA,21,29,1.5,4.5,7.5,8.7,897,1140,8.0,14.0,0.84,4.80,1200,2200,7000,11000,2022,DALAVAI LAKE
4521.0,DEVARABEESANAHALLI LAKE,LAKE,KARNATAKA,25,25,2.2,6.8,6.8,7.8,295,979,3.0,16.0,0.83,3.73,220,27000,2400,240000,2022,DEVARABEESANAHALLI LAKE
3645.0,DEVARAYASAMUDRA LAKE,LAKE,KARNATAKA,25,25,0.5,6.4,6.5,7.3,216,499,3.0,8.0,0.50,2.00,330,15000,3500,160000,2022,DEVARAYASAMUDRA LAKE
4526.0,DEVASANDRA LAKE,LAKE,KARNATAKA,25,25,4.2,6.1,6.5,7.6,259,568,3.0,10.0,0.81,8.00,170,31000,3500,540000,2022,DEVASANDRA LAKE
4539.0,DODDABIDARAKALLU LAKE,LAKE,KARNATAKA,25,25,0.3,0.6,6.2,7.5,1033,1848,11.0,148.0,3.90,25.00,2300,270000000,35000,2400000000,2022,DODDABIDARAKALLU LAKE
4528.0,DODDAKANNEHALLI LAKE,LAKE,KARNATAKA,24,25,4.0,6.0,6.7,8.2,378,1479,3.0,16.0,1.00,6.00,310,31000,5400,540000,2022,DODDAKANNEHALLI LAKE
3604.0,DODDANEKKUNDI LAKE,LAKE,KARNATAKA,25,25,1.3,6.4,6.5,7.8,493,1376,4.0,75.0,1.70,3.54,170,6300,2400,160000,2022,DODDANEKKUNDI LAKE
4094.0,GANGONDANAHALLI LAKE,LAKE,KARNATAKA,25,25,0.3,4.4,2.2,7.5,898,11230,6.0,107.0,2.50,32.40,410,84000000,3500,920000000,2022,GANGONDANAHALLI LAKE
3613.0,GOTTIGERE LAKE,LAKE,KARNATAKA,25,25,4.1,6.8,6.5,8.0,296,1292,4.0,10.0,1.10,4.00,48,7900,1600,92000,2022,GOTTIGERE LAKE
3654.0,GOTTIGERE LAKE,LAKE,KARNATAKA,25,25,0.3,6.4,6.5,7.7,367,1542,4.0,19.0,1.10,4.40,270,63000,2400,540000,2022,GOTTIGERE LAKE
4535.0,GUBBALAL LAKE,LAKE,KARNATAKA,25,25,3.3,7.4,6.5,8.6,217,650,3.0,11.0,0.70,3.00,400,700000,3500,5400000,2022,GUBBALAL LAKE
3621.0,HARALUR LAKE,LAKE,KARNATAKA,25,25,0.3,6.6,6.5,8.0,366,1972,4.0,38.0,1.10,13.00,330,33000,5400,350000,2022,HARALUR LAKE
3582.0,HEBBAL LAKE,LAKE,KARNATAKA,17,28,4.6,6.4,8.3,9.0,1006,1463,3.0,6.0,0.76,5.90,1100,1700,5800,7000,2022,HEBBAL LAKE
3625.0,HEBBAL LAKE,LAKE,KARNATAKA,25,25,4.0,7.6,6.5,7.6,367,855,3.0,7.0,0.93,2.27,110,7900,2400,160000,2022,HEBBAL LAKE
3597.0,HESARAGHATTA LAKE,LAKE,KARNATAKA,25,25,4.3,7.1,6.5,7.1,109,341,2.0,8.0,0.30,1.06,260,9400,3500,160000,2022,HESARAGHATTA LAKE
4536.0,HOSAKEREHALLI LAKE,LAKE,KARNATAKA,25,25,0.3,6.2,6.5,7.9,552,2099,4.0,87.0,2.12,11.20,3100,8400000000,35000,9200000000,2022,HOSAKEREHALLI LAKE
3636.0,HOSKERE LAKE,LAKE,KARNATAKA,25,25,0.3,6.4,6.5,7.6,376,1776,4.0,129.0,0.97,7.30,270,4600000,5400,35000000,2022,HOSKERE LAKE
3559.0,HULIKERE LAKE,LAKE,KARNATAKA,24,34,3.1,7.3,7.8,9.0,234,1483,1.0,25.0,0.30,4.53,2,1498,2,3500,2022,HULIKERE LAKE
3617.0,HULIMAVU LAKE,LAKE,KARNATAKA,25,25,3.1,6.2,6.5,7.7,316,1264,4.0,20.0,1.00,3.09,170,15000,2400,160000,2022,HULIMAVU LAKE
3660.0,HUNASINA KERE LAKE,LAKE,KARNATAKA,23,29,5.8,7.3,7.4,8.0,320,690,2.0,2.6,0.30,0.30,130,280,1100,1600,2022,HUNASINA KERE LAKE
3609.0,IBBALUR LAKE,LAKE,KARNATAKA,25,25,4.2,6.8,6.9,8.2,379,872,3.0,16.0,1.30,5.00,170,4300,2400,92000,2022,IBBALUR LAKE
4546.0,JAKKSANDRA LAKE (KASAVANAHALLI LAKE ),LAKE,KARNATAKA,25,25,5.5,5.5,6.8,6.8,314,314,4.0,4.0,,,4600,4600,35000,35000,2022,JAKKSANDRA LAKE (KASAVANAHALLI LAKE )
3627.0,JAKKUR LAKE,LAKE,KARNATAKA,24,25,2.2,6.9,6.7,7.7,478,1257,4.0,30.0,1.80,12.00,2300,12000,24000,160000,2022,JAKKUR LAKE
4545.0,JUNGU KERE (DEVARABEESANAHALLI LAKE),LAKE,KARNATAKA,25,25,5.6,5.6,6.9,6.9,406,406,4.0,4.0,1.40,1.40,220,220,2400,2400,2022,JUNGU KERE (DEVARABEESANAHALLI LAKE)
4097.0,KACHOHALLI LAKE,LAKE,KARNATAKA,25,25,0.3,6.2,6.5,7.5,863,2420,4.0,66.0,2.20,15.87,140,43000,3500,920000,2022,KACHOHALLI LAKE
3611.0,KAIKONDANAHALLI LAKE,LAKE,KARNATAKA,25,25,0.3,6.5,6.8,8.4,416,2073,4.0,45.0,1.60,16.00,2200,340000,24000,2400000,2022,KAIKONDANAHALLI LAKE
3616.0,KALENA AGRAHARA LAKE,LAKE,KARNATAKA,25,25,3.4,6.7,6.7,7.8,309,1044,3.0,11.0,0.72,4.00,330,41000,3500,240000,2022,KALENA AGRAHARA LAKE
4540.0,KAMMAGONDANAHALLI LAKE,LAKE,KARNATAKA,25,25,0.3,6.1,6.5,7.4,262,1970,3.0,36.0,0.67,7.00,430,2300000,3500,35000000,2022,KAMMAGONDANAHALLI LAKE
4530.0,KAMMASANDRA LAKE,LAKE,KARNATAKA,25,25,0.3,5.1,6.8,7.8,738,3000,7.0,105.0,3.00,18.00,390,94000,5400,540000,2022,KAMMASANDRA LAKE
3601.0,KARIHOBANAHALLI LAKE,LAKE,KARNATAKA,25,25,0.3,5.8,6.7,7.1,1291,2890,5.0,80.0,4.20,53.00,430,220000,5400,3500000,2022,KARIHOBANAHALLI LAKE
4529.0,KASAVANAHALLI LAKE,LAKE,KARNATAKA,24,25,2.8,6.8,6.6,8.2,314,894,3.0,12.0,1.10,7.00,170,8400,3500,160000,2022,KASAVANAHALLI LAKE
3684.0,KELEGERE LAKE,LAKE,KARNATAKA,23,25,7.1,7.4,7.2,8.1,503,680,3.5,4.7,0.56,1.18,70,278,212,542,2022,KELEGERE LAKE
3680.0,KILLA LAKE,LAKE,KARNATAKA,21,25,4.2,7.7,7.7,8.9,280,452,1.0,4.0,3.64,18.34,350,920,920,1600,2022,KILLA LAKE
4543.0,KODI SINGASANDRA LAKE,LAKE,KARNATAKA,25,25,1.8,6.4,6.7,7.6,278,1119,3.0,18.0,0.90,4.00,330,8400,2400,160000,2022,KODI SINGASANDRA LAKE
4511.0,KOGILU KERE,LAKE,KARNATAKA,25,25,3.2,6.2,6.5,7.2,363,1098,4.0,31.0,0.90,4.00,270,12000,3500,160000,2022,KOGILU KERE
3695.0,KONDAJJIKERE LAKE,LAKE,KARNATAKA,25,30,6.1,7.4,7.4,8.2,235,690,1.8,2.5,0.30,3.20,14,170,94,600,2022,KONDAJJIKERE LAKE
4544.0,KOTHANURU LAKE,LAKE,KARNATAKA,25,25,3.2,6.1,6.5,7.8,345,1311,4.0,17.0,0.90,4.00,79,7900,1600,92000,2022,KOTHANURU LAKE
3583.0,KUKKARAHALLI LAKE,LAKE,KARNATAKA,22,35,5.5,7.0,8.2,9.0,543,653,2.0,4.5,0.44,2.50,400,1100,4300,6300,2022,KUKKARAHALLI LAKE
4516.0,KUNDALAHALLI LAKE,LAKE,KARNATAKA,25,25,4.7,6.2,6.5,7.8,633,1325,4.0,8.0,1.90,5.09,310,4600,2400,160000,2022,KUNDALAHALLI LAKE
3692.0,KUNDUVADAKERE LAKE,LAKE,KARNATAKA,25,28,6.7,9.1,7.8,8.3,240,370,1.0,2.6,0.30,2.30,20,70,170,240,2022,KUNDUVADAKERE LAKE
3586.0,LIMBHABUDI LAKE,LAKE,KARNATAKA,20,29,4.5,6.2,7.9,8.7,731,1698,3.0,6.0,0.44,4.80,140,1400,5800,7900,2022,LIMBHABUDI LAKE
4538.0,MACHOHALLI LAKE,LAKE,KARNATAKA,25,25,0.3,5.8,6.6,7.5,1057,6140,5.0,390.0,2.70,20.51,2300,1100000000,24000,3500000000,2022,MACHOHALLI LAKE
3635.0,MALATHAHALLI LAKE,LAKE,KARNATAKA,25,25,2.2,6.3,6.6,7.7,632,1915,4.0,52.0,1.42,7.00,260,8400,9200,160000,2022,MALATHAHALLI LAKE
4547.0,MANGAMANAPALYA LAKE(SWARANA KUNTE),LAKE,KARNATAKA,25,25,4.1,6.0,6.7,7.7,325,896,4.0,14.0,0.72,4.00,130,11000,2400,92000,2022,MANGAMANAPALYA LAKE(SWARANA KUNTE)
3644.0,MULBAGALU LAKE,LAKE,KARNATAKA,25,25,0.3,5.8,6.5,8.2,850,1555,4.0,30.0,1.80,5.23,400,940000,3500,9200000,2022,MULBAGALU LAKE
3626.0,NAGAVARA LAKE,LAKE,KARNATAKA,25,25,2.6,7.1,6.5,8.2,378,1006,3.2,31.0,1.40,3.00,230,4700,3500,160000,2022,NAGAVARA LAKE
4523.0,NALLURAHALLI LAKE,LAKE,KARNATAKA,25,25,4.2,6.8,6.6,8.7,383,624,4.0,9.0,1.30,9.80,210,4900,2400,160000,2022,NALLURAHALLI LAKE
3646.0,NARASAPURA LAKE,LAKE,KARNATAKA,25,25,0.5,6.5,6.5,7.4,460,1006,4.0,115.0,0.92,3.00,230,4900,3500,160000,2022,NARASAPURA LAKE
4509.0,NARASIPURA LAKE,LAKE,KARNATAKA,24,25,2.2,7.3,6.6,8.2,354,774,3.0,19.0,1.00,3.90,230,23000,2400,240000,2022,NARASIPURA LAKE
3685.0,NAVALOORU LAKE,LAKE,KARNATAKA,23,26,6.3,7.6,6.6,8.2,805,1130,3.6,4.4,0.98,1.32,58,141,130,280,2022,NAVALOORU LAKE
4505.0,NELAMANGALA LAKE,LAKE,KARNATAKA,25,25,0.3,5.1,6.6,7.5,869,1938,6.0,65.0,2.29,6.53,130,12000,2400,92000,2022,NELAMANGALA LAKE
3687.0,NUGGIKERE LAKE,LAKE,KARNATAKA,24,25,6.2,6.9,7.1,8.2,653,842,3.4,4.1,0.65,1.08,58,150,141,278,2022,NUGGIKERE LAKE
3620.0,PARAPPANA AGRAHARA LAKE,LAKE,KARNATAKA,24,25,0.3,5.8,6.7,7.8,460,1910,4.0,26.0,1.40,8.60,230,480000,3500,3500000,2022,PARAPPANA AGRAHARA LAKE
4524.0,PATTANDUR AGRAHARA LAKE,LAKE,KARNATAKA,25,25,2.3,6.9,6.6,7.6,409,1318,4.0,9.0,0.95,13.00,480,27000,3500,240000,2022,PATTANDUR AGRAHARA LAKE
3614.0,PUTTENAHALLI LAKE,LAKE,KARNATAKA,25,25,3.1,6.2,6.5,7.5,360,1132,3.0,12.0,1.00,3.68,230,8400,2400,160000,2022,PUTTENAHALLI LAKE
3624.0,PUTTENAHALLI LAKE,LAKE,KARNATAKA,24,25,2.0,7.3,6.5,7.6,369,751,4.0,23.0,1.10,2.20,170,32000,2400,540000,2022,PUTTENAHALLI LAKE
4510.0,RACHENAHALLI LAKE,LAKE,KARNATAKA,25,25,2.0,5.4,6.6,8.2,486,1521,4.0,34.0,1.70,5.05,340,47000,9200,540000,2022,RACHENAHALLI LAKE
4519.0,RAMPURA LAKE,LAKE,KARNATAKA,25,25,0.3,4.4,6.5,7.5,1028,1545,11.0,134.0,3.00,34.00,460,270000,3500,2400000,2022,RAMPURA LAKE
4514.0,SADARAMANGALA LAKE,LAKE,KARNATAKA,25,25,1.6,6.6,6.5,8.2,530,812,4.0,14.0,1.39,3.19,170,6300,2400,54000,2022,SADARAMANGALA LAKE
4504.0,SARAKKI LAKE,LAKE,KARNATAKA,25,25,3.8,9.0,6.9,8.3,422,686,4.0,9.0,1.40,2.60,270,7000,2400,160000,2022,SARAKKI LAKE
3674.0,SATHYAMANGALA KERE POND,LAKE,KARNATAKA,21,28,5.8,7.1,7.3,8.3,340,480,2.0,2.5,0.30,0.30,130,330,1100,1700,2022,SATHYAMANGALA KERE POND
4525.0,SEETHARAMPALYA LAKE,LAKE,KARNATAKA,25,25,2.8,5.7,6.7,8.4,580,2480,4.0,22.0,1.18,7.20,170,40000,3500,540000,2022,SEETHARAMPALYA LAKE
4527.0,SHEELAVANTA- WHITEFIELD LAKE,LAKE,KARNATAKA,25,25,0.5,6.2,6.5,8.9,517,1123,4.0,38.0,1.20,7.40,410,63000,9200,540000,2022,SHEELAVANTA- WHITEFIELD LAKE
3587.0,SHETTYKERE LAKE,LAKE,KARNATAKA,18,30,5.3,6.6,7.7,8.6,525,1017,2.5,6.4,0.56,3.80,780,1700,4600,7900,2022,SHETTYKERE LAKE
4508.0,SINGAPURA LAKE,LAKE,KARNATAKA,24,25,0.3,6.1,6.5,7.4,628,1387,4.0,98.0,2.00,19.00,630,31000000,9200,350000000,2022,SINGAPURA LAKE
3618.0,SINGASANDRA LAKE,LAKE,KARNATAKA,25,25,0.3,4.7,6.8,8.6,457,1990,8.0,32.0,1.40,14.00,330,34000,2400,540000,2022,SINGASANDRA LAKE
3622.0,SOMASUNDRAPALYA LAKE,LAKE,KARNATAKA,25,25,2.8,6.4,6.6,7.7,330,980,3.0,9.0,0.92,12.00,210,11000,3500,92000,2022,SOMASUNDRAPALYA LAKE
4534.0,SOMPURA LAKE,LAKE,KARNATAKA,25,25,4.2,6.9,7.3,7.8,652,1655,4.0,7.0,1.89,23.24,140,9400,2400,160000,2022,SOMPURA LAKE
3688.0,SUDANAKERE LAKE,LAKE,KARNATAKA,23,25,5.1,7.1,7.3,8.2,719,1037,3.9,5.3,0.70,1.36,112,350,345,630,2022,SUDANAKERE LAKE
4533.0,ULLALU LAKE,LAKE,KARNATAKA,25,25,0.3,6.4,6.5,7.8,405,978,4.0,50.0,1.18,4.00,310,23000000,3500,1600000000,2022,ULLALU LAKE
3593.0,ULSOOR LAKE TEMPLE,LAKE,KARNATAKA,25,25,0.5,6.9,6.5,9.2,262,384,4.0,26.0,0.90,4.00,630,40000,5400,350000,2022,ULSOOR LAKE TEMPLE
1388.0,ULSOOR LAKE TRAINING CENTRE OF FISH BREEDING,LAKE,KARNATAKA,25,25,0.6,6.8,7.3,9.3,263,391,4.0,17.4,0.80,1.20,460,94000,5400,540000,2022,ULSOOR LAKE TRAINING CENTRE OF FISH BREEDING
3690.0,UNAKALKERE LAKE,LAKE,KARNATAKA,24,26,7.1,7.3,7.3,8.2,784,1037,3.3,3.8,0.95,1.22,52,186,172,350,2022,UNAKALKERE LAKE
3640.0,UTTARAHALLI DORAIKERE,LAKE,KARNATAKA,25,25,0.3,6.1,6.3,8.8,171,509,4.0,174.0,0.65,4.60,270,84000,9200,920000,2022,UTTARAHALLI DORAIKERE
3608.0,VARTHUR LAKE,LAKE,KARNATAKA,25,25,0.3,5.8,6.5,7.6,489,1517,4.0,102.0,1.50,19.00,3400,33000000,92000,350000000,2022,VARTHUR LAKE
3632.0,VEERAPURA TANK,LAKE,KARNATAKA,25,25,1.9,6.3,6.5,7.3,133,1940,3.0,51.0,0.41,6.53,49,15000,350,160000,2022,VEERAPURA TANK
3603.0,VENGAIYYANAKERE( KR PURAM LAKE ),LAKE,KARNATAKA,25,25,0.3,5.2,6.5,7.5,808,1697,4.0,90.0,1.75,5.10,310,220000,5400,2400000,2022,VENGAIYYANAKERE( KR PURAM LAKE )
4522.0,VIBHUTHIPURA LAKE,LAKE,KARNATAKA,25,25,2.4,6.9,6.5,8.5,325,1542,4.0,22.0,1.27,5.00,140,2200,2400,35000,2022,VIBHUTHIPURA LAKE
4512.0,VISWANEEDAM LAKE,LAKE,KARNATAKA,25,25,0.3,6.0,6.5,7.5,367,2860,5.0,104.0,0.69,17.80,430,3400000,9200,35000000,2022,VISWANEEDAM LAKE
3638.0,YELACHENAHALLI LAKE,LAKE,KARNATAKA,25,25,3.9,6.6,6.5,8.6,157,1994,3.0,12.0,0.52,7.60,310,7000,3500,92000,2022,YELACHENAHALLI LAKE
3605.0,YELEMALLAPPA SHETTY LAKE,LAKE,KARNATAKA,25,25,0.3,6.3,6.5,7.5,443,2118,4.0,45.0,1.40,6.50,170,230000000,3500,2400000000,2022,YELEMALLAPPA SHETTY LAKE
3585.0,YENNEHOLE LAKE,LAKE,KARNATAKA,20,28,0.9,4.3,7.6,8.7,856,1227,9.0,24.0,0.76,5.60,940,2500,7900,11000,2022,YENNEHOLE LAKE
3682.0,KAKATI POND,POND,KARNATAKA,22,29,3.3,7.9,8.3,9.4,1020,2924,1.0,7.5,2.69,21.54,430,1840,1600,3200,2022,KAKATI POND
3670.0,AINORAKATTE KERE,TANK,KARNATAKA,20,26,4.0,5.8,7.3,7.9,380,1680,2.6,5.6,0.30,0.60,320,680,2100,4000,2022,AINORAKATTE KERE
3623.0,ANEKAL DODDAKERE TANK,TANK,KARNATAKA,25,25,3.0,6.5,6.6,8.2,492,1988,4.0,13.0,1.40,21.44,210,6300,3500,54000,2022,ANEKAL DODDAKERE TANK
3681.0,ANGOL MI TANK,TANK,KARNATAKA,24,28,0.3,2.1,6.8,8.3,348,1128,3.9,67.0,5.45,16.23,1840,1840,3200,3200,2022,ANGOL MI TANK
3673.0,AVALI KERE,TANK,KARNATAKA,21,30,1.9,4.6,7.3,8.0,530,1510,3.6,16.0,0.30,1.30,110,680,920,4900,2022,AVALI KERE
3675.0,B KATIHALLI KERE,TANK,KARNATAKA,21,26,6.3,7.4,7.3,8.0,320,410,2.3,2.7,0.30,0.30,94,400,920,3500,2022,B KATIHALLI KERE
3664.0,BASAVANAHALLIKERE TANK,TANK,KARNATAKA,21,26,5.8,7.4,7.7,8.2,280,370,2.0,2.6,0.30,0.30,94,220,920,1400,2022,BASAVANAHALLIKERE TANK
3619.0,BEGUR TANK,TANK,KARNATAKA,25,25,3.2,6.3,6.6,7.6,285,1273,4.0,13.0,1.00,3.86,230,9400,2400,160000,2022,BEGUR TANK
3693.0,BHATHIKERE TANK,TANK,KARNATAKA,25,30,1.9,6.9,6.6,7.9,280,980,2.0,5.2,0.30,19.00,240,6300,690,54000,2022,BHATHIKERE TANK
3595.0,BYRASANDRA TANK,TANK,KARNATAKA,25,25,1.2,5.3,6.5,8.5,292,798,4.0,27.0,0.72,2.50,310,27000,16000,540000,2022,BYRASANDRA TANK
4532.0,CHANDAPURA LAKE,TANK,KARNATAKA,25,25,0.3,6.1,6.7,7.7,634,2890,4.0,105.0,2.00,19.00,170,270000,2400,2400000,2022,CHANDAPURA LAKE
3606.0,DASARAHALLI TANK,TANK,KARNATAKA,25,25,3.3,6.3,6.1,6.9,274,484,3.0,14.0,0.80,2.00,170,110000,2400,920000,2022,DASARAHALLI TANK
3634.0,DEVARAKERE TANK,TANK,KARNATAKA,25,25,2.9,7.1,6.5,8.0,251,472,3.0,21.0,0.74,4.40,210,12000,3500,160000,2022,DEVARAKERE TANK
3641.0,DHOREKERE TANK,TANK,KARNATAKA,25,25,0.3,6.8,6.6,8.6,223,1015,4.0,54.0,0.86,5.70,1700,12000,24000,160000,2022,DHOREKERE TANK
3653.0,DODDAKERE TANK(KUNIGAL),TANK,KARNATAKA,25,25,4.4,6.4,6.5,8.2,149,626,3.0,7.0,0.51,2.00,340,8400,5400,92000,2022,DODDAKERE TANK(KUNIGAL)
3666.0,GANIGARAHOSAHALLIKE RE TANK,TANK,KARNATAKA,21,25,6.2,7.3,7.6,8.0,410,730,2.0,2.5,0.02,0.30,140,320,1100,2200,2022,GANIGARAHOSAHALLIKE RE TANK
4518.0,GARUDACHARPALYA TANK,TANK,KARNATAKA,25,25,0.5,5.9,6.7,8.2,315,826,4.0,15.0,0.69,3.00,110,7900,2400,92000,2022,GARUDACHARPALYA TANK
3561.0,HANDIKERE (KOPPAL) TANK,TANK,KARNATAKA,24,34,2.4,7.3,8.1,9.1,304,1438,3.0,30.0,0.30,8.56,2,1356,2,3500,2022,HANDIKERE (KOPPAL) TANK
3671.0,HANUMANTHAPURAKAT TE TANK,TANK,KARNATAKA,21,27,5.8,6.8,7.4,7.8,350,480,2.0,2.5,0.30,0.30,210,320,1300,2200,2022,HANUMANTHAPURAKAT TE TANK
3683.0,HEREKERE TANK,TANK,KARNATAKA,23,26,4.4,4.9,7.5,7.9,775,1119,19.0,36.0,1.12,1.68,161,542,475,920,2022,HEREKERE TANK
3598.0,HEROHALLI TANK,TANK,KARNATAKA,25,25,0.5,6.8,6.5,7.4,293,1131,3.0,87.0,0.90,4.59,170,7900,2400,160000,2022,HEROHALLI TANK
3642.0,JIGANI TANK,TANK,KARNATAKA,25,25,4.3,6.2,6.5,7.4,446,1463,4.0,7.0,1.17,4.00,130,4800,2400,35000,2022,JIGANI TANK
3663.0,JOLADAKATTE TANK,TANK,KARNATAKA,21,28,5.0,6.9,7.6,8.2,340,580,2.0,3.0,0.02,0.30,140,340,1100,2400,2022,JOLADAKATTE TANK
3607.0,KALKERE TANK,TANK,KARNATAKA,25,25,0.3,5.6,6.8,8.9,885,1906,4.0,36.0,1.90,16.00,330,270000,3500,2400000,2022,KALKERE TANK
3657.0,KANCHANAHALLI KOPPALU KERE,TANK,KARNATAKA,21,30,1.5,6.2,7.2,8.0,580,4700,2.5,8.0,0.30,1.80,93,340,790,2200,2022,KANCHANAHALLI KOPPALU KERE
3588.0,KARANJIKERE TANK,TANK,KARNATAKA,22,28,5.0,6.9,7.9,8.8,540,912,2.0,4.0,0.32,3.30,380,1100,4100,6300,2022,KARANJIKERE TANK
3591.0,KEMPAMBUDHI TANK,TANK,KARNATAKA,25,25,2.5,6.4,6.5,8.1,242,647,4.0,15.0,0.80,8.00,340,15000,2400,160000,2022,KEMPAMBUDHI TANK
3639.0,KENGERI TANK,TANK,KARNATAKA,25,25,0.3,5.3,6.5,7.8,493,1158,4.0,77.0,1.50,12.00,220,330000000,2400,2400000000,2022,KENGERI TANK
3661.0,KOKKANAGHATTADODDA KERE TANK,TANK,KARNATAKA,20,29,4.0,7.0,7.6,8.6,380,2100,2.8,5.1,0.30,1.30,93,400,920,3500,2022,KOKKANAGHATTADODDA KERE TANK
3662.0,KOUSHIKA KERE,TANK,KARNATAKA,21,32,6.2,7.8,7.5,8.2,350,530,2.0,2.4,0.30,0.30,94,220,920,1400,2022,KOUSHIKA KERE
4517.0,KOWDHENAHALLI TANK,TANK,KARNATAKA,25,25,0.3,6.8,6.5,8.8,260,1197,3.0,32.0,0.63,4.00,310,79000,3500,350000,2022,KOWDHENAHALLI TANK
3590.0,LALBAGH TANK,TANK,KARNATAKA,25,25,3.5,6.7,6.9,8.4,331,515,4.0,8.0,1.02,8.00,170,6300,2400,92000,2022,LALBAGH TANK
3665.0,LINGAPPANAKATTE TANK,TANK,KARNATAKA,21,32,6.0,7.4,7.5,8.1,320,540,2.0,3.0,0.30,0.30,98,260,920,1700,2022,LINGAPPANAKATTE TANK
4503.0,MADHURE TANK,TANK,KARNATAKA,25,25,4.5,6.4,6.5,7.7,120,555,3.0,8.0,0.37,2.00,230,15000,2400,160000,2022,MADHURE TANK
3589.0,MADIWALA TANK,TANK,KARNATAKA,25,25,2.2,6.6,6.9,8.2,399,1400,4.0,32.0,1.44,5.37,230,12000,2400,160000,2022,MADIWALA TANK
3659.0,MAKANA (KANDALI) KERE,TANK,KARNATAKA,22,28,1.0,5.8,7.2,7.8,460,1230,3.1,9.4,0.30,0.90,400,3300,4900,14000,2022,MAKANA (KANDALI) KERE
4092.0,"MANCHALAPUR TANK, MANCHALAPUR, RAICHUR",TANK,KARNATAKA,25,35,5.8,10.7,7.1,9.3,945,2280,4.0,24.0,0.30,17.22,170,54000,500,160000,2022,"MANCHALAPUR TANK, MANCHALAPUR, RAICHUR"
3697.0,MATADAKERE TANK (ARASANAKERE),TANK,KARNATAKA,24,29,7.2,8.2,7.4,9.3,740,1270,4.8,28.0,0.32,8.40,79,60000,920,430000,2022,MATADAKERE TANK (ARASANAKERE)
3560.0,MAVINAKERE TANK,TANK,KARNATAKA,25,36,5.0,10.8,7.5,9.3,1210,2540,4.0,24.0,0.30,6.84,170,110000,900,350000,2022,MAVINAKERE TANK
3650.0,MELEKOTE TANK,TANK,KARNATAKA,25,25,0.5,6.3,6.6,7.6,284,1728,4.0,38.0,0.90,6.50,330,27000,3500,350000,2022,MELEKOTE TANK
3648.0,MYDALA TANK,TANK,KARNATAKA,25,25,4.0,7.2,6.5,8.2,158,433,3.4,9.0,0.50,2.10,170,46000,2400,540000,2022,MYDALA TANK
3596.0,NAYANDANAHALLI TANK,TANK,KARNATAKA,25,25,0.3,6.8,5.7,8.1,184,1576,4.0,23.0,0.69,7.00,630,130000,16000,2400000,2022,NAYANDANAHALLI TANK
3686.0,NIRASAGARAKERE TANK,TANK,KARNATAKA,24,26,7.3,7.6,7.2,8.1,341,448,2.2,2.7,0.35,0.56,6,30,16,80,2022,NIRASAGARAKERE TANK
3669.0,PEREMANAHALLI KERE,TANK,KARNATAKA,20,28,5.2,6.9,7.3,8.1,360,570,2.0,2.5,0.30,0.30,93,320,920,1700,2022,PEREMANAHALLI KERE
3565.0,PILIKULA TANK,TANK,KARNATAKA,26,29,6.4,7.9,6.7,7.8,128,227,3.0,3.0,0.68,3.03,11,84,94,460,2022,PILIKULA TANK
4502.0,RAMAMMANA KERE,TANK,KARNATAKA,25,25,0.3,6.8,7.0,7.9,412,1073,4.0,32.0,0.92,15.00,330,9400,3500,160000,2022,RAMAMMANA KERE
4513.0,RAMAMMANA KERE,TANK,KARNATAKA,25,25,0.3,6.3,6.5,7.0,250,1699,3.0,22.0,0.95,5.00,170,460000,5400,3500000,2022,RAMAMMANA KERE
4531.0,RAYASANDRA LAKE,TANK,KARNATAKA,25,25,0.3,5.9,6.7,7.8,736,2240,5.0,99.0,2.60,33.00,210,4700000,9200,92000000,2022,RAYASANDRA LAKE
3676.0,SAHANA LAKE,TANK,KARNATAKA,21,28,5.9,7.3,7.5,8.2,330,460,1.8,2.4,0.30,0.30,140,260,1100,1600,2022,SAHANA LAKE
4498.0,"SANAVALLI DAM, MUNGOD",TANK,KARNATAKA,24,30,7.1,7.3,6.9,7.4,222,301,2.1,2.6,0.32,3.22,4,22,22,35,2022,"SANAVALLI DAM, MUNGOD"
3672.0,SANKALAPURAKERE TANK,TANK,KARNATAKA,22,26,6.5,7.6,7.5,7.8,320,560,2.0,2.6,0.02,0.30,220,330,1600,2200,2022,SANKALAPURAKERE TANK
3594.0,SANKEY TANK,TANK,KARNATAKA,25,25,4.7,7.0,6.7,7.7,419,721,3.0,6.0,1.18,2.77,49,4600,240,54000,2022,SANKEY TANK
3667.0,SATHENAHALLIDODDAKE RE TANK,TANK,KARNATAKA,21,28,5.2,6.8,7.5,8.1,350,1130,2.5,4.1,0.30,0.90,170,470,1300,3500,2022,SATHENAHALLIDODDAKE RE TANK
3694.0,SHANTHISAGARKERE TANK,TANK,KARNATAKA,26,28,6.8,7.3,6.9,8.3,98,710,1.6,3.0,0.36,5.80,13,170,110,900,2022,SHANTHISAGARKERE TANK
3677.0,SHARANABASAVESHWAR A KERE TANK,TANK,KARNATAKA,25,31,6.0,7.8,6.9,8.9,1199,2250,3.0,15.0,0.30,4.20,140,7000,920,160000,2022,SHARANABASAVESHWAR A KERE TANK
3600.0,SHIVAPURA TANK,TANK,KARNATAKA,25,25,0.3,4.8,6.8,7.4,694,3730,8.0,87.0,2.67,22.00,220,94000,2400,920000,2022,SHIVAPURA TANK
3668.0,SODHARAHALLIKERE,TANK,KARNATAKA,21,31,1.8,6.0,7.3,8.2,520,1350,3.0,8.0,0.30,1.10,200,780,1600,4900,2022,SODHARAHALLIKERE
3689.0,SOMESHWARAKERE TANK,TANK,KARNATAKA,23,26,5.1,6.6,7.1,7.9,784,1302,5.1,8.1,1.08,1.90,63,220,220,450,2022,SOMESHWARAKERE TANK
3633.0,SUBRAMANYAPURA TANK,TANK,KARNATAKA,25,25,0.3,5.0,6.6,7.6,992,2314,5.0,90.0,2.30,21.00,460,6300000,9200,54000000,2022,SUBRAMANYAPURA TANK
3610.0,TUBARAHALLI TANK,TANK,KARNATAKA,25,25,0.3,6.0,6.6,8.0,655,1017,4.0,14.0,2.00,14.00,330,4600,3500,92000,2022,TUBARAHALLI TANK
3691.0,VIMANABHUTHIKERE TANK,TANK,KARNATAKA,25,29,6.8,8.5,7.3,8.5,122,318,1.0,3.0,0.30,2.60,13,47,109,350,2022,VIMANABHUTHIKERE TANK
3592.0,YEDIYUR TANK,TANK,KARNATAKA,25,25,3.2,6.8,6.9,8.4,203,382,4.0,11.0,0.67,5.00,310,6300,5400,160000,2022,YEDIYUR TANK
3630.0,YELAHANKA TANK,TANK,KARNATAKA,24,25,2.0,6.5,6.7,8.1,366,780,4.0,19.0,1.10,10.00,230,12000,3500,92000,2022,YELAHANKA TANK
5180.0,"AKKULAM BRIDGE AT AKKULAM LAKE, THIRUVANANTHAPURAM",LAKE,KERALA,27,27,0.8,7.3,6.3,7.5,5,56,1.6,13.8,0.30,0.30,100,15000,400,400,2022,"AKKULAM BRIDGE AT AKKULAM LAKE, THIRUVANANTHAPURAM"
1383.0,"AKKULAM LAKE AT ORUVATHILKOTTA, THIRUVANANTHAPURAM",LAKE,KERALA,26,27,2.2,4.1,6.5,7.8,179,520,3.6,7.2,0.30,0.30,920,2700,2500,6300,2022,"AKKULAM LAKE AT ORUVATHILKOTTA, THIRUVANANTHAPURAM"
1579.0,"ALAPPUZHA, KERALA",LAKE,KERALA,27,31,4.0,7.4,6.5,7.7,154,2151,1.1,2.7,0.30,0.30,2,1200,200,3300,2022,"ALAPPUZHA, KERALA"
5200.0,"ASHTAMUDI LAKE AT PERUMON, KOLLAM",LAKE,KERALA,22,28,4.2,8.4,6.6,8.1,14200,41265,1.0,3.6,0.30,140.80,81,220,200,810,2022,"ASHTAMUDI LAKE AT PERUMON, KOLLAM"
5198.0,"ASHTAMUDI LAKE AT THOPPILAKADAVU, KOLLAM",LAKE,KERALA,24,29,0.8,5.7,6.7,8.2,16650,44050,1.6,22.0,0.30,76.50,210,530,320,1560,2022,"ASHTAMUDI LAKE AT THOPPILAKADAVU, KOLLAM"
5199.0,"ASHTAMUDI LAKE NEAR KSRTC BUS DEPOT, KOLLAM",LAKE,KERALA,23,28,0.4,4.9,7.5,8.9,16885,42360,8.8,24.0,0.30,111.80,170,1200,700,3200,2022,"ASHTAMUDI LAKE NEAR KSRTC BUS DEPOT, KOLLAM"
5201.0,"ASHTAMUDI LAKE NEAR M/S. KUNDARA CERAMICS, KOLLAM",LAKE,KERALA,20,26,3.4,7.0,7.1,8.1,24850,49865,1.0,18.0,0.30,147.00,140,350,780,1700,2022,"ASHTAMUDI LAKE NEAR M/S. KUNDARA CERAMICS, KOLLAM"
1441.0,"ASHTHAMUDI LAKE AT QUILON, KERALA",LAKE,KERALA,23,28,4.1,6.8,6.4,8.4,17123,46952,1.8,9.0,0.30,135.40,130,680,630,1500,2022,"ASHTHAMUDI LAKE AT QUILON, KERALA"
1578.0,"KAYAMKULAM, KERALA",LAKE,KERALA,28,31,3.3,7.4,7.1,7.8,1894,10323,2.0,3.9,0.30,0.68,2,800,2,1500,2022,"KAYAMKULAM, KERALA"
5182.0,"KOCHI LAKE AT GOSHREE BRIDGE, KOCHI",LAKE,KERALA,-,-,3.7,7.4,7.0,9.7,-,-,1.4,3.9,-,-,310,4900,-,-,2022,"KOCHI LAKE AT GOSHREE BRIDGE, KOCHI"
5183.0,"KOCHI LAKE NEAR COCHIN PORT TRUST, KOCHI",LAKE,KERALA,-,-,1.8,6.3,7.3,8.9,-,-,1.0,4.5,-,-,1700,78000,-,-,2022,"KOCHI LAKE NEAR COCHIN PORT TRUST, KOCHI"
5184.0,"KOCHI LAKE NEAR THOPUMPADY, KOCHI",LAKE,KERALA,-,-,3.1,7.1,7.3,9.2,-,-,1.0,2.4,-,-,1500,17000,-,-,2022,"KOCHI LAKE NEAR THOPUMPADY, KOCHI"
5185.0,"KOCHI LAKE NEAR WELLINGTON ISLAND, KOCHI",LAKE,KERALA,-,-,3.3,7.3,7.0,9.3,,,1.8,4.4,,,49,13000,,,2022,"KOCHI LAKE NEAR WELLINGTON ISLAND, KOCHI"
1577.0,"KODUNGALLOOR, KERALA",LAKE,KERALA,26,30,1.2,7.8,6.9,7.9,104,32000,1.0,2.5,0.30,0.61,170,10000,350,22000,2022,"KODUNGALLOOR, KERALA"
5230.0,LAKE KARLAD AT WAYANAD,LAKE,KERALA,22,31,6.1,7.5,6.5,7.2,39,69,1.0,1.8,0.30,0.30,4,63,8,140,2022,LAKE KARLAD AT WAYANAD
2312.0,LAKE VEMBANAD AT PATHIRAMANAL (ALAPPUZHA),LAKE,KERALA,27,31,5.9,7.9,6.5,7.7,131,1516,1.3,3.0,0.30,0.30,2,100,2,540,2022,LAKE VEMBANAD AT PATHIRAMANAL (ALAPPUZHA)
1574.0,"PARAVUR, KERALA",LAKE,KERALA,23,26,5.1,7.8,6.1,8.0,13800,28653,1.4,2.6,0.30,26.70,130,300,460,1020,2022,"PARAVUR, KERALA"
1576.0,"PERIYAR LAKE AT THEKKADY, KERALA",LAKE,KERALA,24,25,7.2,7.8,6.9,7.4,47,47,1.0,1.0,0.30,0.30,2,2,2,2,2022,"PERIYAR LAKE AT THEKKADY, KERALA"
1580.0,POOKODE LAKE AT POOKODE,LAKE,KERALA,22,31,7.0,7.7,6.5,7.1,21,29,1.0,1.0,0.30,0.30,2,24,10,48,2022,POOKODE LAKE AT POOKODE
1385.0,"SASTHAMCOTTA LAKE, KERALA",LAKE,KERALA,22,26,6.7,7.8,6.6,7.6,120,220,1.0,1.8,0.30,1.60,100,170,150,680,2022,"SASTHAMCOTTA LAKE, KERALA"
5179.0,"VELI BOAT CLUB AT VELI LAKE,THIRUVANANTHAP URAM",LAKE,KERALA,-,-,1.4,6.2,6.2,7.4,5,5,4.9,15.0,-,-,4100,21000,5800,5800,2022,"VELI BOAT CLUB AT VELI LAKE,THIRUVANANTHAP URAM"
3470.0,"VELLAYANI LAKE AT VANDITHADOM, THIRUVANANTHAPURAM",LAKE,KERALA,26,27,5.2,7.8,6.0,7.9,125,200,1.9,5.8,0.30,0.30,600,1800,1400,2500,2022,"VELLAYANI LAKE AT VANDITHADOM, THIRUVANANTHAPURAM"
5190.0,"VEMBANAD LAKE AT ANDAKARANAZHI NEW BRIDGE, ALAPPUZHA",LAKE,KERALA,-,-,0.5,7.9,6.8,7.7,-,-,1.9,5.3,-,-,2,1000,300,300,2022,"VEMBANAD LAKE AT ANDAKARANAZHI NEW BRIDGE, ALAPPUZHA"
1575.0,"VEMBANAD LAKE,KOCHI (OIL TANKER JETTY), KERALA",LAKE,KERALA,27,30,2.8,7.6,6.7,9.8,365,53730,2.0,3.8,0.30,0.58,2200,240000,4000,700000,2022,"VEMBANAD LAKE,KOCHI (OIL TANKER JETTY), KERALA"
5170.0,"AALUMKULAM POND AT KOORKKANCHERY,THRISS UR",POND,KERALA,25,30,5.3,8.0,6.0,8.3,135,220,1.0,2.4,0.30,7.30,2,600,2,1000,2022,"AALUMKULAM POND AT KOORKKANCHERY,THRISS UR"
5165.0,"CHIRAKKAL CHIRA ,KADALAYI,KANNUR",POND,KERALA,27,30,5.3,7.8,6.4,8.4,120,179,1.0,3.5,0.30,0.60,40,350,70,700,2022,"CHIRAKKAL CHIRA ,KADALAYI,KANNUR"
3462.0,MANANCHIRA POND AT KOZHEKODE,POND,KERALA,26,30,7.3,8.3,6.6,8.8,39,64,1.0,1.4,0.30,0.30,10,630,100,790,2022,MANANCHIRA POND AT KOZHEKODE
2325.0,POND AT (PADMANABHA) SREE PADMANABHA SWAMY TEMPLE (TVPM),POND,KERALA,26,27,3.5,7.8,6.7,8.0,195,300,2.4,5.4,0.30,0.30,1800,3700,4600,8400,2022,POND AT (PADMANABHA) SREE PADMANABHA SWAMY TEMPLE (TVPM)
5212.0,"POND NEAR HMT COLONY,NORTH",POND,KERALA,27,30,7.2,7.9,6.5,9.3,55,96,1.0,2.3,0.30,0.30,94,5400,490,6300,2022,"POND NEAR HMT COLONY,NORTH"
,"KALAMASSERY PALAM, ERNAKULAM",,,,,,,,,,,,,,,,,,,2022,"KALAMASSERY PALAM, ERNAKULAM"
5164.0,"THEERTHAMKARA POND AT PADANNAKKAD,KANHAN GAD MUNCIPALITY",POND,KERALA,27,29,5.3,8.0,6.9,7.9,83,238,1.0,2.8,0.30,0.37,4,170,81,680,2022,"THEERTHAMKARA POND AT PADANNAKKAD,KANHAN GAD MUNCIPALITY"
5166.0,"THRIKAIKUNNU CHIRA,KOOTHUPARAMB A,KANNUR",POND,KERALA,27,34,6.2,8.7,5.5,8.1,82,185,1.0,4.0,0.30,0.30,40,400,100,700,2022,"THRIKAIKUNNU CHIRA,KOOTHUPARAMB A,KANNUR"
1401.0,POND C/O JUMA MASJID,POND,LAKSHADWE EP,31,31,-,-,8.5,8.5,290,290,-,-,-,-,540,540,540,540,2022,POND C/O JUMA MASJID
4557.0,POND C/O MOHIDHEEN PALLI,POND,LAKSHADWE EP,20,34,-,-,7.1,9.1,364,754,-,-,-,-,-,-,-,-,2022,POND C/O MOHIDHEEN PALLI
4568.0,POND NEAR KULKAPPINAKKAL,POND,LAKSHADWE EP,28,34,-,-,7.0,8.3,385,906,1.0,1.0,-,-,-,-,-,-,2022,POND NEAR KULKAPPINAKKAL
2132.0,BILAWALI TALAB AT INDORE,LAKE,MADHYA PRADESH,19,22,6.8,7.8,7.1,8.7,299,613,1.0,1.3,0.84,1.08,2,2,40,63,2022,BILAWALI TALAB AT INDORE
4615.0,GANGA SAGAR JABALPUR,LAKE,MADHYA PRADESH,18,25,5.4,7.8,7.2,8.6,324,642,1.6,4.2,0.21,2.60,2,12,84,920,2022,GANGA SAGAR JABALPUR
2135.0,GOVINDGARH LAKE,LAKE,MADHYA PRADESH,20,32,6.7,7.8,7.1,7.6,216,298,1.0,1.4,0.45,0.89,2,2,41,48,2022,GOVINDGARH LAKE
2141.0,JANUNIA TALAB NEAR WATER SUPPLY INTAKE WELL SEHORE( M.P.),LAKE,MADHYA PRADESH,16,32,4.9,8.0,7.0,8.2,69,544,1.0,4.2,3.12,8.29,2,120,130,430,2022,JANUNIA TALAB NEAR WATER SUPPLY INTAKE WELL SEHORE( M.P.)
4622.0,KOPTAL LAKE AT WATER SUPPLY INTAKE POINT CHHATARPUR,LAKE,MADHYA PRADESH,23,31,5.8,9.1,7.2,8.5,540,1165,1.7,6.8,0.41,3.53,2,4,31,120,2022,KOPTAL LAKE AT WATER SUPPLY INTAKE POINT CHHATARPUR
1374.0,"LOWER LAKE SPILL- OUTLET NEAR KALIGHAT, BHOPAL (M.P.)",LAKE,MADHYA PRADESH,16,31,3.2,9.0,6.9,8.4,297,419,1.8,7.4,4.08,8.71,8,350,920,1600,2022,"LOWER LAKE SPILL- OUTLET NEAR KALIGHAT, BHOPAL (M.P.)"
2130.0,"MADHAV LAKE, SHIVPURI",LAKE,MADHYA PRADESH,20,30,6.8,7.6,7.3,7.7,272,830,1.4,2.7,0.48,1.20,2,6,24,64,2022,"MADHAV LAKE, SHIVPURI"
2134.0,NAGCHUN TALAB AT KHANDWA,LAKE,MADHYA PRADESH,20,22,4.2,7.7,7.7,8.5,237,402,1.0,6.0,0.64,2.15,2,2,46,110,2022,NAGCHUN TALAB AT KHANDWA
2136.0,SHAHPURA LAKE NEAR SPILL-OUTLET AT BHOPAL( M.P.),LAKE,MADHYA PRADESH,18,31,3.3,9.9,6.8,8.2,424,883,1.8,11.6,6.16,18.60,6,1600,1600,1600,2022,SHAHPURA LAKE NEAR SPILL-OUTLET AT BHOPAL( M.P.)
2133.0,SIRPUR TALAB AT INDORE,LAKE,MADHYA PRADESH,20,22,6.5,7.8,7.1,8.3,318,640,1.0,1.9,0.90,1.26,2,2,41,70,2022,SIRPUR TALAB AT INDORE
4614.0,SUPTAL JABALPUR,LAKE,MADHYA PRADESH,18,25,5.5,7.6,7.6,8.3,319,598,2.3,3.9,0.27,2.40,2,21,79,1600,2022,SUPTAL JABALPUR
1373.0,"UPPER LAKE AT WATER SUPPLY INTAKE WELL NEAR KAMLA PARK, BHOPAL (M.P.)",LAKE,MADHYA PRADESH,15,32,4.7,7.6,7.1,8.1,161,387,1.0,2.8,2.06,5.17,4,27,110,430,2022,"UPPER LAKE AT WATER SUPPLY INTAKE WELL NEAR KAMLA PARK, BHOPAL (M.P.)"
2139.0,"UPPER LAKE NEAR WATER SUPPLY INTAKE WELL BAIRAGARH , BHOPAL(M.P.)",LAKE,MADHYA PRADESH,16,32,4.9,7.6,7.0,8.3,174,341,1.0,2.5,0.32,4.85,2,33,210,350,2022,"UPPER LAKE NEAR WATER SUPPLY INTAKE WELL BAIRAGARH , BHOPAL(M.P.)"
2138.0,"UPPER LAKE NEAR WATER SUPPLY INTAKE WELL NEAR KARBALA ,BHOPAL(M.P.)",LAKE,MADHYA PRADESH,16,33,5.0,9.2,7.1,8.3,154,337,1.0,2.8,0.46,4.27,4,26,120,280,2022,"UPPER LAKE NEAR WATER SUPPLY INTAKE WELL NEAR KARBALA ,BHOPAL(M.P.)"
2137.0,UPPER LAKE NEAR WATER SUPPLY INTAKE WELL YATCH CLUB BHOPAL(M.P.),LAKE,MADHYA PRADESH,17,31,5.0,8.6,7.1,8.1,161,355,1.0,2.8,1.07,3.85,2,33,110,350,2022,UPPER LAKE NEAR WATER SUPPLY INTAKE WELL YATCH CLUB BHOPAL(M.P.)
2131.0,YASHWANT SAGAR AT INDORE,LAKE,MADHYA PRADESH,20,22,6.6,7.7,7.4,8.3,307,686,1.0,1.6,1.07,1.62,2,2,48,63,2022,YASHWANT SAGAR AT INDORE
3850.0,BAGDOON TALAB PITHAMPUR SANJAY JALASHAY PITHAMPUR,POND,MADHYA PRADESH,20,22,5.0,8.1,7.8,8.5,309,493,1.0,1.2,0.70,1.04,2,2,39,49,2022,BAGDOON TALAB PITHAMPUR SANJAY JALASHAY PITHAMPUR
3831.0,"DAL SAGAR TALAB, DIST SEONI",POND,MADHYA PRADESH,18,27,5.0,7.8,7.3,8.3,239,608,1.8,4.8,0.02,2.60,2,79,17,1600,2022,"DAL SAGAR TALAB, DIST SEONI"
3830.0,"GOKALPUR TALAB, DIST JABALPUR",POND,MADHYA PRADESH,18,26,5.4,7.9,7.0,8.2,250,619,1.9,8.0,0.23,2.60,2,63,17,1600,2022,"GOKALPUR TALAB, DIST JABALPUR"
3299.0,HANUMANTAL JABALPUR,POND,MADHYA PRADESH,18,26,5.0,7.9,7.0,8.1,290,935,2.4,4.4,0.15,2.70,2,120,17,1600,2022,HANUMANTAL JABALPUR
3297.0,"MITHA TALAB, DEWAS",POND,MADHYA PRADESH,22,31,6.9,7.8,7.2,8.4,310,520,1.8,2.2,0.77,1.14,2,6,48,49,2022,"MITHA TALAB, DEWAS"
3301.0,MOTI TALAB AT BALAGHAT,POND,MADHYA PRADESH,17,27,6.0,7.9,7.2,8.6,226,469,1.9,6.0,0.28,2.30,2,39,17,540,2022,MOTI TALAB AT BALAGHAT
3302.0,"PIPLIYA PALA TALAB, INDORE",POND,MADHYA PRADESH,19,22,5.8,8.5,7.5,8.4,316,669,1.1,2.2,0.88,2.03,2,2,63,140,2022,"PIPLIYA PALA TALAB, INDORE"
3298.0,POND WATER AT LAKODA,POND,MADHYA PRADESH,25,29,7.1,7.7,7.6,8.5,267,368,1.8,2.0,0.77,0.93,2,2,47,49,2022,POND WATER AT LAKODA
3303.0,"RANI TALAB, REWA",POND,MADHYA PRADESH,20,32,6.7,7.2,7.4,8.2,335,408,1.0,2.2,0.55,0.82,2,4,39,58,2022,"RANI TALAB, REWA"
3300.0,"RANITAL TALAB, JABALPUR",POND,MADHYA PRADESH,19,26,5.6,7.6,7.3,8.6,250,582,2.1,4.0,0.27,2.40,2,110,17,1600,2022,"RANITAL TALAB, JABALPUR"
3849.0,SITAPAT TALAB DHAR,POND,MADHYA PRADESH,20,22,6.4,7.6,8.0,8.5,346,481,1.0,1.3,0.70,1.10,2,2,38,48,2022,SITAPAT TALAB DHAR
2129.0,PARIYAT TANK NEAR WSS INTAKE POINT JABALPUR,TANK,MADHYA PRADESH,18,24,6.8,7.9,7.1,8.0,240,376,1.2,2.6,0.30,2.10,2,4,31,49,2022,PARIYAT TANK NEAR WSS INTAKE POINT JABALPUR
1426.0,LOKTAK LAKE AT BISHNUPUR,LAKE,MANIPUR,15,28,6.8,7.5,7.1,7.5,140,200,3.0,3.4,-,-,20,75,70,120,2022,LOKTAK LAKE AT BISHNUPUR
1630.0,LOKTAK LAKE AT KARANG ISLAND,LAKE,MANIPUR,15,29,6.8,7.3,7.0,7.6,140,220,3.1,3.5,-,-,5,25,20,75,2022,LOKTAK LAKE AT KARANG ISLAND
1629.0,LOKTAK LAKE AT SENDRA,LAKE,MANIPUR,15,29,6.7,7.5,6.9,7.5,130,220,3.0,3.4,-,-,30,125,65,140,2022,LOKTAK LAKE AT SENDRA
1425.0,LOKTAK LAKE AT THANA,LAKE,MANIPUR,15,28,6.7,7.5,7.0,7.6,130,210,3.0,3.5,-,-,10,70,40,95,2022,LOKTAK LAKE AT THANA
2837.0,PUMLEN LAKE AT TOKPACHING,LAKE,MANIPUR,15,28,7.0,7.7,7.1,7.4,130,200,3.1,3.5,-,-,5,35,15,75,2022,PUMLEN LAKE AT TOKPACHING
2849.0,CHANAM PUKHURI,POND,MANIPUR,16,28,6.1,7.0,7.0,7.6,176,398,3.4,3.9,-,-,25,75,75,155,2022,CHANAM PUKHURI
2841.0,HIRANMEI PUKHURI AT HIYANGLAM,POND,MANIPUR,15,28,6.6,7.4,7.0,7.3,150,350,3.0,3.6,-,-,15,65,55,120,2022,HIRANMEI PUKHURI AT HIYANGLAM
2861.0,KANGLA POND NEAR WESTERN KANGLA GATE,POND,MANIPUR,16,28,6.2,7.2,6.9,7.6,154,312,3.3,3.9,-,-,45,85,120,185,2022,KANGLA POND NEAR WESTERN KANGLA GATE
2840.0,LAMJAO PUKHURI AT ACHOUBA,POND,MANIPUR,15,27,7.0,7.3,7.2,7.5,108,310,3.1,3.5,-,-,5,20,20,65,2022,LAMJAO PUKHURI AT ACHOUBA
2842.0,LANGMEIDONG PUKHURI AT THOUBAL,POND,MANIPUR,16,28,6.7,7.5,7.2,7.3,130,310,3.2,3.6,-,-,5,25,30,60,2022,LANGMEIDONG PUKHURI AT THOUBAL
2844.0,LILONG CHAJING PUKHURI ACHOUBA,POND,MANIPUR,16,27,6.6,7.5,7.2,7.5,112,314,3.0,3.6,-,-,5,40,40,70,2022,LILONG CHAJING PUKHURI ACHOUBA
2850.0,NINGTHEM PUKHURI,POND,MANIPUR,16,28,5.8,7.1,7.0,7.6,170,357,3.3,4.3,-,-,25,85,100,175,2022,NINGTHEM PUKHURI
2848.0,POND AT KAKWA BAZAR,POND,MANIPUR,16,28,5.6,7.2,7.0,7.6,210,600,3.4,4.0,-,-,40,90,90,165,2022,POND AT KAKWA BAZAR
2851.0,POND AT KONGBA BAZAR,POND,MANIPUR,17,27,5.8,7.0,7.0,7.6,330,560,3.4,4.3,-,-,50,135,220,395,2022,POND AT KONGBA BAZAR
2843.0,POND AT LALAMBUNG,POND,MANIPUR,16,27,6.7,7.2,7.0,7.4,150,300,3.2,3.6,-,-,15,45,45,90,2022,POND AT LALAMBUNG
2846.0,POND AT MOIDANGPOK,POND,MANIPUR,15,28,6.7,7.8,7.0,7.4,100,196,2.9,3.6,-,-,5,30,25,60,2022,POND AT MOIDANGPOK
2845.0,POND AT NGAIRANGBAM,POND,MANIPUR,15,28,6.8,7.7,7.3,7.5,100,210,2.8,3.7,-,-,5,45,35,80,2022,POND AT NGAIRANGBAM
2839.0,PUKHRI AT LANGMEIDONG,POND,MANIPUR,16,28,6.9,7.7,7.1,7.4,140,330,3.1,3.5,-,-,10,40,35,85,2022,PUKHRI AT LANGMEIDONG
2847.0,PUKHURI NEAR MAIBAM LOKPACHING,POND,MANIPUR,16,28,6.7,7.7,7.0,7.4,110,589,3.1,3.8,-,-,15,70,55,130,2022,PUKHURI NEAR MAIBAM LOKPACHING
3349.0,"TASEK LAKE AT SONGSAK (NAPHAK),",LAKE,MEGHALAYA,19,22,6.7,7.3,6.7,7.1,59,73,1.2,2.0,0.42,0.51,33,210,460,630,2022,"TASEK LAKE AT SONGSAK (NAPHAK),"
1459.0,"THADLASKEIN LAKE, JOWAI",LAKE,MEGHALAYA,11,22,6.7,7.9,6.8,7.2,38,48,1.0,1.8,0.38,0.52,4,23,120,240,2022,"THADLASKEIN LAKE, JOWAI"
1347.0,UMIAM LAKE AT BARAPANI,LAKE,MEGHALAYA,14,19,5.2,6.9,6.7,8.1,77,125,4.1,5.5,0.50,1.22,410,580,1700,2400,2022,UMIAM LAKE AT BARAPANI
3347.0,UMIAM LAKE AT MIDDLE POINT,LAKE,MEGHALAYA,14,19,6.3,6.9,6.7,8.2,78,120,4.0,5.2,0.42,1.17,380,480,1300,2100,2022,UMIAM LAKE AT MIDDLE POINT
3346.0,UMIAM LAKE AT OUTFALL OF UMIAM INTO LAKE,LAKE,MEGHALAYA,14,20,4.9,6.0,6.7,8.1,89,155,5.8,6.9,0.32,1.72,460,840,2100,2700,2022,UMIAM LAKE AT OUTFALL OF UMIAM INTO LAKE
3348.0,UMIAM LAKE NEAR UNION CHRISTIAN COLLEGE,LAKE,MEGHALAYA,15,20,6.0,6.8,6.8,8.0,71,135,4.1,5.5,0.50,1.35,310,490,1100,2100,2022,UMIAM LAKE NEAR UNION CHRISTIAN COLLEGE
1348.0,WARD'S LAKE AT SHILLONG,LAKE,MEGHALAYA,14,23,6.7,8.8,7.0,8.2,128,163,1.2,2.2,0.32,0.62,120,340,490,840,2022,WARD'S LAKE AT SHILLONG
3723.0,"TAMDIL LAKE, SAITUAL",LAKE,MIZORAM,12,25,5.7,10.0,6.8,7.8,56,303,1.0,2.3,0.02,0.02,-,-,-,-,2022,"TAMDIL LAKE, SAITUAL"
3755.0,"FISHPOND, RAIL CROSSING, NEAR THERMAL POWER PLANT, BAIRABI,KOLASIB DIST.",POND,MIZORAM,15,30,5.0,10.0,7.3,8.1,93,320,1.1,2.4,0.02,0.32,-,-,-,-,2022,"FISHPOND, RAIL CROSSING, NEAR THERMAL POWER PLANT, BAIRABI,KOLASIB DIST."
3722.0,"LAWIBUAL FISHPOND, I.T.I VENG, AIZAWL",POND,MIZORAM,15,26,2.7,10.4,6.8,7.7,249,599,1.0,3.2,0.02,0.42,-,-,-,-,2022,"LAWIBUAL FISHPOND, I.T.I VENG, AIZAWL"
2886.0,"PADUM PUKHURI LAKE AT 2 I/2 MILE, NEAR NH 29",LAKE,NAGALAND,21,34,2.0,8.6,7.2,8.4,119,231,1.0,2.8,0.40,2.40,-,-,-,-,2022,"PADUM PUKHURI LAKE AT 2 I/2 MILE, NEAR NH 29"
2887.0,RAJ PUKHURI NEAR GOVT.HR.SECONDARY SCHOOL PURANA BAZAAR,LAKE,NAGALAND,21,32,3.3,8.4,6.9,8.3,195,297,1.0,2.4,0.40,0.90,-,-,-,-,2022,RAJ PUKHURI NEAR GOVT.HR.SECONDARY SCHOOL PURANA BAZAAR
3956.0,ANSHUPA LAKE AT BISHNUPUR,LAKE,ODISHA,16,33,4.0,8.0,6.9,7.8,109,191,1.1,2.0,0.32,1.42,78,4900,490,7900,2022,ANSHUPA LAKE AT BISHNUPUR
2438.0,ANSHUPA LAKE AT KADALIBARI,LAKE,ODISHA,20,33,4.6,8.3,6.8,8.0,119,234,1.1,2.8,0.32,0.72,45,7900,460,22000,2022,ANSHUPA LAKE AT KADALIBARI
3957.0,ANSHUPA LAKE AT SARANDAGARH,LAKE,ODISHA,20,34,5.2,8.4,6.9,8.4,115,180,1.1,2.2,0.32,3.33,45,11000,230,35000,2022,ANSHUPA LAKE AT SARANDAGARH
3955.0,ANSHUPA LAKE AT SUBARANAPUR,LAKE,ODISHA,20,34,5.6,8.2,6.9,7.9,103,193,1.1,2.4,0.32,1.46,78,2200,330,4900,2022,ANSHUPA LAKE AT SUBARANAPUR
3953.0,CHILKA LAKE AT RAMBHA (RAMSAR SITE),LAKE,ODISHA,16,32,6.1,9.0,7.4,8.5,328,30340,1.1,2.4,0.32,1.42,2,490,2,3500,2022,CHILKA LAKE AT RAMBHA (RAMSAR SITE)
2437.0,CHILKA LAKE AT SATAPADA (RAMSAR SITE),LAKE,ODISHA,21,33,5.3,9.0,6.9,8.5,1435,41560,1.1,2.9,0.32,1.13,20,1300,49,2800,2022,CHILKA LAKE AT SATAPADA (RAMSAR SITE)
3954.0,TAMPADA LAKE AT CHHATRAPUR,LAKE,ODISHA,17,32,3.8,7.4,7.6,8.5,306,699,1.8,11.0,0.32,2.36,20,2200,130,4900,2022,TAMPADA LAKE AT CHHATRAPUR
2431.0,BINDUSAGAR ( RELIGIOUS POND OF BHUBANESWAR CITY) (NORTH) (LINGRAJ TEMPLE),POND,ODISHA,20,30,2.6,8.6,6.9,7.6,302,445,1.1,2.0,0.32,1.72,45,22000,330,54000,2022,BINDUSAGAR ( RELIGIOUS POND OF BHUBANESWAR CITY) (NORTH) (LINGRAJ TEMPLE)
2434.0,INDRADYUMNA TANK ( RELIGIOUS POND OF PURI CITY),POND,ODISHA,17,34,4.4,10.5,7.9,9.2,494,1221,3.7,6.7,0.51,1.62,20,17000,130,54000,2022,INDRADYUMNA TANK ( RELIGIOUS POND OF PURI CITY)
3962.0,JAGANNATH SAGAR POND OF JEYPORE,POND,ODISHA,24,29,6.1,6.5,6.8,8.2,237,453,2.0,4.5,0.42,2.52,45,3300,230,24000,2022,JAGANNATH SAGAR POND OF JEYPORE
2433.0,MARKANDA POKHARI ( RELIGIOUS POND OF PURI CITY),POND,ODISHA,21,35,2.4,12.6,7.6,9.4,514,970,4.4,9.5,0.63,9.45,20,2300,45,7900,2022,MARKANDA POKHARI ( RELIGIOUS POND OF PURI CITY)
2432.0,NARENDRA POKHARI ( RELIGIOUS POND OF PURI CITY),POND,ODISHA,17,34,3.1,12.0,8.1,9.4,618,1231,4.7,8.0,0.67,1.96,78,13000,220,35000,2022,NARENDRA POKHARI ( RELIGIOUS POND OF PURI CITY)
2436.0,PARVATI SAGAR ( RELIGIOUS POND OF PURI CITY),POND,ODISHA,23,34,1.9,10.9,7.0,9.1,310,854,5.6,12.5,0.32,2.38,110,4900,490,17000,2022,PARVATI SAGAR ( RELIGIOUS POND OF PURI CITY)
3963.0,RANIGUDA POND,POND,ODISHA,17,27,2.4,11.4,6.9,8.3,482,923,4.0,9.5,0.62,5.82,20,24000,170,35000,2022,RANIGUDA POND
2435.0,SWETAGANGA ( RELIGIOUS POND OF PURI CITY),POND,ODISHA,18,34,2.8,11.1,7.1,9.0,418,1387,4.3,9.0,0.32,2.52,45,35000,130,54000,2022,SWETAGANGA ( RELIGIOUS POND OF PURI CITY)
1686.0,"BAHOUR LAKE, LAKE ROAD, BAHOUR, PUDUCHERRY.",LAKE,PUDUCHERR Y,29,29,7.0,7.0,7.7,7.7,1219,1219,2.5,2.5,0.32,0.32,2,2,540,540,2022,"BAHOUR LAKE, LAKE ROAD, BAHOUR, PUDUCHERRY."
4634.0,"KANAGAN LAKE, LAKE ROAD, KADHIRGAMAM, PUDUCHERRY.",LAKE,PUDUCHERR Y,28,32,6.3,11.2,7.8,9.2,961,1642,2.5,6.5,0.32,0.32,2,94,110,350,2022,"KANAGAN LAKE, LAKE ROAD, KADHIRGAMAM, PUDUCHERRY."
1396.0,"OUSTERI LAKE, PATHUKANNU ROAD, OUSTERI, PUDUCHERRY.",LAKE,PUDUCHERR Y,28,32,6.0,8.8,8.5,8.9,310,451,1.0,2.8,0.32,0.32,2,70,84,350,2022,"OUSTERI LAKE, PATHUKANNU ROAD, OUSTERI, PUDUCHERRY."
1297.0,"HARIKE LAKE AT HARIKE VILLAGE, PUNJAB",LAKE,PUNJAB,15,32,7.2,9.0,7.7,8.2,180,423,1.0,2.7,0.90,1.80,260,2000,700,3900,2022,"HARIKE LAKE AT HARIKE VILLAGE, PUNJAB"
1382.0,"HARIKE LAKE D/S FROM CANAL, PUNJAB",LAKE,PUNJAB,15,31,6.9,9.1,7.6,8.3,190,379,1.0,3.1,1.10,2.20,210,2100,630,4600,2022,"HARIKE LAKE D/S FROM CANAL, PUNJAB"
2912.0,"RANJIT SAGAR RESERVOIR, PUNJAB",LAKE,PUNJAB,12,38,7.7,9.2,7.5,8.2,142,217,1.0,1.1,0.30,1.00,18,40,70,140,2022,"RANJIT SAGAR RESERVOIR, PUNJAB"
1481.0,"FATEH SAGAR LAKE AT UDAIPUR INTAKE POINT OF PHED, RAJASTHAN",LAKE,RAJASTHAN,24,29,5.2,6.9,7.6,8.6,536,700,1.3,2.5,3.13,5.23,67,140,140,220,2022,"FATEH SAGAR LAKE AT UDAIPUR INTAKE POINT OF PHED, RAJASTHAN"
2940.0,"GAPE- SAGAR LAKE, DUNGARPUR, RAJASTHAN",LAKE,RAJASTHAN,3,30,4.1,5.2,7.2,8.6,596,1210,2.9,3.8,1.62,7.18,220,280,350,500,2022,"GAPE- SAGAR LAKE, DUNGARPUR, RAJASTHAN"
4178.0,"GOVERDHAN SAGAR, UDAIPUR",LAKE,RAJASTHAN,18,28,4.0,5.1,7.1,8.0,866,1159,2.3,4.6,2.00,3.48,150,240,300,530,2022,"GOVERDHAN SAGAR, UDAIPUR"
2936.0,"JAISAMAND LAKE, ALWAR, RAJASTHAN",LAKE,RAJASTHAN,24,26,4.9,6.7,7.3,7.5,144,312,1.7,4.4,1.12,1.71,40,110,90,220,2022,"JAISAMAND LAKE, ALWAR, RAJASTHAN"
2941.0,"JAISAMAND LAKE, SALUMBER, UDAIPUR, POINT NO. 1, RAJASTHAN",LAKE,RAJASTHAN,23,27,5.9,7.9,7.4,8.5,586,652,1.3,2.8,1.42,3.12,60,115,140,190,2022,"JAISAMAND LAKE, SALUMBER, UDAIPUR, POINT NO. 1, RAJASTHAN"
2942.0,"JAISAMAND LAKE, SALUMBER, UDAIPUR, POINT NO. 2, RAJASTHAN",LAKE,RAJASTHAN,24,28,5.8,7.3,7.3,8.5,588,668,1.7,2.8,2.02,3.42,60,90,130,180,2022,"JAISAMAND LAKE, SALUMBER, UDAIPUR, POINT NO. 2, RAJASTHAN"
2944.0,"JALMAHAL, JAIPUR, RAJASTHAN",LAKE,RAJASTHAN,20,29,2.6,4.1,2.0,9.2,2430,3260,3.3,4.7,2.49,5.39,150,350,210,1600,2022,"JALMAHAL, JAIPUR, RAJASTHAN"
2935.0,"JET SAGAR LAKE, BUNDI, RAJASTHAN",LAKE,RAJASTHAN,19,33,3.7,4.6,7.8,8.5,312,508,1.2,2.6,0.88,3.09,110,280,210,1100,2022,"JET SAGAR LAKE, BUNDI, RAJASTHAN"
1714.0,"KAYALANA JHEEL JODHPUR, RAJASTHAN",LAKE,RAJASTHAN,17,28,5.4,8.1,7.5,8.6,268,392,1.0,4.0,1.54,2.62,2,84,11,152,2022,"KAYALANA JHEEL JODHPUR, RAJASTHAN"
2943.0,"LODHA TALAB, BANSWARA- DUNGARPUR ROAD, BANSWARA, RAJASTHAN",LAKE,RAJASTHAN,19,32,4.6,5.8,6.5,7.9,576,1143,1.7,3.1,2.12,4.92,60,150,130,460,2022,"LODHA TALAB, BANSWARA- DUNGARPUR ROAD, BANSWARA, RAJASTHAN"
1716.0,"NAKKI LAKE, MT. ABU, RAJASTHAN",LAKE,RAJASTHAN,10,22,4.5,6.8,6.6,8.4,164,403,1.2,4.0,1.66,2.04,2,94,13,175,2022,"NAKKI LAKE, MT. ABU, RAJASTHAN"
4795.0,"NELA TALAB, SECTOR-14 HIRAN MARG, UDAIPUR",LAKE,RAJASTHAN,18,29,3.5,4.2,7.3,7.9,820,1198,2.8,5.9,2.65,4.92,93,220,210,300,2022,"NELA TALAB, SECTOR-14 HIRAN MARG, UDAIPUR"
1285.0,"PICHOLA LAKE AT UDAIPUR (WATER INTAKE POINT), RAJASTHAN",LAKE,RAJASTHAN,23,28,5.1,5.9,7.4,8.5,230,602,1.6,3.3,2.22,3.15,64,130,120,220,2022,"PICHOLA LAKE AT UDAIPUR (WATER INTAKE POINT), RAJASTHAN"
1414.0,"PUSHKAR LAKE, RAJASTHAN",LAKE,RAJASTHAN,17,29,2.9,4.7,7.4,8.0,344,528,2.1,2.6,1.24,2.46,64,150,150,280,2022,"PUSHKAR LAKE, RAJASTHAN"
2938.0,"RAJSAMAND LAKE , RAJSAMAND- POINT NO.",LAKE,RAJASTHAN,19,36,5.8,7.6,7.3,8.5,519,883,2.1,3.3,1.37,3.13,75,140,170,240,2022,"RAJSAMAND LAKE , RAJSAMAND- POINT NO."
,"1, RAJSAMAND, RAJASTHAN",,,,,,,,,,,,,,,,,,,2022,"1, RAJSAMAND, RAJASTHAN"
2939.0,"RAJSAMAND LAKE , RAJSAMAND- POINT NO. 2, RAJSAMAND, RAJASTHAN",LAKE,RAJASTHAN,20,36,5.4,7.1,7.7,8.6,515,787,2.5,3.3,1.43,6.92,93,140,170,280,2022,"RAJSAMAND LAKE , RAJSAMAND- POINT NO. 2, RAJSAMAND, RAJASTHAN"
2937.0,"SILISERH LAKE, ALWAR, RAJASTHAN",LAKE,RAJASTHAN,17,31,5.2,7.2,7.3,7.6,194,2359,1.0,2.6,0.93,1.84,14,80,26,140,2022,"SILISERH LAKE, ALWAR, RAJASTHAN"
4177.0,SWAROOP SAGAR LAKE,LAKE,RAJASTHAN,18,28,3.9,5.2,6.9,8.4,478,719,1.7,3.2,1.42,3.46,39,130,120,220,2022,SWAROOP SAGAR LAKE
1286.0,UDAISAGAR LAKE AT UDAIPUR (INTAKE PT.) RAJASTHAN,LAKE,RAJASTHAN,17,28,4.2,5.5,6.8,8.4,1130,2000,1.6,3.1,2.12,4.79,78,170,210,280,2022,UDAISAGAR LAKE AT UDAIPUR (INTAKE PT.) RAJASTHAN
4179.0,"BADI KA TALAB, UDAIPUR",POND,RAJASTHAN,23,28,6.1,7.8,7.1,8.1,379,882,1.3,2.9,1.22,4.94,50,140,120,240,2022,"BADI KA TALAB, UDAIPUR"
5291.0,CHANGU LAKE,LAKE,SIKKIM,2,9,8.4,10.0,7.0,7.3,88,130,1.8,2.5,1.80,4.70,21,58,59,113,2022,CHANGU LAKE
5290.0,MENMOITSO LAKE,LAKE,SIKKIM,1,8,7.7,9.6,6.6,7.5,93,132,1.9,2.4,1.80,4.90,30,77,53,170,2022,MENMOITSO LAKE
1420.0,"KODAI KANAL LAKE, TAMILNADU",LAKE,TAMIL NADU,18,29,5.2,6.8,6.4,7.6,87,311,1.0,2.0,0.32,2.58,17,33,38,70,2022,"KODAI KANAL LAKE, TAMILNADU"
3008.0,"POONDI LAKE AT THIRUVALLUR, TAMILNADU",LAKE,TAMIL NADU,27,30,6.1,7.6,7.1,8.1,508,819,1.0,3.0,0.32,0.32,2,2,2,93,2022,"POONDI LAKE AT THIRUVALLUR, TAMILNADU"
3010.0,"PORUR LAKE AT THIRUVALLUR, TAMILNADU",LAKE,TAMIL NADU,26,30,6.1,7.3,7.1,8.5,882,1288,1.0,3.0,0.32,1.27,2,45,18,170,2022,"PORUR LAKE AT THIRUVALLUR, TAMILNADU"
3011.0,"PULICATE LAKE AT THIRUVALLUR, TAMILNADU",LAKE,TAMIL NADU,26,29,5.6,7.4,6.8,7.9,9470,53000,2.0,3.0,0.32,3.23,2,2,2,68,2022,"PULICATE LAKE AT THIRUVALLUR, TAMILNADU"
3009.0,"REDD HILLS AT THIRUVALLUR, TAMILNADU",LAKE,TAMIL NADU,26,28,6.2,7.4,7.0,7.9,389,607,2.0,3.0,0.32,0.32,2,40,20,170,2022,"REDD HILLS AT THIRUVALLUR, TAMILNADU"
1421.0,"UDHAGAMADALEM LAKE (OOTY), TAMILNADU",LAKE,TAMIL NADU,14,19,2.1,7.3,5.4,8.5,248,480,1.0,6.3,0.32,0.73,170,310,320,630,2022,"UDHAGAMADALEM LAKE (OOTY), TAMILNADU"
3007.0,"VEERANAM LAKE AT CUDDALORE, TAMILNADU",LAKE,TAMIL NADU,21,34,6.0,6.8,6.1,8.6,351,809,1.0,2.6,0.32,0.60,9,26,24,49,2022,"VEERANAM LAKE AT CUDDALORE, TAMILNADU"
1452.0,"YERCAUD LAKE, SALEM, TAMILNADU",LAKE,TAMIL NADU,19,27,3.5,6.9,6.1,8.4,205,372,1.0,5.4,0.32,0.65,17,310,26,630,2022,"YERCAUD LAKE, SALEM, TAMILNADU"
4823.0,"OVER HEAD TANK AT TIRUR VILLAGE, TIRUVALLUR TALUK, TIRUVALLUR PANCHAYAT UN",TANK,TAMIL NADU,25,30,5.3,7.3,6.5,7.7,1040,1518,1.0,2.0,0.32,2.21,2,2,36,78,2022,"OVER HEAD TANK AT TIRUR VILLAGE, TIRUVALLUR TALUK, TIRUVALLUR PANCHAYAT UN"
4670.0,"BAIRAMALGUDA CHERUVU, SAROORNAGAR, RANGAREDDY DISTRICT",LAKE,TELANGANA,25,35,0.3,4.7,6.3,8.2,864,1535,2.0,16.0,2.80,6.60,6,34,280,540,2022,"BAIRAMALGUDA CHERUVU, SAROORNAGAR, RANGAREDDY DISTRICT"
5052.0,"BAKSHI KUNTA, CHANDANAGAR(V), SHERILINGAMPALLY(M), RANGA REDDY(D)",LAKE,TELANGANA,20,28,0.3,5.2,6.9,8.1,596,1047,1.2,16.0,3.40,4.10,9,48,350,430,2022,"BAKSHI KUNTA, CHANDANAGAR(V), SHERILINGAMPALLY(M), RANGA REDDY(D)"
4676.0,"BANDA CHERUVU, MALKAJIGIRI (V),MALKAJIGIRI (M), MEDCHAL- MALKAJGIRI (D)",LAKE,TELANGANA,25,29,0.3,3.7,7.0,8.1,792,1603,1.8,15.0,2.04,10.12,14,27,430,540,2022,"BANDA CHERUVU, MALKAJIGIRI (V),MALKAJIGIRI (M), MEDCHAL- MALKAJGIRI (D)"
4682.0,"BANDAM CHERUVU, NEAR NIT WARANGAL, HANAMKONDA",LAKE,TELANGANA,24,28,0.3,4.7,7.1,8.3,513,1602,1.8,12.0,0.62,8.02,2,33,110,540,2022,"BANDAM CHERUVU, NEAR NIT WARANGAL, HANAMKONDA"
5048.0,"BANDAM KUNTA, GAJULARAMARAM (V), QUTHBULLAPUR (M), MEDCHAL MALKAJGIRI (D)",LAKE,TELANGANA,28,28,2.6,2.6,7.4,7.4,631,631,3.6,3.6,,,17,17,150,150,2022,"BANDAM KUNTA, GAJULARAMARAM (V), QUTHBULLAPUR (M), MEDCHAL MALKAJGIRI (D)"
5040.0,"BANDLAGUDA CHERUVU, NAGOLE (V), UPPAL (M), MEDCHAL (D)",LAKE,TELANGANA,25,32,0.3,1.2,6.9,7.9,895,1489,4.0,22.0,3.00,8.93,6,46,350,540,2022,"BANDLAGUDA CHERUVU, NAGOLE (V), UPPAL (M), MEDCHAL (D)"
4690.0,"BANJARA KUNTA (SINGADI KUNTA),",LAKE,TELANGANA,22,27,0.3,4.2,6.7,8.0,438,1117,2.2,42.0,0.98,17.02,6,34,350,540,2022,"BANJARA KUNTA (SINGADI KUNTA),"
,"SHAIKPET (V&M), HYDERABAD (D)",,,,,,,,,,,,,,,,,,,2022,"SHAIKPET (V&M), HYDERABAD (D)"
3074.0,"BANJARA LAKE (ANANTAGANI KUNTA), BANJARA HILLS, HYDERABAD",LAKE,TELANGANA,25,32,0.3,3.8,7.2,7.7,768,1260,6.0,18.0,2.80,13.95,11,41,350,540,2022,"BANJARA LAKE (ANANTAGANI KUNTA), BANJARA HILLS, HYDERABAD"
5126.0,"BATHULA KUNTA, ANMAGAL (V), HAYATHNAGAR (M), RANGAREDDY (D)",LAKE,TELANGANA,25,32,0.3,3.9,5.8,8.2,1199,1930,2.0,24.0,2.62,8.60,11,47,350,540,2022,"BATHULA KUNTA, ANMAGAL (V), HAYATHNAGAR (M), RANGAREDDY (D)"
5035.0,"BATHUR KUNTA, SHAIKPET(V&M), HYDERABAD (D)",LAKE,TELANGANA,22,28,0.3,3.9,7.4,8.3,932,1124,1.1,10.0,0.82,2.20,8,27,350,480,2022,"BATHUR KUNTA, SHAIKPET(V&M), HYDERABAD (D)"
4679.0,"BOMRUKUD-DOWLA LAKE(HUDA PARK LAKE ), BUMRUKNUDOWLA (V), RAJENDRANAGAR (M), RANGAREDDY (D)",LAKE,TELANGANA,25,33,0.3,3.5,6.8,8.4,1862,2347,4.0,17.0,3.80,10.02,14,47,350,920,2022,"BOMRUKUD-DOWLA LAKE(HUDA PARK LAKE ), BUMRUKNUDOWLA (V), RAJENDRANAGAR (M), RANGAREDDY (D)"
4684.0,"CAMPUS LAKE, ICRISAT, KACHIREDDI PALLY (V), RAMACHANDRAPURAM (M),SANGAREDDY DISTRICT",LAKE,TELANGANA,21,26,5.4,7.2,7.1,8.2,414,767,1.8,4.0,3.14,10.13,6,15,76,170,2022,"CAMPUS LAKE, ICRISAT, KACHIREDDI PALLY (V), RAMACHANDRAPURAM (M),SANGAREDDY DISTRICT"
5060.0,"CHAKALAVANI CHERUVU , LINGAMPALLY(V), SHERILINGAMPALLY(M), RANGA REDDY(D)",LAKE,TELANGANA,20,30,0.3,4.2,7.0,7.7,979,1524,2.0,21.0,3.20,22.90,9,27,430,540,2022,"CHAKALAVANI CHERUVU , LINGAMPALLY(V), SHERILINGAMPALLY(M), RANGA REDDY(D)"
5133.0,"CHANDANA CHERUVU, JILLELAGUDA (V), RANGAREDDY (D)",LAKE,TELANGANA,25,32,0.3,2.9,7.0,8.0,1164,1622,3.2,19.0,3.62,8.22,11,47,430,540,2022,"CHANDANA CHERUVU, JILLELAGUDA (V), RANGAREDDY (D)"
5051.0,"CHINNA BANDHAM, SURARAM(V), QUTHBULLAPUR(M), MEDCHAL MALKAJGIRI(D)",LAKE,TELANGANA,25,28,0.3,3.4,7.3,7.5,915,1109,1.2,6.0,3.30,4.80,17,33,430,430,2022,"CHINNA BANDHAM, SURARAM(V), QUTHBULLAPUR(M), MEDCHAL MALKAJGIRI(D)"
5113.0,"CHINNA CHERUVU, RAMANTHAPUR (V),",LAKE,TELANGANA,25,32,0.3,3.2,7.0,8.0,771,1331,2.0,14.0,2.20,6.40,11,43,250,540,2022,"CHINNA CHERUVU, RAMANTHAPUR (V),"
,"UPPAL (M),MEDCHAL- MALKAJGIRI (D)",,,,,,,,,,,,,,,,,,,2022,"UPPAL (M),MEDCHAL- MALKAJGIRI (D)"
5055.0,"CHINNA PEDDA CHERUVU, GOPANPALLY(V), SHERILINGAMPALLY(M), RANGA REDDY(D)",LAKE,TELANGANA,20,30,1.0,5.8,6.9,8.4,488,1038,1.2,10.0,2.80,11.12,12,33,280,540,2022,"CHINNA PEDDA CHERUVU, GOPANPALLY(V), SHERILINGAMPALLY(M), RANGA REDDY(D)"
4668.0,"CHINNARAYANA CHERUVU, ALWAL (V&M), MEDCHAL- MALKAJGIRI (D)",LAKE,TELANGANA,25,28,0.3,3.0,7.0,7.8,883,1746,2.2,22.0,3.70,12.02,4,43,14,540,2022,"CHINNARAYANA CHERUVU, ALWAL (V&M), MEDCHAL- MALKAJGIRI (D)"
5046.0,"CHINTAL CHERUVU, GAJULARAMARAM(V), QUTHBULLAPUR(M), MEDCHAL MALKAJGIRI(D)",LAKE,TELANGANA,24,30,0.3,4.2,7.4,8.3,488,705,1.0,5.0,1.89,10.02,4,38,170,430,2022,"CHINTAL CHERUVU, GAJULARAMARAM(V), QUTHBULLAPUR(M), MEDCHAL MALKAJGIRI(D)"
5039.0,"DMRL LAKE, KANCHANBAGH, CHANDRAYANGUDA (M), HYDERABAD (D)",LAKE,TELANGANA,22,28,0.3,3.0,7.2,8.0,1192,1720,2.2,10.0,2.80,9.80,11,41,350,540,2022,"DMRL LAKE, KANCHANBAGH, CHANDRAYANGUDA (M), HYDERABAD (D)"
3070.0,"FOX SAGAR, JEEDIMETLA (V), QUTUBULLAPUR (M), MEDCHAL MALKAJGIRI (D)",LAKE,TELANGANA,24,29,0.3,3.8,7.3,8.3,870,1793,2.2,15.0,3.01,12.22,8,47,350,540,2022,"FOX SAGAR, JEEDIMETLA (V), QUTUBULLAPUR (M), MEDCHAL MALKAJGIRI (D)"
4669.0,"GANGARAM PEDDA CHERUVU, GANGARAM(V), SERLINGAMPALLY (M), RANGAREDDY DISTRICT",LAKE,TELANGANA,26,30,1.0,2.6,7.0,7.4,754,902,2.0,4.0,3.20,3.20,7,33,430,540,2022,"GANGARAM PEDDA CHERUVU, GANGARAM(V), SERLINGAMPALLY (M), RANGAREDDY DISTRICT"
5059.0,"GOPI CHERUVU, LINGAMPALLY(V), SHERILINGAMPALLY(M), RANGA REDDY(D)",LAKE,TELANGANA,20,30,0.3,4.6,7.1,8.3,933,1580,2.4,17.0,2.80,22.50,9,25,350,540,2022,"GOPI CHERUVU, LINGAMPALLY(V), SHERILINGAMPALLY(M), RANGA REDDY(D)"
5062.0,"GURUNATH CHERUVU, MIYAPUR (V), SHERILINGAMPALLY(M), RANGA REDDY (D)",LAKE,TELANGANA,20,29,0.3,3.9,6.9,8.4,727,1336,2.0,29.0,2.80,6.82,6,34,350,540,2022,"GURUNATH CHERUVU, MIYAPUR (V), SHERILINGAMPALLY(M), RANGA REDDY (D)"
3073.0,"HASMATHPET LAKE, HASMATHPET",LAKE,TELANGANA,25,31,0.3,3.9,7.2,7.9,721,1242,2.2,16.0,2.62,7.12,8,140,240,540,2022,"HASMATHPET LAKE, HASMATHPET"
1789.0,"HIMAYATHSAGAR LAKE, SHAMSHABAD (M), RANGA REDDY DIST.",LAKE,TELANGANA,24,30,5.1,6.4,7.5,8.5,441,568,1.0,6.0,0.30,8.02,2,2,12,70,2022,"HIMAYATHSAGAR LAKE, SHAMSHABAD (M), RANGA REDDY DIST."
1391.0,"HUSSAIN SAGAR LAKE, DOMALGUDA (V), HYDERABAD",LAKE,TELANGANA,25,30,0.3,4.7,7.3,8.0,994,1566,3.0,20.0,3.80,20.80,32,430,350,1600,2022,"HUSSAIN SAGAR LAKE, DOMALGUDA (V), HYDERABAD"
4686.0,"ICRISAT LAKE,ICRISAT, MANMOLE (V), RAMACHANDRAPURAM (M), SANGAREDDY DISTRICT",LAKE,TELANGANA,22,26,5.7,6.9,6.9,8.2,692,1040,2.2,4.9,3.15,19.16,7,24,92,220,2022,"ICRISAT LAKE,ICRISAT, MANMOLE (V), RAMACHANDRAPURAM (M), SANGAREDDY DISTRICT"
4666.0,"ISMAILKHANPET TANK, ISMAILKHANPET (V), SANGAREDDY (M & DISTRICT)",LAKE,TELANGANA,23,25,6.0,6.9,7.2,7.9,553,1665,2.0,4.2,5.06,30.15,2,8,10,27,2022,"ISMAILKHANPET TANK, ISMAILKHANPET (V), SANGAREDDY (M & DISTRICT)"
5112.0,"KAMUNI CHERUVU, MOOSAPET (V), KUKATPALLY (M),MEDCHAL- MALKAJGIRI (D)",LAKE,TELANGANA,26,28,0.3,0.3,6.9,7.5,1389,1471,6.0,10.0,4.24,5.80,14,39,430,540,2022,"KAMUNI CHERUVU, MOOSAPET (V), KUKATPALLY (M),MEDCHAL- MALKAJGIRI (D)"
4235.0,"KAMUNI CHERUVU, SHAMSHABAD (V&M), RANGAREDDY DISTRICT",LAKE,TELANGANA,25,30,0.9,4.6,7.2,8.4,869,1384,2.6,23.0,2.46,7.42,11,46,430,540,2022,"KAMUNI CHERUVU, SHAMSHABAD (V&M), RANGAREDDY DISTRICT"
4699.0,"KAPRAI CHERUVU, SAHEBNAGAR, HAYATHNAGAR,RANGAR EDDY DISTRICT",LAKE,TELANGANA,25,35,2.5,5.6,7.1,8.4,480,681,1.0,8.0,1.22,5.60,2,58,220,430,2022,"KAPRAI CHERUVU, SAHEBNAGAR, HAYATHNAGAR,RANGAR EDDY DISTRICT"
4232.0,"KOMATI CHERUVU, SIDDIPET TOWN, SIDDIPET DISTRICT.",LAKE,TELANGANA,18,36,5.3,6.6,7.3,8.1,575,894,2.5,4.0,4.08,11.12,2,9,42,79,2022,"KOMATI CHERUVU, SIDDIPET TOWN, SIDDIPET DISTRICT."
5054.0,"KOMATI KUNTA, GOPANPALLY (V), SHERILINGAMPALLY (M), RANGA REDDY (D)",LAKE,TELANGANA,20,30,0.3,5.5,6.9,8.3,400,1108,1.6,22.0,1.92,9.22,8,34,280,540,2022,"KOMATI KUNTA, GOPANPALLY (V), SHERILINGAMPALLY (M), RANGA REDDY (D)"
5116.0,"KOTHA CHERUVU (NOVATEL LAKE), KHANAMET (V), SERILINGAMPALLY (M), RANGAREDDY(D)",LAKE,TELANGANA,24,30,0.3,2.8,7.0,7.9,723,1411,3.0,12.0,1.62,8.12,4,38,350,540,2022,"KOTHA CHERUVU (NOVATEL LAKE), KHANAMET (V), SERILINGAMPALLY (M), RANGAREDDY(D)"
5032.0,"KOTHA CHERUVU, SHAIKPET(V&M), HYDERABAD (D)",LAKE,TELANGANA,22,27,0.3,4.1,7.4,8.1,789,2075,1.5,14.0,1.20,7.44,11,33,430,920,2022,"KOTHA CHERUVU, SHAIKPET(V&M), HYDERABAD (D)"
4248.0,"KOTI CHERUVU, MULUGU ROAD, WARANGAL, WARANGAL DISTRICT",LAKE,TELANGANA,25,28,0.3,3.8,7.2,8.5,874,1394,2.0,10.0,1.00,4.20,4,39,63,540,2022,"KOTI CHERUVU, MULUGU ROAD, WARANGAL, WARANGAL DISTRICT"
4705.0,"KOTTA CHERUVU, ALWAL (V & M),MEDCHAL- MALKAJGIRI (D)",LAKE,TELANGANA,25,28,0.3,3.2,7.2,7.9,998,1975,1.0,12.0,2.80,9.78,11,39,350,540,2022,"KOTTA CHERUVU, ALWAL (V & M),MEDCHAL- MALKAJGIRI (D)"
5057.0,"KUDI KUNTA (GAUTHAMI LAKE), KONDAPUR(V), SHERILINGAMPALLY(M), RANGA REDDY(D)",LAKE,TELANGANA,20,30,0.3,3.1,7.1,7.9,714,1708,4.0,46.0,2.80,22.50,11,33,350,920,2022,"KUDI KUNTA (GAUTHAMI LAKE), KONDAPUR(V), SHERILINGAMPALLY(M), RANGA REDDY(D)"
4680.0,"LAKNAVARAM CHERUVU, LAKNAVARAM, (V), GOVINDARAO PETA (M), MULUGU DISTRICT.",LAKE,TELANGANA,23,29,5.3,6.5,7.7,8.5,117,1382,1.0,1.5,0.30,1.92,2,2,12,70,2022,"LAKNAVARAM CHERUVU, LAKNAVARAM, (V), GOVINDARAO PETA (M), MULUGU DISTRICT."
2340.0,"LAKSHMINARAYANA CHERUVU AT EDULABAD, GHATKESAR, MEDCHAL DISTRICT",LAKE,TELANGANA,23,30,2.2,5.0,7.4,8.5,1173,1848,1.2,10.0,1.00,3.90,10,34,280,430,2022,"LAKSHMINARAYANA CHERUVU AT EDULABAD, GHATKESAR, MEDCHAL DISTRICT"
4677.0,"LINGAM CHERUVU, SURARAM (V), QUTHUBULLAPUR(M), MEDCHAL-MALKAJGIRI DISTRICT",LAKE,TELANGANA,25,29,0.3,3.6,6.9,8.2,967,1953,1.0,52.0,3.86,16.02,11,34,430,540,2022,"LINGAM CHERUVU, SURARAM (V), QUTHUBULLAPUR(M), MEDCHAL-MALKAJGIRI DISTRICT"
4701.0,"LINGAM KUNTA, CHANDANAGAR (V), SERLINGAMPALLY(M), RANGA REDDY (D).",LAKE,TELANGANA,20,30,0.3,3.9,7.2,8.1,920,1378,1.2,54.0,3.20,20.15,11,79,350,540,2022,"LINGAM KUNTA, CHANDANAGAR (V), SERLINGAMPALLY(M), RANGA REDDY (D)."
5047.0,"MAHABOOB KUNTA , SURARAM(V), QUTHBULLAPUR(M), MEDCHAL MALKAJGIRI(D)",LAKE,TELANGANA,28,28,1.0,1.0,7.5,7.5,655,655,4.0,4.0,2.32,2.32,11,11,350,350,2022,"MAHABOOB KUNTA , SURARAM(V), QUTHBULLAPUR(M), MEDCHAL MALKAJGIRI(D)"
5132.0,"MALKA CHERUVU, RAIDURG (V), SERLINGAMPALLY (M), RANGAREDDY (D)",LAKE,TELANGANA,28,32,4.0,7.2,7.2,8.4,1119,1758,10.0,42.0,0.02,19.02,2,350,23,1600,2022,"MALKA CHERUVU, RAIDURG (V), SERLINGAMPALLY (M), RANGAREDDY (D)"
4698.0,"MANNEVARI KUNTA, MACHABOLLARAM (V), ALWAL (M), MEDCHAL- MALKAJGIRI (D)",LAKE,TELANGANA,25,28,0.3,0.3,7.3,7.6,1305,2185,12.0,16.0,3.20,3.20,11,39,430,540,2022,"MANNEVARI KUNTA, MACHABOLLARAM (V), ALWAL (M), MEDCHAL- MALKAJGIRI (D)"
5134.0,"MANTHRALA CHERUVU, MEERPET (V), RANGAREDDY (D)",LAKE,TELANGANA,25,32,0.3,3.8,7.1,8.0,1023,1930,2.0,28.0,3.90,9.32,15,46,350,540,2022,"MANTHRALA CHERUVU, MEERPET (V), RANGAREDDY (D)"
5049.0,"MEDDELA KUNTA, GAJULARAMARAM(V), QUTHBULLAPUR(M), MEDCHAL MALKAJGIRI(D)",LAKE,TELANGANA,24,29,0.3,5.0,7.5,8.2,848,1552,2.3,11.0,3.56,11.02,9,26,210,540,2022,"MEDDELA KUNTA, GAJULARAMARAM(V), QUTHBULLAPUR(M), MEDCHAL MALKAJGIRI(D)"
4671.0,"MEEDI KUNTA, GUTTALA BEGUMPET (V), SERLINGAMPALLY (M), RANGAREDDY DISTRICT",LAKE,TELANGANA,25,28,0.3,3.2,7.0,7.3,575,1202,2.0,10.0,3.20,5.40,10,33,350,430,2022,"MEEDI KUNTA, GUTTALA BEGUMPET (V), SERLINGAMPALLY (M), RANGAREDDY DISTRICT"
4672.0,"MEEDI KUNTA , NANAKRAMGUDA (V), SERILINGAMPALLY (M), RANGAREDDY DISTRICT",LAKE,TELANGANA,24,29,0.3,3.8,7.1,7.9,721,1067,2.2,29.0,3.20,8.12,9,70,430,540,2022,"MEEDI KUNTA , NANAKRAMGUDA (V), SERILINGAMPALLY (M), RANGAREDDY DISTRICT"
4673.0,"MEEDI KUNTA (BK ENCLAVE LAKE), MADEENAGUDA (V), SERLINGAMPALLY (M), RANGAREDDY DISTRICT",LAKE,TELANGANA,18,29,0.3,4.0,6.8,8.4,497,1376,1.0,16.0,2.60,6.32,4,34,26,540,2022,"MEEDI KUNTA (BK ENCLAVE LAKE), MADEENAGUDA (V), SERLINGAMPALLY (M), RANGAREDDY DISTRICT"
4674.0,"MEEDI KUNTA, HAFEEZPET (V), SERLINGAMPALLY (M), RANGAREDDY DISTRICT",LAKE,TELANGANA,24,29,0.3,5.4,7.1,8.2,501,1138,1.2,15.0,2.08,7.22,2,60,94,540,2022,"MEEDI KUNTA, HAFEEZPET (V), SERLINGAMPALLY (M), RANGAREDDY DISTRICT"
2341.0,"MIRALAM TANK, BAHADURPURA (M), HYDERABAD",LAKE,TELANGANA,24,31,0.3,3.8,7.2,7.9,1142,1460,2.0,15.0,2.20,9.32,8,94,280,430,2022,"MIRALAM TANK, BAHADURPURA (M), HYDERABAD"
5029.0,"MOHINI CHERUVU, RAMANTHAPUR (V), UPPAL(M), MEDCHAL- MALKAJGIRI (D)",LAKE,TELANGANA,22,28,0.3,4.1,7.1,8.4,1124,2128,3.2,8.0,2.20,6.22,11,39,350,430,2022,"MOHINI CHERUVU, RAMANTHAPUR (V), UPPAL(M), MEDCHAL- MALKAJGIRI (D)"
5045.0,"MOTHKULA KUNTA, MACHABOLLARAM(V),AL WAL (M), MEDCHAL MALKAJGIRI(D)",LAKE,TELANGANA,25,30,0.3,3.6,7.2,7.6,1037,1735,3.0,27.0,3.80,8.75,12,48,430,540,2022,"MOTHKULA KUNTA, MACHABOLLARAM(V),AL WAL (M), MEDCHAL MALKAJGIRI(D)"
5043.0,"MYSAMMA CHERUVU, KUKATPALLY(V&M), MEDCHAL MALKAJGIRI(D)",LAKE,TELANGANA,24,28,0.3,1.2,7.1,7.8,946,1496,3.0,17.0,2.60,12.02,12,40,430,540,2022,"MYSAMMA CHERUVU, KUKATPALLY(V&M), MEDCHAL MALKAJGIRI(D)"
4691.0,"NAGOLE CHERUVU, UPPAL, MEDCHAL - MALKAJGIRI DISTRICT",LAKE,TELANGANA,25,32,0.3,3.3,6.9,7.7,808,1367,2.0,25.0,2.70,5.80,17,63,430,540,2022,"NAGOLE CHERUVU, UPPAL, MEDCHAL - MALKAJGIRI DISTRICT"
5063.0,"NANAKRAM KUNTA, NANAKRAMGUDA(V), SHERILINGAMPALLY(M), RANGA REDDY (D)",LAKE,TELANGANA,25,28,2.2,4.4,6.8,7.7,456,967,2.0,4.0,2.60,4.30,2,31,350,430,2022,"NANAKRAM KUNTA, NANAKRAMGUDA(V), SHERILINGAMPALLY(M), RANGA REDDY (D)"
4688.0,"NARINJA LAKE, KOTHUR- B (V), ZAHEERABAD (M), SANGAREDDY",LAKE,TELANGANA,25,26,5.6,6.8,7.1,7.9,450,919,2.0,3.6,4.09,18.10,2,10,20,48,2022,"NARINJA LAKE, KOTHUR- B (V), ZAHEERABAD (M), SANGAREDDY"
5030.0,"NAYA QILLA TALAB, GOLKONDA (V&M), HYDERABAD (D)",LAKE,TELANGANA,22,27,0.3,4.1,7.7,8.4,935,1347,1.2,20.0,1.10,7.04,8,38,350,540,2022,"NAYA QILLA TALAB, GOLKONDA (V&M), HYDERABAD (D)"
5056.0,"NAYANAMMA KUNTA (BASPALLI CHERUVU), HAFEEZPET (V), SHERILINGAMPALLY (M), RANGA REDDY (D)",LAKE,TELANGANA,20,28,0.6,4.8,7.2,8.5,544,1121,1.0,5.2,2.90,4.20,2,33,350,540,2022,"NAYANAMMA KUNTA (BASPALLI CHERUVU), HAFEEZPET (V), SHERILINGAMPALLY (M), RANGA REDDY (D)"
4229.0,"NEKNAMPUR LAKE, NEKNAMPUR, IBRAHIMBAGH, RAJENDRANAGAR",LAKE,TELANGANA,25,32,0.3,4.1,6.9,7.8,1167,2144,3.0,18.0,2.60,13.40,10,39,350,540,2022,"NEKNAMPUR LAKE, NEKNAMPUR, IBRAHIMBAGH, RAJENDRANAGAR"
,"(M),RANGAREDDY DISTRICT",,,,,,,,,,,,,,,,,,,2022,"(M),RANGAREDDY DISTRICT"
2342.0,"NOOR MD. KUNTA, SHAMSHABAD",LAKE,TELANGANA,25,30,0.3,0.3,6.8,8.2,805,1556,6.0,16.0,4.40,11.64,10,58,350,1600,2022,"NOOR MD. KUNTA, SHAMSHABAD"
5121.0,"PALLE CHERUVU, KATEDHAN (V), RAJENDRANAGAR (M), RANGAREDDY (D)",LAKE,TELANGANA,25,30,0.3,0.3,7.1,7.9,925,1804,6.0,20.0,3.20,7.80,21,41,430,540,2022,"PALLE CHERUVU, KATEDHAN (V), RAJENDRANAGAR (M), RANGAREDDY (D)"
5128.0,"PALLE CHERUVU, MAILARDEV PALLY (V), RAJENDRANAGAR (M), RANGAREDDY (D)",LAKE,TELANGANA,25,32,0.3,3.4,6.9,7.6,1140,1956,1.0,20.0,3.62,21.02,12,70,350,920,2022,"PALLE CHERUVU, MAILARDEV PALLY (V), RAJENDRANAGAR (M), RANGAREDDY (D)"
4696.0,"PARKI CHERUVU, KUKATPALLY (V&M), MEDCHAL-MALKAJGIRI (D)",LAKE,TELANGANA,25,29,0.3,2.6,7.1,7.7,919,1763,2.4,17.0,2.00,14.02,12,48,350,540,2022,"PARKI CHERUVU, KUKATPALLY (V&M), MEDCHAL-MALKAJGIRI (D)"
4693.0,"PATEL CHERUVU, MADINAGUDA(V), SERLINGAMPALLY (M), RANGAREDDY (D)",LAKE,TELANGANA,25,29,0.3,3.4,7.1,7.7,762,1350,2.0,22.0,3.20,6.20,7,31,430,1600,2022,"PATEL CHERUVU, MADINAGUDA(V), SERLINGAMPALLY (M), RANGAREDDY (D)"
4678.0,"PATEL CHERUVU, NACHARAM (V), UPPAL (NEW MANDAL), MEDCHAL- MALKAJIGIRI",LAKE,TELANGANA,25,30,0.3,1.2,6.8,7.9,980,2233,3.0,28.0,2.86,11.16,6,41,430,540,2022,"PATEL CHERUVU, NACHARAM (V), UPPAL (NEW MANDAL), MEDCHAL- MALKAJIGIRI"
5041.0,"PATHULGUDA CHERUVU, PATHULGUDA (V), SAROORNAGAR (M), RANGAREDDY (D)",LAKE,TELANGANA,25,32,0.3,4.1,7.7,8.4,826,1447,2.0,18.0,2.90,6.90,17,46,430,540,2022,"PATHULGUDA CHERUVU, PATHULGUDA (V), SAROORNAGAR (M), RANGAREDDY (D)"
4702.0,"PEDDA CHERUVU, KHAJAGUDA (V), SERLINGAMPALLY(M), RANGA REDDY DISTRICT",LAKE,TELANGANA,27,30,2.5,5.7,7.0,8.9,868,1662,7.0,30.0,10.02,30.00,4,350,21,1600,2022,"PEDDA CHERUVU, KHAJAGUDA (V), SERLINGAMPALLY(M), RANGA REDDY DISTRICT"
4683.0,"PEDDA CHERUVU, MADIKONDA (V), KHAZIPET (M),",LAKE,TELANGANA,24,28,0.3,5.8,7.6,8.4,348,951,1.0,6.1,1.10,12.22,2,21,47,430,2022,"PEDDA CHERUVU, MADIKONDA (V), KHAZIPET (M),"
,"HANUMAKONDA, WARANGAL",,,,,,,,,,,,,,,,,,,2022,"HANUMAKONDA, WARANGAL"
4661.0,"PEDDAKANJARLA TANK, PEDDAKANJARLA (V), PATANCHERU (M), SANGAREDDY DISTRICT.",LAKE,TELANGANA,24,26,6.0,6.9,6.6,8.5,275,528,1.3,3.0,2.13,8.12,2,5,12,22,2022,"PEDDAKANJARLA TANK, PEDDAKANJARLA (V), PATANCHERU (M), SANGAREDDY DISTRICT."
5061.0,"PEDDAKUDI CHERUVU, MAQTA MAHBOOBPET(V), SHERILINGAMPALLY(M), RANGA REDDY(D)",LAKE,TELANGANA,20,29,0.3,3.8,7.0,7.7,596,1606,1.2,19.0,2.60,8.62,7,39,350,540,2022,"PEDDAKUDI CHERUVU, MAQTA MAHBOOBPET(V), SHERILINGAMPALLY(M), RANGA REDDY(D)"
4681.0,"PHAKAL CHERUVU, NARSAMPET, WARANGAL DISTRICT",LAKE,TELANGANA,23,28,4.9,6.4,7.2,8.7,131,643,1.0,1.9,0.30,3.92,2,6,17,120,2022,"PHAKAL CHERUVU, NARSAMPET, WARANGAL DISTRICT"
5053.0,"RAMAMMA KUNTA , GACHIBOWLI (V), SHERILINGAMPALLY(M), RANGA REDDY (D)",LAKE,TELANGANA,25,34,0.3,5.2,7.1,8.3,495,1189,1.0,8.0,2.99,7.22,11,41,350,540,2022,"RAMAMMA KUNTA , GACHIBOWLI (V), SHERILINGAMPALLY(M), RANGA REDDY (D)"
5036.0,"RAMANNA CHERUVU, BOINPALLY(V), TIRUMALAGIRI(M), HYDERABAD (D)",LAKE,TELANGANA,25,27,0.3,5.3,7.2,8.3,537,1084,1.5,18.0,2.40,9.10,11,43,350,430,2022,"RAMANNA CHERUVU, BOINPALLY(V), TIRUMALAGIRI(M), HYDERABAD (D)"
4692.0,"RAMANTHAPUR PEDDA CHERUVU, RAMANTHAPUR, MEDCHAL - MALKAJGIRI DISTRICT",LAKE,TELANGANA,24,32,0.3,3.6,6.8,7.6,823,1729,1.0,19.0,2.62,5.80,7,39,350,540,2022,"RAMANTHAPUR PEDDA CHERUVU, RAMANTHAPUR, MEDCHAL - MALKAJGIRI DISTRICT"
3068.0,"RAMAPPA LAKE, PALAMPET (V), VENKATAPURAM (M), MULUGU DISTRICT.",LAKE,TELANGANA,22,28,5.4,6.7,7.3,8.5,136,330,1.0,5.0,0.30,2.82,2,4,26,150,2022,"RAMAPPA LAKE, PALAMPET (V), VENKATAPURAM (M), MULUGU DISTRICT."
4249.0,"RANGASAMUDRAM, URSU (V), KHILA WARANGAL (M), WARANGAL DISTRICT",LAKE,TELANGANA,24,29,0.3,6.0,7.3,8.6,105,1350,1.0,14.0,1.00,11.22,4,31,58,430,2022,"RANGASAMUDRAM, URSU (V), KHILA WARANGAL (M), WARANGAL DISTRICT"
4687.0,"RED LAKE, ICRISAT, RAMACHANDRAPURAM (M), SANGAREDDY DISTRICT",LAKE,TELANGANA,22,26,5.6,6.6,7.0,8.1,732,1085,2.5,5.6,3.16,31.12,8,31,126,350,2022,"RED LAKE, ICRISAT, RAMACHANDRAPURAM (M), SANGAREDDY DISTRICT"
5058.0,"REGULA KUNTA, MIYAPUR (V), SHERILINGAMPALLY (M), RANGA REDDY (D)",LAKE,TELANGANA,20,30,0.3,4.8,6.9,8.3,671,964,2.0,14.0,2.30,8.02,9,34,350,540,2022,"REGULA KUNTA, MIYAPUR (V), SHERILINGAMPALLY (M), RANGA REDDY (D)"
3072.0,"SAFILGUDA LAKE, MEDCHAL",LAKE,TELANGANA,24,29,0.3,1.2,6.9,7.9,782,1836,2.0,16.0,2.30,7.44,6,120,430,540,2022,"SAFILGUDA LAKE, MEDCHAL"
5038.0,"SALKAM CHERUVU , BANDLAGUDA(KALSA) (V), BANDLAGUDA (M), HYDERABAD (D)",LAKE,TELANGANA,22,30,0.3,2.6,7.0,8.0,1343,2026,4.0,10.0,2.60,11.72,3,43,350,540,2022,"SALKAM CHERUVU , BANDLAGUDA(KALSA) (V), BANDLAGUDA (M), HYDERABAD (D)"
5033.0,"SHAHATAM CHERUVU, SHAIKPET(V&M), HYDERABAD (D)",LAKE,TELANGANA,22,27,0.3,2.3,7.2,8.4,731,1514,1.8,20.0,0.98,12.20,10,34,350,430,2022,"SHAHATAM CHERUVU, SHAIKPET(V&M), HYDERABAD (D)"
5034.0,"SHIKARI KUNTA, HAKEEMPET(V), SHAIKPET(M), HYDERABAD (D)",LAKE,TELANGANA,22,27,0.3,5.9,7.5,8.3,830,1068,1.8,12.0,0.68,9.02,12,79,350,480,2022,"SHIKARI KUNTA, HAKEEMPET(V), SHAIKPET(M), HYDERABAD (D)"
5044.0,"SUDALAVANI KUNTA (SUNNAM CHERUVU), ALLAHPUR(V), BORABANDA(M),MEDCH AL MALKAJGIRI(D)",LAKE,TELANGANA,24,28,0.3,2.2,7.2,8.2,873,1873,2.0,39.0,3.60,21.19,5,94,350,540,2022,"SUDALAVANI KUNTA (SUNNAM CHERUVU), ALLAHPUR(V), BORABANDA(M),MEDCH AL MALKAJGIRI(D)"
4685.0,"SURISIGAL LAKE, ICRISAT, RAMACHANDRAPURAM (V&M), SANGAREDDY DISTRICT",LAKE,TELANGANA,21,26,5.5,6.6,7.2,8.1,832,1138,2.2,3.2,3.12,15.14,6,15,100,210,2022,"SURISIGAL LAKE, ICRISAT, RAMACHANDRAPURAM (V&M), SANGAREDDY DISTRICT"
4667.0,"SURRAM CHERUVU (PALLE CHERUVU), BANDLAGUDA (V), BANDLAGUDA (NEW MANDAL)",LAKE,TELANGANA,22,30,0.3,1.2,7.1,8.2,1178,2330,1.8,12.0,3.20,17.22,13,49,430,540,2022,"SURRAM CHERUVU (PALLE CHERUVU), BANDLAGUDA (V), BANDLAGUDA (NEW MANDAL)"
5124.0,"TCS ENERGY PARK LAKE,GACHIBOWLI(V), SERILINGAMPALLY (M), RANGAREDDY (D)",LAKE,TELANGANA,24,28,3.6,5.4,7.5,8.4,505,686,1.2,2.2,2.60,4.62,8,33,280,540,2022,"TCS ENERGY PARK LAKE,GACHIBOWLI(V), SERILINGAMPALLY (M), RANGAREDDY (D)"
1215.0,"THUMMALA CHERUVU, NASAMPET (V&M), WARANGAL",LAKE,TELANGANA,23,28,4.8,6.3,7.1,8.5,130,506,1.0,2.1,0.32,4.02,2,8,21,170,2022,"THUMMALA CHERUVU, NASAMPET (V&M), WARANGAL"
5037.0,"TIRUMALAGIRI TANK, TIRUMALAGIRI(V & M), HYDERABAD (D)",LAKE,TELANGANA,26,26,0.3,0.3,7.4,7.4,1357,1357,12.0,12.0,3.87,3.87,13,13,430,430,2022,"TIRUMALAGIRI TANK, TIRUMALAGIRI(V & M), HYDERABAD (D)"
4234.0,"UMDA SAGAR LAKE,JALPALLY(V), SAROORNAGAR(M), SHAMSHABAD?",LAKE,TELANGANA,25,35,0.3,4.8,7.0,7.9,884,1218,1.6,8.0,3.08,8.22,11,43,350,540,2022,"UMDA SAGAR LAKE,JALPALLY(V), SAROORNAGAR(M), SHAMSHABAD?"
5050.0,"VENNA CHERUVU, JEEDIMETLA(V), QUTHBULLAPUR(M), MEDCHAL MALKAJGIRI(D)",LAKE,TELANGANA,25,30,0.3,3.7,7.0,7.7,977,1738,3.2,22.0,3.00,12.02,14,41,350,540,2022,"VENNA CHERUVU, JEEDIMETLA(V), QUTHBULLAPUR(M), MEDCHAL MALKAJGIRI(D)"
5131.0,"YELLAMMA CHERUVU, MANIKONDA (V), RAJENDRA NAGAR (M), RANGAREDDY (D)",LAKE,TELANGANA,25,34,0.3,2.3,7.1,7.9,932,1622,1.0,10.0,2.80,10.15,12,41,430,540,2022,"YELLAMMA CHERUVU, MANIKONDA (V), RAJENDRA NAGAR (M), RANGAREDDY (D)"
5042.0,"YELLAMMA CHERUVU,KUKATPALLY(V &M), MEDCHAL MALKAJGIRI(D)",LAKE,TELANGANA,25,28,0.3,2.0,7.0,7.6,988,1609,4.0,18.0,3.20,15.07,17,43,350,540,2022,"YELLAMMA CHERUVU,KUKATPALLY(V &M), MEDCHAL MALKAJGIRI(D)"
5031.0,"YERRA KUNTA, SHAIKPET(V&M), HYDERABAD (D)",LAKE,TELANGANA,22,24,0.3,2.1,7.6,8.0,550,625,3.0,18.0,0.86,2.02,12,14,280,350,2022,"YERRA KUNTA, SHAIKPET(V&M), HYDERABAD (D)"
3076.0,"AMBER CHERUVU, KUKATPALLY (V & M), MEDCHAL- MALKAJIGIRI",POND,TELANGANA,25,30,0.3,3.2,7.0,7.9,708,1700,2.6,20.0,2.56,5.20,5,46,430,540,2022,"AMBER CHERUVU, KUKATPALLY (V & M), MEDCHAL- MALKAJIGIRI"
2347.0,"ASANI KUNTA,BOLLARAM(V),JIN NARAM(M), SANGAREDDY(D)",POND,TELANGANA,18,26,0.3,0.3,5.4,7.6,2406,8680,36.0,240.0,12.24,71.26,9,17,142,540,2022,"ASANI KUNTA,BOLLARAM(V),JIN NARAM(M), SANGAREDDY(D)"
4700.0,"BATHUKAMMA KUNTA, B.N. REDDY NAGAR,HAYATHNAGAR( M), RANGAREDDY(D)",POND,TELANGANA,26,26,0.3,0.3,7.2,7.2,1396,1396,18.0,18.0,7.80,7.80,38,38,540,540,2022,"BATHUKAMMA KUNTA, B.N. REDDY NAGAR,HAYATHNAGAR( M), RANGAREDDY(D)"
2346.0,"BHADRAKALI CHERUVU, NEAR BHADRAKALI TEMPLE, HANUMAKONDA",POND,TELANGANA,25,28,4.0,6.0,7.7,8.7,478,1133,1.2,4.2,0.32,2.80,2,25,43,220,2022,"BHADRAKALI CHERUVU, NEAR BHADRAKALI TEMPLE, HANUMAKONDA"
4694.0,"CHILUKALA KUNTA, HCU,GACHIBOWLI(V), SERILINGAMPALLY(M), RANGAREDDY(D)",POND,TELANGANA,28,28,0.3,0.3,7.6,7.6,1024,1024,,,7.20,7.20,33,33,-,-,2022,"CHILUKALA KUNTA, HCU,GACHIBOWLI(V), SERILINGAMPALLY(M), RANGAREDDY(D)"
2357.0,"DURGAM CHERUVU , RAIDURG (V), SERILINGAMPALLY (M), RANGAREDDY (D)",POND,TELANGANA,24,31,1.2,4.8,6.8,8.1,684,955,2.0,12.0,2.00,6.82,4,39,350,430,2022,"DURGAM CHERUVU , RAIDURG (V), SERILINGAMPALLY (M), RANGAREDDY (D)"
5129.0,"ERRA KUNTA, LAXMIGUDA (V), RAJENDRANAGAR (M), RANGAREDDY (D)",POND,TELANGANA,24,35,0.3,3.2,7.2,8.2,1444,2169,8.0,21.0,4.08,14.15,15,49,430,920,2022,"ERRA KUNTA, LAXMIGUDA (V), RAJENDRANAGAR (M), RANGAREDDY (D)"
5119.0,"KAIDAMMA KUNTA, HAFEEZPET (V), SERILINGAMPALLY (M), RANGAREDDY (D)",POND,TELANGANA,20,30,0.3,1.5,6.7,8.1,982,1742,6.0,34.0,3.90,9.93,11,38,430,540,2022,"KAIDAMMA KUNTA, HAFEEZPET (V), SERILINGAMPALLY (M), RANGAREDDY (D)"
3077.0,"KAPRA CHERUVU, KAPRA (V), KEESARA (M)",POND,TELANGANA,24,30,0.3,4.3,7.2,8.0,797,1484,1.6,20.0,1.82,4.00,6,40,350,540,2022,"KAPRA CHERUVU, KAPRA (V), KEESARA (M)"
4222.0,"KONDAGATTU TEMPLE- KONERU, JAGITIYAL",POND,TELANGANA,25,25,2.6,2.6,8.3,8.3,460,460,2.3,2.3,1.06,1.06,2,2,39,39,2022,"KONDAGATTU TEMPLE- KONERU, JAGITIYAL"
5118.0,"KOTHA KUNTA, HAFEEZPET (V), SHAIKPET (M), RANGAREDDY (D)",POND,TELANGANA,24,28,0.3,4.5,6.9,8.3,693,1875,1.0,12.0,3.20,23.04,11,33,430,540,2022,"KOTHA KUNTA, HAFEEZPET (V), SHAIKPET (M), RANGAREDDY (D)"
5127.0,"KUMMARI KUNTA, ANMAGAL (V), HAYATHNAGAR (M), RANGAREDDY (D)",POND,TELANGANA,25,32,0.3,3.5,6.8,8.1,437,2312,3.0,22.0,3.20,5.80,4,43,280,540,2022,"KUMMARI KUNTA, ANMAGAL (V), HAYATHNAGAR (M), RANGAREDDY (D)"
4675.0,"LOTUS POND, HAKIMPET (V), SHAIK PET (M), HYDERABAD (D)",POND,TELANGANA,22,28,2.2,5.2,7.3,8.4,653,758,1.1,9.0,1.20,7.60,8,34,280,540,2022,"LOTUS POND, HAKIMPET (V), SHAIK PET (M), HYDERABAD (D)"
5122.0,"MALLAI KUNTA , CHANDANAGAR , SERILINGAMPALLY , RR",POND,TELANGANA,24,35,0.3,0.3,7.0,7.4,2582,2803,8.0,10.0,8.90,10.40,21,33,540,540,2022,"MALLAI KUNTA , CHANDANAGAR , SERILINGAMPALLY , RR"
5125.0,"MONDIKUNTA, KHANAMET (V), SERILINGAMPALLY (M), RANGAREDDY (D)",POND,TELANGANA,24,32,0.3,3.2,6.7,7.9,1200,1501,2.8,24.0,2.60,6.80,14,40,430,540,2022,"MONDIKUNTA, KHANAMET (V), SERILINGAMPALLY (M), RANGAREDDY (D)"
5111.0,"NAGIRADDY KUNTA(YAPRAL CHERUVU), ALWAL (V&M), MEDCHAL- MALKAJGIRI(D)",POND,TELANGANA,25,28,0.3,3.8,7.2,8.6,1277,2192,2.8,32.0,4.36,14.60,14,47,430,920,2022,"NAGIRADDY KUNTA(YAPRAL CHERUVU), ALWAL (V&M), MEDCHAL- MALKAJGIRI(D)"
2344.0,"NALLA CHERUVU, UPPAL (V & M), MEDCHAL DISTRICT",POND,TELANGANA,24,31,0.3,1.2,7.1,8.0,988,2252,4.0,28.0,3.20,8.80,10,70,350,540,2022,"NALLA CHERUVU, UPPAL (V & M), MEDCHAL DISTRICT"
5130.0,"PATHI KUNTA, BUDVEL (V), RAJENDRANAGAR (M), RANGAREDDY (D)",POND,TELANGANA,24,35,0.3,4.2,6.5,8.3,419,3330,1.2,11.0,2.20,18.02,12,47,280,920,2022,"PATHI KUNTA, BUDVEL (V), RAJENDRANAGAR (M), RANGAREDDY (D)"
2359.0,"PEDDA CHERUVU, NACHARAM (V), UPPAL (M), MEDCHAL DISTRICT",POND,TELANGANA,26,32,0.3,3.4,7.3,8.1,1063,1618,3.0,28.0,3.24,10.20,8,46,350,540,2022,"PEDDA CHERUVU, NACHARAM (V), UPPAL (M), MEDCHAL DISTRICT"
3078.0,"PRAGATHINAGAR CHERUVU,PRAGATHINAG AR(V), KUKATPALLY, MEDCHAL- MALKAJIGIRI(D)",POND,TELANGANA,25,30,0.3,4.8,7.1,7.7,707,1784,3.0,37.0,1.20,4.80,12,48,350,540,2022,"PRAGATHINAGAR CHERUVU,PRAGATHINAG AR(V), KUKATPALLY, MEDCHAL- MALKAJIGIRI(D)"
5115.0,"RAJMAHAMAD KUNTA- MASKA KUNTA, IZZATHNAGAR (V), SERILINGAMPALLY (M), RANGAREDDY (D).",POND,TELANGANA,24,29,0.3,2.2,7.0,7.8,888,1731,4.0,24.0,3.20,8.98,14,47,430,540,2022,"RAJMAHAMAD KUNTA- MASKA KUNTA, IZZATHNAGAR (V), SERILINGAMPALLY (M), RANGAREDDY (D)."
3075.0,"RANGADHAMINI KUNTA, KUKATPALLY(V&M),",POND,TELANGANA,25,29,0.3,2.6,7.0,8.3,591,1438,2.0,14.0,1.10,4.92,6,120,350,540,2022,"RANGADHAMINI KUNTA, KUKATPALLY(V&M),"
,MEDCHAL - MALKAJGIRI (D),,,,,,,,,,,,,,,,,,,2022,MEDCHAL - MALKAJGIRI (D)
4231.0,"RAYAM CHERUVU, BONTHAPALLY (V), GUMMADIDALA (M), SANGAREDDY DISTRICT",POND,TELANGANA,20,32,5.0,5.9,7.0,8.3,1175,1708,3.2,6.0,6.17,15.25,4,11,31,70,2022,"RAYAM CHERUVU, BONTHAPALLY (V), GUMMADIDALA (M), SANGAREDDY DISTRICT"
2345.0,"SAI CHERUVU, DESHAIPET(V), WARANGAL (M&D)",POND,TELANGANA,25,29,0.3,4.2,7.5,8.3,1724,9780,2.2,45.0,2.80,8.60,2,14,94,430,2022,"SAI CHERUVU, DESHAIPET(V), WARANGAL (M&D)"
5114.0,"SHANTHISARAVOR POND, GACHIBOWLI (V), SERLINGAMPALLY (M), RANGAREDDY (D)",POND,TELANGANA,25,29,3.2,5.8,7.3,8.1,281,710,1.0,2.0,0.92,2.92,2,33,350,430,2022,"SHANTHISARAVOR POND, GACHIBOWLI (V), SERLINGAMPALLY (M), RANGAREDDY (D)"
4689.0,"SUNNAM KUNTA, JUBILLE HILLS, HYDERABAD",POND,TELANGANA,22,27,2.0,5.4,6.9,8.3,316,985,1.2,14.0,0.66,13.22,8,41,220,540,2022,"SUNNAM KUNTA, JUBILLE HILLS, HYDERABAD"
5120.0,"THAMMIDI KUNTA, KHANAPET (V), SERLINGAMPALLY (M), RANGAREDDY (D)",POND,TELANGANA,24,30,0.3,2.2,6.7,8.1,928,1393,4.0,12.0,2.70,9.13,4,48,350,540,2022,"THAMMIDI KUNTA, KHANAPET (V), SERLINGAMPALLY (M), RANGAREDDY (D)"
4223.0,"VEMULAWADA TEMPLE - KONERU, VEMULAWADA (V & M) KARIMNAGAR",POND,TELANGANA,26,26,3.5,3.5,7.9,7.9,605,605,3.0,3.0,2.20,2.20,48,48,108,108,2022,"VEMULAWADA TEMPLE - KONERU, VEMULAWADA (V & M) KARIMNAGAR"
4238.0,"AMEENPUR CHERUVU, AMEENPUR (V & M), SANGAREDDY DISTRICT",TANK,TELANGANA,23,25,5.0,5.8,7.0,8.5,1080,1634,3.5,7.6,8.16,30.20,5,15,56,84,2022,"AMEENPUR CHERUVU, AMEENPUR (V & M), SANGAREDDY DISTRICT"
4703.0,"BULBUL KUNTA, LAXMIGUDA, RAJENDRANAGAR (M), RANGAREDDY DISTRICT",TANK,TELANGANA,25,33,0.3,1.1,7.1,8.3,1191,2164,5.6,16.0,3.10,8.60,17,48,350,920,2022,"BULBUL KUNTA, LAXMIGUDA, RAJENDRANAGAR (M), RANGAREDDY DISTRICT"
3085.0,"CHINNA WADEPALLI CHERUVU, ENUMAMULA(V), WARANGAL(M&D)",TANK,TELANGANA,25,29,0.3,3.6,7.1,8.3,867,1440,1.8,28.0,1.20,4.20,11,47,210,540,2022,"CHINNA WADEPALLI CHERUVU, ENUMAMULA(V), WARANGAL(M&D)"
4241.0,"CHITKUL TANK,CHITKUL (V), PATANCHERU (M), SANGAREDDY DISTRICT",TANK,TELANGANA,24,26,5.5,6.5,6.9,8.4,1395,2177,2.8,5.0,8.18,23.20,6,9,58,110,2022,"CHITKUL TANK,CHITKUL (V), PATANCHERU (M), SANGAREDDY DISTRICT"
1447.0,"DHARMASAGAR TANK, DHARMASAGAR(V&M), HANUMAKONDA DISTRICT",TANK,TELANGANA,24,29,5.4,6.5,7.6,8.6,294,528,1.0,1.8,0.46,2.20,2,6,31,120,2022,"DHARMASAGAR TANK, DHARMASAGAR(V&M), HANUMAKONDA DISTRICT"
4244.0,"ERDHANOOR TANK, ERDHANOOR (V), PATANCHERU (M), SANGAREDDY DISTRICT",TANK,TELANGANA,24,25,5.3,6.5,6.9,8.5,587,2263,2.4,3.5,6.08,13.14,4,14,40,79,2022,"ERDHANOOR TANK, ERDHANOOR (V), PATANCHERU (M), SANGAREDDY DISTRICT"
4233.0,"GADDAPOTHARAM CHERUVU, GADDAPOTHARAM (V), JINNARAM (M), SANGAREDDY DISTRICT",TANK,TELANGANA,22,33,4.2,5.9,6.9,7.6,2396,5204,7.6,19.0,12.25,54.25,5,14,62,150,2022,"GADDAPOTHARAM CHERUVU, GADDAPOTHARAM (V), JINNARAM (M), SANGAREDDY DISTRICT"
1780.0,"GANDIGUDEM TANK, GANDIGUDEM(V),AMEEN PUR(M), SANGAREDDY(D)",TANK,TELANGANA,18,26,5.2,6.3,6.7,7.6,1405,2280,3.4,9.5,8.20,28.21,5,8,80,130,2022,"GANDIGUDEM TANK, GANDIGUDEM(V),AMEEN PUR(M), SANGAREDDY(D)"
4243.0,"ISNAPUR TANK,PASHAMYLARAM(V ), PATANCHERU (M), SANGAREDDY DISTRICT",TANK,TELANGANA,23,25,4.2,6.1,6.4,7.9,1965,6260,6.6,12.0,10.21,62.22,8,17,79,150,2022,"ISNAPUR TANK,PASHAMYLARAM(V ), PATANCHERU (M), SANGAREDDY DISTRICT"
2348.0,"KHAZIPALLY TANK,KHAZIPALLY(V), JINNARAM(M), SANGAREDDY(D) SANGAREDDY",TANK,TELANGANA,19,25,5.2,5.6,7.0,7.5,1040,4960,2.0,10.0,0.50,46.10,2,7,10,84,2022,"KHAZIPALLY TANK,KHAZIPALLY(V), JINNARAM(M), SANGAREDDY(D) SANGAREDDY"
4230.0,"KISTAIPALLY CHERUVU, KISTAIPALLY (V), JINNARAM(M), SANGAREDDY DISTRICT",TANK,TELANGANA,20,33,4.2,6.3,7.1,7.8,2453,5700,4.0,11.0,7.20,32.24,5,8,70,120,2022,"KISTAIPALLY CHERUVU, KISTAIPALLY (V), JINNARAM(M), SANGAREDDY DISTRICT"
1783.0,"KISTAREDDYPET TANK, KISTAREDDYPET(V),AMEE NPUR(M),SANGAREDDY( D)",TANK,TELANGANA,18,26,4.8,6.3,6.7,7.5,1388,3230,3.0,7.0,8.14,32.18,6,12,30,58,2022,"KISTAREDDYPET TANK, KISTAREDDYPET(V),AMEE NPUR(M),SANGAREDDY( D)"
4242.0,"LAKADARAM CHERUVU, LAKDARAM (V), PATANCHERU",TANK,TELANGANA,24,26,5.0,6.9,7.3,8.4,1114,2199,3.0,6.0,6.27,20.24,8,12,32,94,2022,"LAKADARAM CHERUVU, LAKDARAM (V), PATANCHERU"
,"(M),SANGAREDDY DISTRICT.",,,,,,,,,,,,,,,,,,,2022,"(M),SANGAREDDY DISTRICT."
3071.0,"LANGARHOUSE TANK, GOLCONDA (V&M) ,HYDERABAD (D)",TANK,TELANGANA,25,30,0.3,1.0,7.2,8.0,827,1526,5.0,15.0,2.40,13.90,11,120,350,540,2022,"LANGARHOUSE TANK, GOLCONDA (V&M) ,HYDERABAD (D)"
1788.0,"LARGE TANK, SAROORNAGAR (V & M), RANGAREDDY DISTRICT",TANK,TELANGANA,25,35,0.3,3.1,7.0,7.9,1089,1596,2.6,19.0,2.86,9.27,7,41,350,540,2022,"LARGE TANK, SAROORNAGAR (V & M), RANGAREDDY DISTRICT"
4239.0,"MAHABOOBSAGAR TANK, SANGAREDDY(V&M), SANGAREDDY DISTRICT",TANK,TELANGANA,23,24,5.1,6.5,7.2,7.9,697,1391,2.4,4.5,5.14,29.16,4,10,70,140,2022,"MAHABOOBSAGAR TANK, SANGAREDDY(V&M), SANGAREDDY DISTRICT"
2358.0,"MALLAPUR TANK , MEDCHAL MALKAJGIRI",TANK,TELANGANA,25,28,0.3,0.3,7.1,8.0,2266,4500,6.0,14.0,5.20,16.60,14,110,540,920,2022,"MALLAPUR TANK , MEDCHAL MALKAJGIRI"
4245.0,"MALLEPALLY TANK, MALLEPALLY (V), KONDAPUR (M), SANGAREDDY DISTRICT",TANK,TELANGANA,24,24,5.6,6.8,7.3,8.5,1102,1555,2.1,5.0,4.03,12.20,2,13,20,58,2022,"MALLEPALLY TANK, MALLEPALLY (V), KONDAPUR (M), SANGAREDDY DISTRICT"
4247.0,"MUCHARLA NAGARAM CHERUVU, NAGARAM (V), HASANPARTHY (M), HANUMAKONDA , WARANGAL",TANK,TELANGANA,24,28,3.2,5.8,7.6,8.6,503,1651,1.2,5.0,1.20,9.72,4,39,63,540,2022,"MUCHARLA NAGARAM CHERUVU, NAGARAM (V), HASANPARTHY (M), HANUMAKONDA , WARANGAL"
4237.0,"MUNDLA KATWA,MOOSAPET(V), KUKATPALLY (M),MEDCHAL - MALKAJGIRI (D)",TANK,TELANGANA,25,30,0.3,1.8,7.1,8.2,971,1618,2.0,12.0,1.80,8.47,14,58,350,540,2022,"MUNDLA KATWA,MOOSAPET(V), KUKATPALLY (M),MEDCHAL - MALKAJGIRI (D)"
4240.0,"MUTHANGI TANK (V), PATANCHERU (M),SANGAREDDY DISTRICT",TANK,TELANGANA,24,26,5.5,6.3,7.1,8.4,823,2296,2.2,5.0,7.09,22.12,5,8,35,63,2022,"MUTHANGI TANK (V), PATANCHERU (M),SANGAREDDY DISTRICT"
1464.0,"PEDDA CHERUVU, BIBINAGAR (V&M),YADADRI BHUVANAGIRI (D)",TANK,TELANGANA,17,20,5.0,6.8,7.3,8.3,1016,1280,2.7,4.8,7.12,22.16,4,10,38,70,2022,"PEDDA CHERUVU, BIBINAGAR (V&M),YADADRI BHUVANAGIRI (D)"
4228.0,"PEDDA CHERUVU/IBRAHIM CHERUVU, IBRAHIMBAGH, RAJENDRANAGAR(M), RANGAREDDY DISTRICT",TANK,TELANGANA,25,34,0.3,5.2,7.1,8.5,899,2746,2.8,93.0,3.28,8.60,8,46,350,540,2022,"PEDDA CHERUVU/IBRAHIM CHERUVU, IBRAHIMBAGH, RAJENDRANAGAR(M), RANGAREDDY DISTRICT"
4704.0,"PEDDACHERUVU, MANSOORABAD (V), SAROORNAGAR(M), RANGAREDDY (D)",TANK,TELANGANA,24,35,0.3,3.8,7.0,7.5,506,1110,1.6,24.0,1.80,6.59,11,43,220,540,2022,"PEDDACHERUVU, MANSOORABAD (V), SAROORNAGAR(M), RANGAREDDY (D)"
2343.0,"PREMAJIPET TANK , SHAMSHABAD",TANK,TELANGANA,25,30,0.3,3.8,7.2,8.5,378,2960,2.6,18.0,2.80,11.12,2,33,350,1600,2022,"PREMAJIPET TANK , SHAMSHABAD"
4302.0,"RUDRARAM TANK, RUDRARAM (V), PATANCHERU (M), SANGAREDDY DISTRICT",TANK,TELANGANA,23,26,4.9,6.0,7.0,8.4,1699,3460,5.0,8.0,10.17,20.15,7,9,42,70,2022,"RUDRARAM TANK, RUDRARAM (V), PATANCHERU (M), SANGAREDDY DISTRICT"
3086.0,"SAKI TANK, PATANCHERU (V & M), SANGAREDDY DISTRICT",TANK,TELANGANA,17,23,5.7,6.9,7.2,7.9,723,1256,2.7,4.4,4.08,11.10,6,17,38,58,2022,"SAKI TANK, PATANCHERU (V & M), SANGAREDDY DISTRICT"
3069.0,"SHAMEERPET TANK, SHAMEERPET(V&M), MEDCHAL- MALKAJIGIRI(D)",TANK,TELANGANA,24,29,4.9,6.1,7.5,8.3,583,844,1.1,11.0,0.32,6.02,2,2,22,280,2022,"SHAMEERPET TANK, SHAMEERPET(V&M), MEDCHAL- MALKAJIGIRI(D)"
3084.0,"WADEPALLI CHERUVU, WADEPALLY (V), HANAMKONDA (M&D)",TANK,TELANGANA,24,29,4.0,6.2,7.7,8.4,478,566,1.0,3.0,0.36,3.82,2,17,39,220,2022,"WADEPALLI CHERUVU, WADEPALLY (V), HANAMKONDA (M&D)"
3391.0,"DHAMBUR LAKE, DHALAI",LAKE,TRIPURA,19,31,5.5,6.8,7.2,7.9,131,184,1.1,1.8,0.70,1.60,27,58,110,210,2022,"DHAMBUR LAKE, DHALAI"
4193.0,"DIMASAGAR LAKE, NORTH GATE",LAKE,TRIPURA,19,31,5.2,6.2,6.9,7.3,139,190,1.2,1.8,0.90,12.70,38,63,130,240,2022,"DIMASAGAR LAKE, NORTH GATE"
4192.0,MBB COLLEGE LAKE,LAKE,TRIPURA,19,32,5.3,6.4,7.0,7.6,133,188,1.1,1.8,0.70,1.90,27,58,120,240,2022,MBB COLLEGE LAKE
1727.0,"POND AT LAXMI NARAYAN BARI PALACE COMPOUND, TRIPURA",LAKE,TRIPURA,19,31,5.5,6.8,7.1,7.6,134,199,1.1,1.7,0.90,1.90,26,63,120,240,2022,"POND AT LAXMI NARAYAN BARI PALACE COMPOUND, TRIPURA"
4643.0,RUDRASAGAR EAST LAKE TRIPURA,LAKE,TRIPURA,19,31,5.2,6.2,7.0,7.9,140,199,1.2,1.9,0.80,1.70,32,63,120,280,2022,RUDRASAGAR EAST LAKE TRIPURA
1728.0,"RUDRASAGAR LAKE, SONUMURA, TRIPURA",LAKE,TRIPURA,19,31,5.4,6.4,7.0,7.4,147,192,1.1,1.9,1.10,1.70,31,63,130,240,2022,"RUDRASAGAR LAKE, SONUMURA, TRIPURA"
4642.0,"RUDRASAGAR NORTH LAKE,TRIPURA",LAKE,TRIPURA,19,31,5.3,6.6,7.0,7.8,141,191,1.2,2.2,1.20,2.40,41,84,150,350,2022,"RUDRASAGAR NORTH LAKE,TRIPURA"
4644.0,RUDRASAGAR WEST LAKE TRIPURA,LAKE,TRIPURA,19,31,5.6,6.4,7.2,7.9,128,189,1.2,2.1,1.10,2.30,41,70,130,280,2022,RUDRASAGAR WEST LAKE TRIPURA
3393.0,"BRAMAKUNDA POND, WEST TRIPURA",POND,TRIPURA,19,32,5.1,6.5,7.2,7.9,140,184,1.2,2.1,0.80,2.00,26,47,110,210,2022,"BRAMAKUNDA POND, WEST TRIPURA"
4197.0,CHATURDASH DEBATA BARI POND,POND,TRIPURA,19,31,5.3,6.9,7.2,7.8,140,189,1.1,1.9,0.70,1.80,17,63,110,280,2022,CHATURDASH DEBATA BARI POND
4195.0,DURGABARI POND,POND,TRIPURA,19,31,5.5,6.7,7.1,7.8,138,189,1.2,1.9,0.90,2.00,26,63,120,240,2022,DURGABARI POND
3396.0,"JAGANNATH DIGHI, GOMATI TRIPURA",POND,TRIPURA,19,30,5.3,6.4,7.1,7.7,141,223,1.2,2.1,0.90,2.30,26,48,110,220,2022,"JAGANNATH DIGHI, GOMATI TRIPURA"
3394.0,"KALYANSAGAR AT MATARBARI, GOMATI TRIPURA",POND,TRIPURA,19,32,5.5,6.5,7.2,7.8,139,193,1.3,2.3,1.00,2.50,33,63,150,280,2022,"KALYANSAGAR AT MATARBARI, GOMATI TRIPURA"
4221.0,KATAL DIGHI POND,POND,TRIPURA,19,32,5.4,6.7,7.1,7.8,139,191,1.1,2.2,0.70,2.40,25,58,110,240,2022,KATAL DIGHI POND
4194.0,LALBAHADUR DIGHI POND,POND,TRIPURA,19,32,5.1,6.2,7.0,7.8,132,189,1.1,1.8,0.80,2.10,26,63,120,240,2022,LALBAHADUR DIGHI POND
3395.0,"MAHADEB DIGHI, GOMATI TRIPURA",POND,TRIPURA,19,30,5.5,6.6,7.1,7.6,130,179,1.2,1.9,0.90,2.00,31,63,110,240,2022,"MAHADEB DIGHI, GOMATI TRIPURA"
4196.0,RADHANAGAR POND,POND,TRIPURA,20,32,3.1,5.2,6.5,8.9,158,212,3.1,5.6,1.80,3.50,48,84,220,350,2022,RADHANAGAR POND
3392.0,"SHIPAHIJALA POND, WEST TRIPURA",POND,TRIPURA,19,31,5.2,6.4,7.0,7.6,127,233,1.1,2.2,0.70,2.30,21,58,94,240,2022,"SHIPAHIJALA POND, WEST TRIPURA"
1364.0,"RAMGARH LAKE, GORAKHPUR U.P.",LAKE,UTTAR PRADESH,16,26,7.6,8.3,7.7,8.3,292,4700,4.5,5.5,,,1800,44000,30000,66000,2022,"RAMGARH LAKE, GORAKHPUR U.P."
2499.0,"SAMASPUR JHEEL, RAEBARELI",LAKE,UTTAR PRADESH,22,27,5.6,7.5,8.0,8.1,311,511,4.0,5.2,0.84,0.92,3200,4300,5400,7900,2022,"SAMASPUR JHEEL, RAEBARELI"
2501.0,"LAXMI POND, JHANSI",POND,UTTAR PRADESH,13,32,3.0,5.6,7.4,7.9,620,650,7.0,18.0,-,-,-,-,-,-,2022,"LAXMI POND, JHANSI"
2500.0,"MAAHIL POND, URAI TEHSIL, JALAUN",POND,UTTAR PRADESH,13,31,0.9,5.1,7.0,7.7,860,1290,4.5,18.0,-,-,-,-,-,-,2022,"MAAHIL POND, URAI TEHSIL, JALAUN"
3437.0,"BHEEMTAL LAKE,DISTRICT-NAINITAL",LAKE,UTTARAKHA ND,9,20,8.4,9.6,7.3,8.1,170,240,1.2,1.8,0.32,0.40,63,120,110,220,2022,"BHEEMTAL LAKE,DISTRICT-NAINITAL"
1362.0,NAINI LAKE AT NAINITAL (WATER INTAKE POINT),LAKE,UTTARAKHA ND,7,18,8.8,9.8,7.2,8.2,310,460,1.0,2.2,0.32,0.40,94,130,150,280,2022,NAINI LAKE AT NAINITAL (WATER INTAKE POINT)
2539.0,"BELBONI LAKE NEAR BARJORA, BANKURA",LAKE,WEST BENGAL,18,33,7.7,8.6,7.1,7.8,136,185,1.2,1.7,0.30,0.63,1100,2600,1400,3300,2022,"BELBONI LAKE NEAR BARJORA, BANKURA"
2505.0,"HANUMAN GHAT ON DUDHPUKUR AT TARAKESHWAR, HOOGHLY",LAKE,WEST BENGAL,21,34,3.0,14.0,8.0,8.7,499,710,3.0,14.8,0.30,0.93,1300,28000,3300,92000,2022,"HANUMAN GHAT ON DUDHPUKUR AT TARAKESHWAR, HOOGHLY"
2503.0,"HATISHALA GHAT ON DUDHPUKUR AT TARAKESHWAR, HOOGHLY",LAKE,WEST BENGAL,21,33,3.3,15.0,7.8,8.9,492,734,2.6,44.0,0.30,1.50,1200,130000,3300,240000,2022,"HATISHALA GHAT ON DUDHPUKUR AT TARAKESHWAR, HOOGHLY"
4729.0,JOREPOKHARI LAKE AT SUKHIAPOKHARI,LAKE,WEST BENGAL,4,18,6.6,8.8,6.8,7.9,24,91,1.0,1.8,0.30,0.30,2,1400,2,3300,2022,JOREPOKHARI LAKE AT SUKHIAPOKHARI
2519.0,"KOCHBIHAR LAKE (SAGAR DIGHI), COOCHBEHAR",LAKE,WEST BENGAL,16,29,6.6,8.9,6.9,8.1,32,61,1.2,2.8,0.30,1.51,1400,13000,5000,30000,2022,"KOCHBIHAR LAKE (SAGAR DIGHI), COOCHBEHAR"
4720.0,LAKE RASIKBHEEL AT COOCHBEHAR,LAKE,WEST BENGAL,18,32,5.8,8.2,6.7,7.4,36,140,1.0,2.8,0.30,4.52,800,7000,2600,50000,2022,LAKE RASIKBHEEL AT COOCHBEHAR
2504.0,"MAINH GHAT ON DUDHPUKUR AT TARAKESHWAR, HOOGHLY",LAKE,WEST BENGAL,21,33,3.7,14.0,7.4,8.9,503,734,3.4,15.3,0.30,0.60,1300,170000,2100,350000,2022,"MAINH GHAT ON DUDHPUKUR AT TARAKESHWAR, HOOGHLY"
2520.0,"MIRIKH LAKE, DARJEELING",LAKE,WEST BENGAL,7,23,6.0,7.5,6.5,7.9,64,160,1.8,4.7,0.30,5.56,1300,7000,1700,17000,2022,"MIRIKH LAKE, DARJEELING"
1765.0,"RABINDRASAROVAR NATIONAL LAKE, CALCUTTA, WEST BENGAL",LAKE,WEST BENGAL,21,33,6.9,9.0,7.2,8.3,281,334,2.7,4.3,0.30,0.98,330,790,1100,2300,2022,"RABINDRASAROVAR NATIONAL LAKE, CALCUTTA, WEST BENGAL"
2544.0,SAHEBBANDH AT PURULIA,LAKE,WEST BENGAL,20,36,9.0,10.2,7.0,7.8,240,326,2.8,4.3,0.30,1.06,1100,4700,2100,11000,2022,SAHEBBANDH AT PURULIA
2522.0,SINCHAL LAKE FOR DARJEELING,LAKE,WEST BENGAL,2,18,7.2,8.8,6.9,7.9,13,50,1.0,1.8,0.30,1.13,2,230,40,1600,2022,SINCHAL LAKE FOR DARJEELING
5163.0,"SUBHAS SAROBAR, BELAGHATA, KOLKATA",LAKE,WEST BENGAL,22,32,6.7,8.0,7.2,8.3,349,426,3.0,4.5,0.30,1.36,700,2300,1300,3500,2022,"SUBHAS SAROBAR, BELAGHATA, KOLKATA"
2521.0,"WATER RESERVIOR AT DELO LAKE, DARJELLING",LAKE,WEST BENGAL,8,26,7.0,8.5,7.0,7.7,16,38,1.0,1.2,0.30,1.17,70,3300,140,11000,2022,"WATER RESERVIOR AT DELO LAKE, DARJELLING"
4725.0,WATER RESERVIOR ST. HELENS SCHOOL,LAKE,WEST BENGAL,4,23,6.3,8.2,6.3,8.2,18,95,1.0,2.6,0.30,1.19,60,5000,110,11000,2022,WATER RESERVIOR ST. HELENS SCHOOL
